letter,question,answer
أ,عاصمة اليونان ومهد الحضارة الإغريقية القديمة والفلسفة والألعاب الأولمبية؟,أثينا
أ,دولة عربية عريقة في بلاد الشام عاصمتها عمان وتشتهر بمدينة البتراء؟,أردن
أ,مخترع المصباح الكهربائي الذي أضاء العالم هو توماس...؟,إديسون
أ,أول الخلفاء الراشدين وصاحب النبي في الهجرة هو ... بكر الصديق؟,أبو بكر
أ,دولة إسلامية في قارة آسيا عاصمتها كابول وتتميز بتضاريسها الجبلية؟,أفغانستان
أ,مدينة إماراتية هي العاصمة السياسية لدولة الإمارات العربية المتحدة؟,أبوظبي
أ,قارة شاسعة تقع فيها دول مثل كينيا ونيجيريا وجنوب أفريقيا؟,أفريقيا
أ,الحضارة الإسلامية العريقة التي قامت في شبه جزيرة أيبيريا (إسبانيا حالياً)؟,أندلس
أ,فيلسوف يوناني شهير كان تلميذاً لأفلاطون ومعلماً للإسكندر الأكبر؟,أرسطو
أ,لون يرمز للسلام والصفاء والنقاء ويرفع كراية عند الاستسلام؟,أبيض
أ,لون من الألوان الأساسية يرمز للحرارة والنشاط وهو لون دم الكائنات الحية؟,أحمر
أ,شهر ميلادي يأتي في فصل الربيع ويطلق عليه شعبياً شهر الكذب والمقالب؟,أبريل
أ,معدن ثمين يعتبر أصلب المواد الطبيعية ويستخدم بكثرة في المجوهرات الفاخرة؟,ألماس
أ,حيوان ثديي طويل الأذنين يقفز بسرعة ويضرب به المثل في الجبن والسرعة؟,أرنب
أ,أكبر قارات العالم من حيث المساحة وعدد السكان وتضم الصين والهند؟,آسيا
أ,حيوان أليف وصبور يلقب بـ "سفينة الصحراء" ويتحمل العطش لأيام طوال؟,إبل
أ,مسرح غنائي إيطالي شهير يعتمد على الغناء الكلاسيكي والتمثيل المسرحي؟,أوبرا
أ,فاكهة استوائية لذيذة شكلها يشبه التاج ومغطاة بالقشور الخشنة؟,أناناس
ب,عاصمة لبنان وتلقب بباريس الشرق وتشتهر بالثقافة والفن والتاريخ؟,بيروت
ب,حضارة قديمة قامت في بلاد الرافدين وتشتهر بحدائقها المعلقة وقوانين حمورابي؟,بابل
ب,ملكة سبأ التاريخية التي زارت النبي سليمان عليه السلام وذكرت في القرآن؟,بلقيس
ب,معركة إسلامية شهيرة وفاصلة وقعت في شهر رمضان المبارك وانتصر فيها المسلمون؟,بدر
ب,دولة آسيوية فقيرة عاصمتها دكا وتكثر فيها الفيضانات والأنهار؟,بنغلاديش
ب,دولة أوروبية عاصمتها بروكسل وتشتهر بصناعة الشوكولاتة الفاخرة؟,بلجيكا
ب,مدينة إيطالية تاريخية غرقت واختفت تحت رماد بركان فيزوف المدمر؟,بومبي
ب,غطاء قماشي سميك ومحشو يستخدم للتدفئة أثناء النوم في الليالي الشتوية الباردة؟,بطانية
ب,نبات زراعي ينمو تحت الأرض ويستخدم عالمياً في إعداد الرقائق المقلية؟,بطاطس
ب,عاصمة ألمانيا وأكبر مدنها وكانت مقسومة بجدار شهير سقط عام 1989؟,برلين
ب,مدينة أرجنتينية شهيرة ومزدحمة هي العاصمة السياسية والاقتصادية للبلاد؟,بوينس آيرس
ب,مدينة عراقية عريقة تشتهر بالنخيل ومسقط رأس الأديب الجاحظ وتطل على الخليج؟,بصرة
ب,عاصمة الصين وأحد أكبر مدن العالم وأكثرها ازدحاماً وتطوراً؟,بكين
ب,حيوان ثديي لطيف يأكل الخيزران ويعيش في غابات الصين ويعتبر رمزاً وطنيا لها؟,باندا
ب,ما يزرع ويدفن في التربة لينبت ويخرج منه النبات والشجر وتسمى تقاوي أو؟,بذور
ب,طائر بحري ضخم يمتلك جراباً كبيراً تحت منقاره لتخزين الأسماك التي يصطادها؟,بجع
ب,مادة طبية ومضاد حيوي اكتشفه ألكسندر فلمنج وغير عالم الطب وأنقذ الملايين؟,بنسلين
ب,مدينة تاريخية أثرية في الأردن منحوتة في الصخر الوردي وتعتبر من عجائب الدنيا؟,بتراء
ت,جزيرة ودولة في شرق آسيا عاصمتها تايبيه وتشتهر بصناعة التكنولوجيا والرقائق؟,تايوان
ت,أكبر مدينة في كندا من حيث عدد السكان وتعتبر المركز المالي والتجاري للبلاد؟,تورونتو
ت,ضريح رخامي أبيض رائع الجمال في الهند بناه الإمبراطور شاه جهان تخليداً لزوجته؟,تاج محل
ت,نبات تزرع أوراقه وتجفف لتصنع منها السجائر وتعتبر مادة ضارة جداً بالصحة؟,تبغ
ت,مهنة إنسانية نبيلة يقوم بها مساعدو الأطباء للعناية بالمرضى ومتابعة حالتهم؟,تمريض
ت,عملية بيع وشراء السلع والخدمات بين الأفراد أو الدول لتحقيق الربح والنمو الاقتصادي؟,تجارة
ت,نقل نص أو كلام من لغة إلى لغة أخرى مع الحفاظ على المعنى والسياق يسمى؟,ترجمة
ت,نظام يستخدم لترتيب الأيام والشهور والسنوات مثل الهجري والميلادي؟,تقويم
ت,الأخوان أو الأختان اللذان يولدان من نفس الأم في نفس الوقت وحمل واحد يسميان؟,توأم
ت,شيء يعلق أو يلبس لاعتقاد بعض الشعوب القديمة والجاهلية أنه يجلب الحظ أو يطرد الشر؟,تميمة
ت,الشعور بالإرهاق والإعياء الشديد بعد بذل مجهود بدني أو ذهني شاق يسمى؟,تعب
ت,عملية حيوية لا إرادية يتم فيها إدخال الأكسجين وإخراج ثاني أكسيد الكربون من الرئتين؟,تنفس
ت,العظمة البارزة في أعلى الصدر والتي تربط بين مفصل الكتف وعظمة القص تسمى؟,ترقوة
ت,فاكهة صيفية صغيرة الحجم تتنوع ألوانها بين الأحمر والأسود وتستخدم في صناعة المربى؟,توت
ت,جهاز طبي وزئبقي يستخدم لقياس درجة حرارة جسم الإنسان أو حرارة الطقس؟,ترمومتر
ت,معدن خفيف وصلب جداً ومقاوم للصدأ يستخدم في صناعة الطائرات والمركبات الفضائية؟,تيتانيوم
ت,لباس نسائي يغطي النصف السفلي من الجسم من الخصر إلى الأسفل بأطوال مختلفة؟,تنورة
ت,رياضة شتوية ممتعة تعتمد على الانزلاق فوق الثلج والجليد باستخدام أحذية خاصة أو ألواح؟,تزلج
ث,يوم من أيام الأسبوع في التقويم العربي يأتي بعد يوم الإثنين ويسبق يوم الأربعاء؟,ثلاثاء
ث,المرحلة الدراسية التي تسبق المرحلة الجامعية مباشرة وتلي المرحلة المتوسطة تسمى؟,ثانوية
ث,إيمان الإنسان القوي بقدراته أو بأمانة وصدق شخص آخر تسمى ... بالنفس أو بالآخرين؟,ثقة
ث,التعبير عن الإعجاب والمدح والشكر لشخص ما على صنيعه وعمله الجيد يسمى مديح أو؟,ثناء
ث,صفة تطلق على الشيء الذي يزن كثيراً ويصعب حمله أو تحريكه بسهولة وعكسه خفيف؟,ثقيل
ث,الشخص الذي يكثر من الكلام والحديث دون فائدة أو انقطاع يسمى في اللغة العربية؟,ثرثار
ث,الشخص الذي يملك أموالاً طائلة وعقارات كثيرة ويعيش في رفاهية ويسمى غنياً أو؟,ثري
ث,الأجر والجزاء الحسن الذي يناله المؤمن من الله عز وجل على أعماله الصالحة يسمى؟,ثواب
ث,الانتقام ورد الأذى بمثله وهو عادة جاهلية وقبلية قديمة نبذها الإسلام وحرمها يسمى؟,ثأر
ث,العضو الموجود في أنثى الإنسان والحيوان والذي يفرز الحليب لرضاعة الصغار يسمى؟,ثدي
ث,أكلة عربية وشعبية قديمة تتكون من الخبز المقطع والمغموس بمرق اللحم والخضار؟,ثريد
ث,المبنى العسكري المخصص لإقامة وسكن الجنود وتدريبهم وحفظ أسلحتهم يسمى ... عسكرية؟,ثكنة

ث,الاستقرار والرسوخ وعدم التغير أو التراجع عند مواجهة الصعاب والمواقف الشديدة يسمى؟,ثبات
ث,العدد الذي يأتي مباشرة بعد الرقم مائتين وتسعة وتسعين في الحساب والرياضيات؟,ثلثمائة


ث,الرقم الذي يمثل ثمانية عشرات في الحساب والرياضيات (80) يقرأ ويكتب باللغة العربية؟,ثمانين
ج,دولة عربية إفريقية صغيرة تقع على مضيق باب المندب بالقرن الإفريقي وعاصمتها تحمل نفس اسمها؟,جيبوتي
ج,جزر سياحية ساحرة تقع في المحيط الهندي وتعتبر وجهة عالمية شهيرة لقضاء شهر العسل؟,جزر المالديف
ج,مدينة سويسرية شهيرة جداً تعتبر مقراً للعديد من المنظمات الدولية ومقر الأمم المتحدة بأوروبا؟,جنيف
ج,دولة عربية تتكون من أرخبيل جزر تقع في المحيط الهندي قبالة سواحل إفريقيا الشرقية؟,جزر القمر
ج,هضبة سورية جبلية ومرتفعة ومحتلة تتمتع بأهمية استراتيجية ومصادر مياه وفيرة؟,جولان
ج,الجزء الأمامي من رأس الإنسان والذي يقع بين الحاجبين ومنبت الشعر يسمى؟,جبهة
ج,الغطاء الجلدي الرقيق الذي يغطي العين ويحميها ويتحرك بشكل لا إرادي عند الرمش؟,جفن
ج,البناء العمودي الصلب الذي يحيط بالغرفة أو المنزل لحمايته وتقسيمه ويسمى حائط أو؟,جدار
ج,بناء هندسي مشيد فوق الأنهار أو الوديان أو الطرق لربط الضفتين وتسهيل العبور يسمى كوبري أو؟,جسر
ج,النار الشديدة والعذاب الأليم الذي أعده الله للكافرين والعصاة في الآخرة يسمى جهنم أو؟,جحيم
ج,المكان المليء بالنعيم والأنهار والثمار الذي أعده الله للمؤمنين المتقين في الآخرة يسمى الفردوس أو؟,جنة


ج,الكيس الصغير المخيط في الملابس أو السراويل لحفظ النقود والمفاتيح والأشياء الصغيرة يسمى؟,جيب
ج,المطبوعة الورقية اليومية أو الأسبوعية التي تنقل الأخبار والمقالات وتسمى صحيفة أو؟,جريدة
ج,القطعة المشتعلة والمتوهجة من الفحم أو الحطب التي تشع حرارة وناراً تسمى؟,جمرة
ج,حالة تصيب الأراضي الزراعية نتيجة انقطاع الأمطار لفترات طويلة وتسبب تشقق التربة تسمى؟,جفاف

ح,الوعاء الكبير أو المساحة المقعرة المخصصة لزراعة النباتات أو تجميع المياه للاستحمام تسمى؟,حوض
ح,العضو المسؤول عن إصدار الصوت في جسم الإنسان ويقع في الرقبة ويحتوي على الحبال الصوتية؟,حنجرة

ح,ابن الابن أو ابن البنت يطلق عليه بالنسبة لجده وجدته في تسلسل العائلة اسم؟,حفيد
ح,أم الزوج أو أم الزوجة يطلق عليها في التقاليد وتسميات القرابة العربية اسم؟,حماة

ح,عاطفة قوية وشعور عميق بالمودة والميل تجاه شخص أو شيء معين وتعتبر أساس العلاقات الطيبة؟,حب
ح,الشعور بالألم النفسي والكآبة والضيق نتيجة فقدان شخص عزيز أو المرور بموقف صعب يسمى كآبة أو؟,حزن
ح,الشعور بالعداوة والكراهية الشديدة والضغينة وتمني زوال النعمة عن الآخرين يسمى؟,حقد
ح,ما يراه النائم في نومه من خيالات وأحداث متسلسلة قد تكون سعيدة أو مزعجة يسمى رؤيا أو؟,حلم
ح,الشيء الثابت والصحيح الذي يطابق الواقع ولا يقبل الشك أو الجدال وعكس الكذب والوهم يسمى؟,حقيقة
ح,القصة أو الرواية التي تروى للتسلية أو أخذ العبرة وتكون غالباً من نسج الخيال والأساطير تسمى؟,حكاية
ح,القول المأثور والبليغ الذي ينتج عن تجربة وخبرة عميقة في الحياة ويتناقله الناس للفائدة يسمى؟,حكمة
ح,أداة مكونة من خيوط أو ألياف مجدولة وقوية جداً ومتينة تستخدم للربط والسحب والتسلق؟,حبل
ح,قطع الخشب الجافة المقطوعة من جذوع وفروع الأشجار والمعدة للإشعال والتدفئة في الشتاء يسمى؟,حطب
ح,الحرفي والمهني الذي يعمل في تسخين وتشكيل وصناعة الأدوات والأبواب من الحديد يسمى؟,حداد
ح,الشخص الذي يمتهن ويحترف قص الشعر وتشذيب اللحية للرجال في الصالونات يسمى؟,حلاق
ح,كائن أسطوري خيالي يصور في القصص على شكل نصف امرأة جميلة ونصف سمكة وتعيش في البحر تسمى؟,حورية
خ,الأثر الذي يتركه القلم على الورق وله أنواع في اللغة العربية كالرقعة والنسخ والديواني والثلث يسمى؟,خط

خ,حرفة وعملية توصيل وربط قطع القماش ببعضها لصنع الملابس والأثواب يدوياً أو بالآلة تسمى؟,خياطة
خ,الشخص الذي يحضر ويعجن الدقيق ويخبزه في الفرن لصنع الخبز والمعجنات الطازجة للناس يسمى؟,خباز
خ,الشخص الذي يعمل في المنازل لتنظيفها وترتيبها والمساعدة في الأعمال اليومية مقابل أجر يسمى؟,خادم
خ,الأشياء المعدنية والآلات القديمة أو التالفة التي يعاد بيعها وصهرها لاستخدامها مجدداً تسمى سكراب أو؟,خردة
خ,الدولاب الخشبي أو المعدني المخصص لترتيب وحفظ الملابس والأغراض أو الأموال والمستندات يسمى؟,خزانة
خ,حفرة عميقة وطويلة تحفر في الأرض حول المدن أو في المعارك لحماية الجنود وعرقلة الأعداء؟,خندق
خ,سلاح أبيض قصير ذو نصل حاد ومقوس يلبس للزينة في بعض الثقافات العربية كالـ ... العماني؟,خنجر
خ,غطاء صلب يلبسه الجنود في الحروب أو عمال البناء أو سائقو الدراجات لحماية الرأس من الإصابات تسمى؟,خوذة
خ,نبات ورقي أخضر ومقرمش يستخدم كعنصر أساسي في إعداد السلطات والشطائر ويعتبر مفيداً للصحة؟,خس
خ,نبات شتوي لذيذ ومفيد للكبد أوراقه خضراء قاسية وقلبه طري ويسمى في بعض الدول أرضي شوكي أو؟,خرشوف
خ,سائل حامض جداً يستخرج من تخمير التفاح أو العنب ويستخدم في الطبخ وتتبيل السلطات والتنظيف يسمى؟,خل
خ,حيوان ثديي محرم أكله في الإسلام ويربى في المزارع الغربية لاستخدام لحمه ودهنه في صناعاتهم؟,خنزير
خ,حشرة صغيرة مغطاة بقشرة صلبة تشبه الدرع وتتغذى على الأوراق وبعضها مفيد للبيئة الزراعية تسمى؟,خنفساء
خ,القدرة العقلية على تصور أشياء وأحداث غير موجودة في الواقع وابتكار أفكار جديدة ومبدعة تسمى؟,خيال
خ,الشعور بالارتباك والحياء واحمرار الوجه عند مواجهة مواقف اجتماعية أو ارتكاب خطأ بسيط يسمى؟,خجل
خ,نقض العهد والأمانة والغدر بالصديق أو إفشاء أسرار الوطن للعدو وهي من أسوأ الصفات الأخلاقية تسمى؟,خيانة
د,عاصمة جمهورية أيرلندا وأكبر مدنها وتشتهر بثقافتها ومكتباتها العريقة وتاريخها الأدبي الطويل؟,دبلن
د,مدينة هندية كبرى ومزدحمة جداً وفيها يقع مقر العاصمة السياسية للهند وتسمى نيو...؟,دلهي
د,النهر العظيم الذي يمر في العراق ويمر بالعاصمة بغداد ويشكل مع نهر الفرات بلاد الرافدين يسمى نهر؟,دجلة
د,لوح معدني أو خشبي صلب كان يحمله المقاتل قديماً في يده أثناء المعارك لصد ضربات السيوف والسهام؟,درع

د,المحل التجاري الصغير في الأحياء السكنية الذي يبيع السلع الغذائية والاحتياجات اليومية يسمى بقالة أو؟,دكان
د,الأموال والمبالغ التي يقترضها الشخص من الآخرين أو البنوك ويجب عليه إعادتها وسدادها في وقتها تسمى؟,ديون
د,المرشد السياحي أو الكتاب الذي يحتوي على توجيهات ومعلومات تدلك على الطريق الصحيح أو خطوات التركيب يسمى؟,دليل
د,الوثيقة القانونية الأعلى في الدولة التي تحدد نظام الحكم وحقوق وواجبات المواطنين وتخضع لها جميع القوانين؟,دستور
د,كلمة عربية أصيلة تعني المنزل أو البيت أو المسكن الذي يأوي إليه الإنسان وعائلته وتسمى بيت أو؟,دار
د,وعاء عميق مزود بمقبض يستخدم لرفع المياه من البئر أو نقل السوائل وتنظيف الأرضيات يسمى سطل أو؟,دلو
د,ذكر الدجاج ويتميز بعرفه الأحمر الجميل ويشتهر بصياحه المرتفع في الصباح الباكر لإيقاظ الناس؟,ديك
د,حشرة طائرة لاذعة تشبه النحلة في شكلها ولكنها مفترسة وتبني أعشاشاً ورقية ومؤلمة جداً عند اللسع يسمى زنبور أو؟,دبور
د,فاكهة صيفية ذات قشرة ناعمة مخملية ولون يميل بين الأصفر والأحمر ونواتها صلبة وتسمى في بعض الدول خوخ أو؟,دراق
د,المسحوق الأبيض الناعم جداً الناتج عن طحن حبوب القمح ويستخدم في صنع الخبز والمعجنات ويسمى طحين أو؟,دقيق
د,المادة الدهنية الموجودة في اللحوم أو الحليب والتي تزيد من السعرات الحرارية وتمنح الطعم الغني وتسمى شحم أو؟,دسم
د,الذكاء الشديد والمكر والقدرة العالية على التخطيط وإيجاد الحلول المعقدة والخفية لقلب الموازين يسمى؟,دهاء
د,التضرع واللجوء إلى الله عز وجل بالطلب والرجاء والمناجاة ورفع اليدين في السراء والضراء يسمى؟,دعاء
ذ,مرض واضطراب عقلي شديد يفقد فيه المريض اتصاله بالواقع ويعاني من الهلوسة البصرية والسمعية والأوهام يسمى؟,ذهان
ذ,الشعور بالمهانة والانكسار والضعف وفقدان الكرامة أمام الآخرين نتيجة قهر أو تسلط يسمى هوان أو؟,ذل
ذ,كلمة تدل على النفس والشخصية الإنسانية الداخلية وتقال عند التحدث عن النفس بضمير الأنا أو يقال تحقيق الـ؟,ذات
ذ,الأحداث والمواقف والصور الماضية المخزنة في العقل والتي نسترجعها بين الحين والآخر ونتحسر عليها أحياناً تسمى؟,ذكريات
ذ,الحجة أو العذر أو السبب الوهمي الذي يختلقه الشخص لتبرير أفعاله وتصرفاته غير المقنعة تسمى حجة أو؟,ذريعة
ذ,أعلى نقطة وقمة في الجبل أو أعلى مستوى للنجاح والازدهار والتألق في مسيرة الإنسان أو مسار الأحداث تسمى الـ؟,ذروة
ذ,حالة الصدمة والاندهاش الشديد والمفاجئ الذي يجعل الشخص عاجزاً عن الكلام أو التفكير المؤقت ويقف حائراً تسمى؟,ذهول
ذ,العملية الفيزيائية لتحول المادة من الحالة الصلبة إلى الحالة السائلة بفعل ارتفاع الحرارة مثل وضع الثلج بالشمس تسمى؟,ذوبان
ذ,الرصاص والطلقات والقذائف التي تستخدم في الأسلحة النارية والبنادق والمدافع أثناء الحروب والصيد تسمى؟,ذخيرة
ذ,صفة تطلق على النبات أو الورد عندما يفقد ماءه ونضارته ويجف ويميل لونه للاصفرار ويقترب من الموت يقال نبات؟,ذابل
ذ,الشخص الفطن وسريع البديهة الذي يمتلك قدرة عالية على الاستيعاب والفهم وحل المشكلات المعقدة بسرعة يسمى عبقري أو؟,ذكي
ذ,يقال للخبر أو السر الذي ينتشر بسرعة هائلة بين الناس ويشتهر بأنه خبر منتشر ومشهور أو ... الصيت؟,ذائع
ذ,ذكر عيوب ومساوئ الشخص وانتقاده بشكل سلبي أمام الآخرين وعكسه المدح والثناء وتعداد المحاسن يسمى؟,ذم

ذ,الطرفان العلويان للإنسان اللذان ينتهيان بالكفين ويستخدمان في الحمل والعمل والمصافحة والعناق (بصيغة المثنى)؟,ذراعان



ر,الشريط أو الخيط أو القماش الذي يستخدم لشد وتثبيت الأشياء ببعضها كـ ... الحذاء أو ... الجروح الطبي؟,رباط
ر,مدينة برازيلية شهيرة جداً بسواحلها وتمثال المسيح الفادي وكانت العاصمة السابقة للبرازيل وتشتهر بكرنفالاتها السنوية؟,ريو دي جانيرو
ر,نهر أوروبي عظيم ومهم ينبع من جبال الألب السويسرية ويمر بألمانيا وفرنسا ويصب في بحر الشمال ويسمى نهر الـ؟,راين
ر,الشعيرات الدقيقة والصغيرة التي تنبت على أطراف الأجفان العلوية والسفلية لحماية العين من الغبار والأوساخ تسمى أهداب أو؟,رموش
ر,الجزء من الجسم الذي يربط بين الرأس والجذع ويحتوي على الحنجرة والفقرات العنقية ويسمى عنق أو؟,رقبة
ر,المفصل الدائري الذي يربط بين اليد (الكف) والساعد ويسمح بحركة الكف في جميع الاتجاهات ويوضع عليه ساعة اليد يسمى معصم أو؟,رسغ
ر,المنصب القيادي الأعلى في الدولة أو المؤسسة والذي يتولاه الشخص لإدارتها واتخاذ القرارات المصيرية تسمى؟,رئاسة
ر,المال أو الهدايا التي تدفع بشكل غير قانوني وسري لمسؤول أو موظف لتسهيل معاملة أو أخذ حق بغير وجه حق تسمى؟,رشوة
ر,الممر الجانبي المرتفع قليلاً عن مستوى الشارع والمخصص لسير المشاة بأمان لحمايتهم من حوادث السيارات يسمى؟,رصيف

ر,أداء حركات إيقاعية متناسقة بالجسم تعبيراً عن الفرح في المناسبات أو كجزء من التراث الشعبي كالـ ... الفلكلوري يسمى؟,رقص
ر,فن التعبير عن الأفكار والمناظر باستخدام الأقلام أو الألوان أو الفحم على الورق أو اللوحات القماشية يسمى فن الـ؟,رسم
ر,القطعة المعدنية النارية والقاتلة التي تخرج من فوهة البندقية أو المسدس بسرعة هائلة عند الإطلاق وتسمى طلقة أو؟,رصاصة
ر,الصوت القوي والمدوي والمخيف أحياناً الذي يرافق وميض البرق في السماء أثناء العواصف والأمطار الغزيرة يسمى؟,رعد
ر,الهواء المتحرك بسرعات مختلفة والذي يهب على الأرض وقد يكون هادئاً ولطيفاً أو عاصفاً وقوياً ومدمراً يسمى هواء أو؟,ريح
ر,نسبة تشبع الهواء ببخار الماء وتكثر في المدن الساحلية والقريبة من البحر وتزيد من الإحساس بالحرارة والتعرق صيفاً تسمى؟,رطوبة
ر,المرحلة التي يمر بها التمر قبل أن يجف ويصبح تمراً ويكون فيها طرياً وحلواً وغنياً بالماء ولذيذاً جداً يسمى؟,رطب
ر,القطعة الواحدة المخبوزة والمستديرة أو البيضاوية من الخبز التي تقدم على المائدة وتؤكل مع الوجبات تسمى خبزة أو؟,رغيف
ز,دولة إفريقية غير ساحلية تقع في جنوب القارة عاصمتها هراري وتشتهر بتقاسمها شلالات فيكتوريا العظيمة مع زامبيا؟,زيمبابوي
ز,أكبر مدينة في سويسرا وتعتبر المركز المالي والتجاري العالمي وتشتهر ببحيرتها الجميلة وبنوكها وصناعة الشوكولاتة؟,زيوريخ
ز,إعصار أو رياح قوية جداً تدور بشكل حلزوني وعنيف وترفع الأتربة والأشياء في الهواء مسببة دماراً وتسمى إعصار أو؟,زوبعة
ز,الممر أو الشارع الضيق جداً والذي لا يتسع لمرور السيارات وعادة ما يكون بين المنازل والمباني القديمة والحارات يسمى داحوس أو؟,زقاق
ز,الغرفة الضيقة والكئيبة والمغلقة بقضبان حديدية متينة داخل السجن والتي يوضع ويحبس فيها السجين تسمى خلية أو؟,زنزانة
ز,الشخص أو العميل الذي يشتري السلع والخدمات من المتاجر والمحلات بشكل مستمر ويعتبر مصدر الربح للتاجر يسمى عميل أو؟,زبون
ز,العقد والارتباط الشرعي والرسمي بين الرجل والمرأة لتكوين أسرة وبناء حياة مشتركة ومستقرة يسمى نكاح أو؟,زواج
ز,الرجل الذي ارتبط بامرأة بعقد زواج شرعي ورسمي وموثق يسمى بالنسبة لها شريك حياة أو؟,زوج
ز,المرأة التي ارتبطت برجل بعقد زواج شرعي ورسمي وموثق تسمى بالنسبة له شريكة حياة أو قرينة أو؟,زوجة
ز,عملية غرس البذور والشتلات في التربة وتوفير الماء والضوء لها لتنمو وتنتج المحاصيل وتسمى فلاحة أو زراعة أو نبات و؟,زرع
ز,نبات عشبي عطري يطحن ويخلط بالسمسم والزيت ويؤكل مع الخبز كوجبة فطور شهيرة وأساسية في بلاد الشام يسمى؟,زعتر
ز,حبات العنب المجففة التي تتميز بحلاوتها وتضاف للحلويات والأرز وبعض الأكلات الشعبية لتزيينها وإعطائها طعماً لذيذاً يسمى؟,زبيب
ز,حشرة طائرة أكبر من النحلة لاذعة ومؤلمة جداً وتتميز بلونها الأصفر والأسود وتبني أعشاشاً ورقية وتسمى دبور أو؟,زنبور
ز,القطعة البلاستيكية أو المعدنية الصغيرة التي تخاط في القميص لإغلاقه وربط طرفيه ببعض عن طريق إدخالها في العروة تسمى؟,زر
ز,الخطأ غير المتعمد أو السقطة والزلل في الكلام أو المشي يقال عنها في اللغة العربية ... لسان أو ... قدم؟,زلة
ز,عملية إخراج الهواء المحمل بثاني أكسيد الكربون من الرئتين عن طريق الأنف أو الفم وعكس عملية الشهيق تسمى؟,زفير
ز,الشخص الذي يشاركك العمل في نفس المكتب أو الوظيفة أو الدراسة في نفس الفصل المدرسي أو الجامعي يسمى رفيق أو؟,زميل
ز,القائد والرئيس الذي يمتلك الكاريزما والتأثير ويقود حزباً سياسياً أو دولة أو ثورة ويوجه الجماهير لتحقيق الأهداف يسمى؟,زعيم
س,أكبر وأقدم مدينة في أستراليا وتشتهر بمبنى الأوبرا ذي التصميم الهندسي الفريد على الميناء وجسر هاربور الشهير؟,سيدني
س,عاصمة كوريا الجنوبية وأكبر مدنها وتعتبر من أهم المراكز التكنولوجية والاقتصادية في العالم وتشتهر بالتطور السريع؟,سيول
س,عاصمة دولة السويد الأوروبية وتقع على عدة جزر متصلة بالجسور وتشتهر بتسليم جوائز نوبل السنوية فيها كل عام؟,ستوكهولم
س,نهر أوروبي شهير ورومانسي يمر في قلب العاصمة الفرنسية باريس ويقسمها إلى ضفتين وتقام فيه جولات بالقوارب السياحية؟,سين
س,التجويف الصغير في منتصف بطن الإنسان وهو أثر ومكان قطع الحبل السري بعد الولادة وانفصال الجنين عن أمه يسمى؟,سرة
س,الجزء من الطرف السفلي للإنسان والذي يمتد من مفصل الركبة إلى مفصل الكاحل ويستخدم للمشي والوقوف وحمل وزن الجسم يسمى؟,ساق
س,الإصبع الثاني في يد الإنسان ويقع بين الإبهام والوسطى ويستخدم للإشارة نحو الأشياء والتوجيه وعند نطق الشهادتين في الصلاة يسمى؟,سبابة
س,الأداة أو الآلة القتالية الهجومية أو الدفاعية التي تستخدم في المعارك والحروب كالبندقية والسيف والمدفع والصاروخ تسمى بشكل عام؟,سلاح
س,المبنى والمكان المحصن والمغلق الذي يحتجز فيه المجرمون والمخالفون للقانون لقضاء فترة عقوبتهم وسلب حريتهم يسمى معتقل أو؟,سجن
س,المكان المفتوح أو المغلق الذي يجتمع فيه الباعة والمشترون لتبادل وعرض السلع والبضائع والمساومة على الأسعار يسمى؟,سوق
س,السفر والانتقال من بلد إلى آخر محلياً أو دولياً بهدف الترفيه أو الاستكشاف أو العلاج وتعتبر مصدر دخل قومي ومهم للدول تسمى؟,سياحة
س,الممثل الدبلوماسي الرسمي والمعتمد لدولة ما في دولة أخرى ويرأس سفارة بلاده هناك لتعزيز العلاقات وحل القضايا يسمى المبعوث أو الـ؟,سفير
س,الموظف الإداري المسؤول عن تنظيم المواعيد وكتابة الرسائل وحفظ الملفات والرد على المكالمات ومساعدة المدير في مهامه يسمى؟,سكرتير
س,المهني والفني المتخصص في تركيب وإصلاح أنابيب المياه والصرف الصحي والصنابير والمراحيض في المنازل والمباني يسمى سمكري أو؟,سباك
س,الشخص الذي يؤدي ألعاب الخفة والخداع البصري المذهلة للترفيه في المسارح أو من يمارس الشعوذة والسحر الأسود المذموم يسمى مشعوذ أو؟,ساحر
س,الوهم البصري الخادع الذي يظهر في الصحراء وعلى الطرق المعبدة وقت الظهيرة ويجعل الرمال تبدو وكأنها بركة ماء تلمع يسمى؟,سراب
س,قطعة الأثاث الأساسية المخصصة للنوم والراحة في غرفة النوم وتتكون من إطار خشبي أو معدني ومرتبة مريحة ومخدات تسمى؟,سرير
س,قطعة القماش التي تعلق وتنسدل على النوافذ والأبواب لحجب أشعة الشمس أو توفير الخصوصية وتزيين ديكور الغرفة وتسمى رداء النوافذ أو؟,ستارة
ش,أكبر مدينة في الصين من حيث عدد السكان وتعتبر المركز التجاري والمالي الأهم في البلاد وتطل على الساحل الشرقي ومصب نهر يانغتسي؟,شنغهاي
ش,مدينة ألمانية صناعية كبرى وشهيرة تعتبر المقر الرئيسي لشركات السيارات الفاخرة مثل مرسيدس بنز وبورش وتعتبر قلب الصناعة الألمانية؟,شتوتغارت
ش,الوعاء الدموي النابض والسميك الذي ينقل الدم النقي والمحمل بالأكسجين والغذاء من القلب إلى باقي أنحاء وأعضاء الجسم وعكسه الوريد يسمى؟,شريان
ش,الجزء اللحمي الخارجي والبارز الذي يحيط بالفم ويغطي الأسنان ويكون جزءاً مهماً من ملامح الوجه وتعبيرات الابتسامة والكلام يسمى؟,شفة
ش,البقعة الداكنة أو السوداء الصغيرة التي تظهر على الجلد وتعتبر في بعض الثقافات والمجتمعات من علامات الجمال البارزة في الوجه تسمى خال أو؟,شامة
ش,المرحلة العمرية الحيوية والنشطة التي تتوسط بين مرحلة الطفولة ومرحلة الشيخوخة وتتميز بالقوة البدنية والطموح العالي تسمى مرحلة الـ؟,شباب
ش,المرحلة العمرية المتقدمة والمتأخرة في حياة الإنسان والتي تتسم بضعف الجسد وظهور التجاعيد والشيب في الشعر وتقوس الظهر تسمى مرحلة الـ؟,شيخوخة
ش,إثارة الفوضى والاضطرابات والتخريب المتعمد للممتلكات العامة والخاصة من قبل مجموعة من الناس أو الجماهير الغاضبة في الشوارع أو الملاعب يسمى؟,شغب
ش,المكانة الأخلاقية العالية والسمعة الطيبة والكرامة وعزة النفس التي يحرص الإنسان الأصيل على الحفاظ عليها والدفاع عنها يسمى كرامة أو؟,شرف
ش,الإقدام والجرأة في مواجهة الخطر والصعاب والقتال وعدم الخوف أو التراجع وتعتبر من أهم صفات الفرسان والأبطال في المعارك وعكسها الجبن تسمى بسالة أو؟,شجاعة
ش,التعب الشديد والمعاناة المستمرة في الحياة والتعاسة الدائمة وعكس السعادة والراحة التامة ورغد العيش يسمى بؤس أو؟,شقاء
ش,الكاتب الموهوب والأديب الذي يتقن نظم القصائد والأبيات الموزونة والمقفاة للتعبير عن مشاعره وأفكاره بأسلوب بلاغي وجميل يسمى؟,شاعر
ش,رجل الأمن والمسؤول الحكومي الذي يرتدي زياً رسمياً ومهمته حفظ النظام الداخلي والقبض على المجرمين وتطبيق القانون لحماية المواطنين يسمى عسكري أو؟,شرطي
ش,الورقة المصرفية والبنكية التي تكتب وتوقع لسحب أو تحويل مبلغ مالي محدد من الحساب البنكي إلى شخص آخر بدلاً من حمل النقود النقدية تسمى؟,شيك
ش,قطعة القماش الكبيرة والقوية جداً التي تثبت على سارية السفينة والقارب وتدفعها وتوجهها في البحر بقوة الرياح تسمى؟,شراع
ش,الخيوط أو الحبال المنسوجة والمتقاطعة التي تستخدم في صيد الأسماك من البحر أو توضع في المرمى بكرة القدم لإيقاف الكرة تسمى؟,شبكة
ش,الأداة المعدنية ذات الأسنان المدببة التي تستخدم مع السكين والملعقة في المائدة لتناول الطعام وقطعه ووضعه في الفم تسمى؟,شوكة
ش,فاكهة صيفية منعشة شكلها كروي أو بيضاوي وقشرتها شبكية ولونها الداخلي أصفر أو برتقالي فاتح وتسمى بطيخ أصفر أو؟,شمام
ص,عاصمة دولة بلغاريا الأوروبية وأكبر مدنها وتشتهر بمعالمها التاريخية والكنائس القديمة والآثار الرومانية وتقع في شبه جزيرة البلقان؟,صوفيا
ص,العاصمة السياسية والتاريخية لليمن وتتميز بمعمارها الفريد ومبانيها القديمة المزخرفة باللون الأبيض والمبنية من الطوب اللبن والزجاج الملون؟,صنعاء
ص,دولة عربية إفريقية تقع في منطقة القرن الإفريقي وعاصمتها مقديشو وتطل على المحيط الهندي وتمتلك أطول ساحل في القارة الإفريقية؟,صومال
ص,الجزء الأمامي من جذع الإنسان والذي يحوي داخله الأعضاء الحيوية كالقلب والرئتين وتحميه الضلوع من الصدمات الخارجية يسمى؟,صدر
ص,الكيس أو القطعة القماشية الصغيرة التي يربط ويصر فيها النقود المعدنية أو الأغراض الثمينة قديماً لحفظها من الضياع تسمى كيس أو؟,صرة
ص,حالة وراثية أو مرضية تؤدي إلى تساقط وفقدان شعر الرأس بشكل دائم وتصيب الرجال غالباً مع التقدم في العمر وتجعل فروة الرأس مكشوفة تسمى؟,صلع
ص,الامتناع والانقطاع الإرادي عن الأكل والشرب والمفطرات من طلوع الفجر إلى غروب الشمس تعبداً لله وتطهيراً للنفس وتضامناً مع الفقراء يسمى؟,صيام
ص,الركن الثاني من أركان الإسلام وهي العبادة المفروضة خمس مرات في اليوم والصلة المستمرة والمباشرة بين العبد وربه تسمى؟,صلاة
ص,الاتفاق وإنهاء حالة العداوة والخصومة والحرب والقطيعة بين طرفين متنازعين وإعادة العلاقات الطيبة والسلمية بينهما يسمى هدنة أو؟,صلح
ص,قول الحق ومطابقة الكلام للواقع وعدم الكذب أو الخداع أو التزييف وهي من أعظم وأهم الصفات الأخلاقية النبيلة في الإنسان يسمى؟,صدق
ص,الوضوح والشفافية التامة في الكلام وإبداء الرأي دون لف أو دوران أو إخفاء للحقيقة حتى لو كانت مؤلمة تسمى وضوح أو؟,صراحة
ص,الرفيق المقرب والوفي والخليل الذي تشاركه أسرارك وأفراحك وأحزانك ويقف معك في وقت الضيق والشدة ويساندك دائماً يسمى صاحب أو؟,صديق
ص,زوج ابنتك أو زوج أختك يطلق عليه في اللغة العربية وتسميات القرابة والمصاهرة اسم النسيْب أو الـ؟,صهر

ص,المحل التجاري المجهز بالمقاعد والمرايا والأدوات والمخصص لحلاقة وتصفيف شعر الرجال والنساء والاعتناء بالمظهر العام يسمى؟,صالون
ص,وعاء مسطح وكبير ومستدير يصنع من المعدن أو الزجاج يستخدم لتقديم أكواب الشاي والقهوة أو الأطعمة للضيوف بطريقة أنيقة تسمى؟,صينية
ص,الوعاء الدائري أو البيضاوي المجوف قليلاً الذي يوضع فيه الطعام ويوضع على المائدة ليأكل منه الأفراد ويسمى طبق أو؟,صحن
ص,الخليط السائل الكثيف والمتبل الذي يضاف إلى الطعام أو السلطات لإعطائها نكهة مميزة ولوناً فاتحاً للشهية كـ ... الطماطم أو المايونيز تسمى؟,صلصة
أ,دولة أمريكية جنوبية فازت بكأس العالم 2022؟,أرجنتين
أ,نادي إنجليزي لونه أحمر يلقب بالمدفعجية؟,أرسنال
أ,دولة أوروبية فازت بكأس العالم 2014 بالبرازيل؟,ألمانيا
أ,نادي هولندي عريق مقره العاصمة أمستردام؟,أياكس

أ,قارة تقع فيها دولة البرازيل والأرجنتين؟,أمريكا الجنوبية
أ,عالم فيزياء شهير صاحب نظرية النسبية؟,أينشتاين
أ,حيوان بحري يمتلك ثمانية أذرع ويعتبر ذكياً جداً؟,أخطبوط
أ,غاز ضروري جداً لتنفس الكائنات الحية واستمرار الحياة؟,أكسجين
أ,ملك الغابة والحيوان المفترس الأكثر شهرة؟,أسد
أ,محيط مائي ضخم يفصل بين قارتي أوروبا وأمريكا؟,أطلسي
أ,قارة تعتبر هي أصغر قارات العالم من حيث المساحة؟,أستراليا
أ,بناء تاريخي ضخم يشتهر به الفراعنة قديماً؟,أهرامات
أ,فيلسوف يوناني قديم يعتبر من أشهر تلاميذ سقراط؟,أفلاطون
أ,دولة لاتينية فازت بأول نسخة لكأس العالم عام 1930؟,أوروغواي
أ,لاعب معتزل يعتبر أيقونة وتاريخ يطلق عليه لقب؟,أسطورة
أ,لون البطاقة التي ينذر بها الحكم اللاعب في كرة القدم؟,أصفر
أ,دولة إفريقية عاصمتها لواندا؟,أنغولا
ب,دولة اشتهرت بسحر كرة القدم وأنجبت الأسطورة بيليه؟,برازيل
ب,نادي ألماني عريق يلقب بالنادي البافاري؟,بايرن
ب,نادي إسباني يلعب مبارياته في ملعب كامب نو الشهير؟,برشلونة
ب,عاصمة فرنسا ومقر نادي سان جيرمان؟,باريس
ب,الأسطورة البرازيلي الوحيد الفائز بـ 3 كؤوس عالم؟,بيليه
ب,مهاجم فرنسي فاز بجائزة الكرة الذهبية عام 2022؟,بنزيما
ب,دولة أوروبية يمثلها النجم كريستيانو رونالدو؟,برتغال
ب,مسابقة يتنافس فيها مجموعة فرق للفوز بالكأس تسمى؟,بطولة
ب,طائر يعيش في القطب الجنوبي البارد ولا يستطيع الطيران؟,بطريق
ب,عاصمة عربية عريقة تسمى بمدينة السلام؟,بغداد
ب,دولة لاتينية في أمريكا الجنوبية عاصمتها ليما؟,بيرو
ب,أداة مغناطيسية تستخدم لتحديد الاتجاهات الجغرافية؟,بوصلة
ب,نبات زراعي يجعلك تدمع وتبكي عندما تقوم بتقطيعه؟,بصل
ب,فاكهة صيفية كبيرة خضراء من الخارج وحمراء من الداخل؟,بطيخ
ب,فتحة في قشرة الأرض تخرج منها حمم ونيران منصهرة؟,بركان
ب,كائنات دقيقة جداً لا ترى بالعين المجردة تسبب بعض الأمراض؟,بكتيريا
ب,طائر ليلي يضرب به المثل في التشاؤم أحياناً؟,بومة
ب,دولة عربية خليجية صغيرة عاصمتها المنامة؟,بحرين
ت,فريق لندني يرتدي اللون الأزرق ويلقب بالبلوز؟,تشيلسي
ت,نادي إنجليزي يلقب بالسبيرز ويلعب له النجم الكوري سون؟,توتنهام
ت,دولة عربية فاز منتخبها بكأس أمم إفريقيا 2004؟,تونس
ت,إرسال الكرة من لاعب إلى زميله في الملعب تسمى؟,تمريرة
ت,قانون في كرة القدم يلغي الهدف إذا كان المهاجم متقدماً على المدافعين؟,تسلل
ت,دراسة أحداث الماضي والزمن الغابر والحضارات السابقة؟,تاريخ
ت,فاكهة حمراء شهيرة ارتبطت باكتشاف قانون الجاذبية؟,تفاح
ت,حيوان برمائي مفترس يمتلك فكاً قوياً جداً وأسناناً حادة؟,تمساح
ت,دولة تقع في قارتين عاصمتها أنقرة؟,تركيا
ت,دولة آسيوية سياحية شهيرة عاصمتها بانكوك؟,تايلاند
ت,جهاز يستخدم لرؤية الكواكب والنجوم والأجرام البعيدة؟,تلسكوب
ت,مجسم يصنع من الحجر أو البرونز تخليداً لشخصية مشهورة؟,تمثال
ت,ما يوضع على رأس الملك من ذهب ومجوهرات دلالة على الحكم؟,تاج
ت,ولاية أمريكية شهيرة جداً عاصمتها أوستن؟,تكساس
ت,فاكهة صيفية مجففة تشتهر بها تركيا وتذكر غالباً مع الزيتون؟,تين
ت,المادة التي تغطي سطح الأرض الزراعية ونمشي عليها؟,تراب
ت,جهاز كهربائي أساسي في المنازل يستخدم لمشاهدة القنوات والبرامج؟,تلفاز
ت,دولة أمريكية جنوبية عاصمتها سانتياغو؟,تشيلي
ث,حيوان بري ماكر يضرب به المثل في الخداع والمراوغة؟,ثعلب
ث,زاحف سام وطويل ليس له أقدام يتحرك بالزحف؟,ثعبان
ث,حيوان ضخم وقوي يستخدم في حلبات المصارعة الإسبانية؟,ثور
ث,نبات ذو رائحة نفاذة يستخدم كعلاج ومكون أساسي في الطبخ؟,ثوم
ث,الحالة الصلبة للماء عندما ينخفض تحت درجة الصفر؟,ثلج
ث,فوز الفريق بالدوري والكأس ودوري الأبطال في موسم واحد يسمى؟,ثلاثية
ث,نجفة معلقة في السقف للإنارة تسمى باللغة العربية الفصحى؟,ثريا
ث,جهاز كهربائي أساسي يستخدم لحفظ الأطعمة وتبريدها؟,ثلاجة
ث,رقم يلي السبعة ويسبق التسعة؟,ثمانية
ث,لقب يطلق على منتخب الجزائر لكرة القدم (الـ... الصحراء)؟,ثعالب
ث,فجوة غامضة في الفضاء تبتلع الضوء وكل ما يقترب منها تسمى؟,ثقب أسود

ث,المال الكثير والممتلكات الواسعة التي يملكها الغني تسمى؟,ثروة
ث,ما يلبسه الإنسان ليستر جسده ويحميه من البرد والحر؟,ثياب
ث,حصيلة المعارف والفنون والعلوم لدى الشعوب والمجتمعات تسمى؟,ثقافة
ث,وحدة قياس الزمن الأساسية والأصغر من الدقيقة؟,ثانية
ث,جزء من ثلاثة أجزاء متساوية في الرياضيات يسمى؟,ثلث
ث,كائنات حية تتكاثر بالولادة وترضع صغارها تسمى؟,ثدييات
ج,دولة عربية تلقب ببلد المليون ونصف المليون شهيد؟,جزائر
ج,نادي إيطالي عريق يلقب بالسيدة العجوز يرتدي الأبيض والأسود؟,يوفنتوس
ج,دولة في الكاريبي يشتهر عداؤوها بالسرعة الخارقة مثل يوسين بولت؟,جامايكا
ج,أسطورة نادي ليفربول الإنجليزي اللاعب ستيفن...؟,جيرارد
ج,المركز الهجومي على الأطراف اليمنى واليسرى في كرة القدم يسمى؟,جناح
ج,نبات جذري برتقالي اللون يشتهر بأنه مفيد جداً للنظر؟,جزر
ج,حيوان صحراوي يتحمل العطش ويلقب بسفينة الصحراء؟,جمل
ج,مشتقات الحليب المتنوعة التي تؤكل عادة مع الخبز؟,جبن
ج,علم يدرس التضاريس والخرائط والمناخ والبلدان؟,جغرافيا
ج,عاصمة إندونيسيا وأكبر مدنها المزدحمة؟,جاكرتا
ج,الماء عندما يتصلب في المناطق القطبية الباردة يسمى؟,جليد

ج,القوة العسكرية المسلحة التي تدافع عن البلاد وتحمي حدودها؟,جيش
ج,مؤسسة للتعليم العالي يدرس فيها الطلاب بعد المرحلة الثانوية؟,جامعة
ج,عملية طبية تعتمد على شق الجسم بالمشرط لعلاج المرض؟,جراحة
ج,شخصية فكاهية تراثية شهيرة يرافقها حمار في القصص؟,جحا
ج,أداة تصدر صوتاً للتنبيه في المدارس أو عند أبواب البيوت؟,جرس
ج,الجزء الصلب العظمي الذي يغطي ويحمي دماغ الإنسان والحيوان؟,جمجمة
ح,اللاعب الوحيد الذي يقف لحماية المرمى ويحق له استخدام يديه؟,حارس
ح,الشخص المسؤول عن إدارة المباراة وتطبيق القوانين داخل الملعب؟,حكم
ح,دفاع مكون من عدة لاعبين لصد الركلة الحرة المباشرة يسمى؟,حائط
ح,لاعب أسطوري مصري يعتبر الهداف التاريخي لمنتخب مصر اسمه ... حسن؟,حسام
ح,مدينة سورية تعتبر من أقدم المدن المأهولة في التاريخ وتشتهر بالفستق؟,حلب
ح,حيوان أصيل وسريع يستخدم للركوب والفروسية والسباقات؟,حصان
ح,حيوان يستخدم للحمل والركوب ويعرف بقوة الصبر والتحمل؟,حمار
ح,أضخم حيوان بحري ثديي يعيش على كوكب الأرض حالياً؟,حوت
ح,معدن قوي وصلب جداً يستخدم في البناء والصناعة والسيارات؟,حديد
ح,ما يلبس في القدمين لحمايتها عند المشي والركض؟,حذاء
ح,أداة تصنع من الجلد أو القماش لحمل الكتب والأغراض الشخصية؟,حقيبة
ح,جهاز إلكتروني يعالج البيانات ويحل العمليات المعقدة بسرعة؟,حاسوب
ح,وحدة قياس الطقس بالدرجة المئوية صيفاً وشتاءً؟,حرارة
ح,سائل ملون يستخدم داخل الأقلام والطابعات للكتابة؟,حبر
ح,مكان عام مزروع بالأشجار والزهور للترفيه والتنزه؟,حديقة
ح,طائر وديع يرمز للسلام عالمياً ويحمل غصن الزيتون؟,حمامة
ح,اشتعال النيران المدمر في الغابات والمباني والممتلكات يسمى؟,حريق
ح,منطقة جغرافية وتاريخية في السعودية تضم مكة المكرمة والمدينة المنورة؟,حجاز
خ,نادي إسباني يلعب في ضواحي مدريد واسمه يبدأ بحرف الخاء؟,خيتافي
خ,مخالفة يرتكبها اللاعب ضد الخصم وتمنح الفريق الآخر ركلة؟,خطأ
خ,التوزيع التكتيكي للاعبين في الملعب مثل (4-4-2) يسمى؟,خطة
خ,مغادرة الفريق للبطولة نهائياً بعد خسارته تسمى خروج الـ...؟,مغلوب
خ,طائر ثديي غريب ينام مقلوباً ويطير بحثاً عن طعامه ليلاً؟,خفاش
خ,حيوان يربى للاستفادة من لحمه وصوفه وحليبه ويذبح في العيد؟,خروف
خ,حيوان ضخم يمتلك قرناً واحداً على أنفه ويسمى وحيد القرن؟,خرتيت
خ,مادة صلبة تستخرج من جذوع الأشجار وتستخدم لصناعة الأثاث والورق؟,خشب
خ,حلي دائري يلبس في أصبع اليد للزينة أو دلالة على الزواج؟,خاتم
خ,رسم ورقي أو رقمي يوضح تضاريس الأرض والدول والحدود؟,خريطة
خ,عاصمة دولة السودان العربية وتلتقي فيها مياه النيلين؟,خرطوم
خ,غذاء أساسي يصنع من الدقيق والماء ويخبز بالفرن؟,خبز
خ,نبات أخضر مائي طويل يؤكل طازجاً أو يضاف للسلطة؟,خيار
خ,فاكهة صيفية ناعمة الملمس ذات نواة كبيرة طعمها حلو؟,خوخ
خ,نبات ذو بذور صغيرة تستخدم كبهار أصفر حار يوضع مع الشطائر؟,خردل
خ,الفصل الذي يسبق الشتاء وتتساقط فيه أوراق الأشجار؟,خريف
خ,مسكن مؤقت يصنع من القماش والوبر يضرب في الصحراء للرحلات؟,خيمة
خ,امتداد مائي داخل اليابسة مثل المكسيك أو العربي؟,خليج
د,خط الفريق الذي يقف في الخلف لحماية المرمى من هجمات الخصم؟,دفاع

د,نادي ألماني عريق يشتهر باللونين الأصفر والأسود وملعبه سيغنال إيدونا؟,دورتموند
د,دولة أوروبية فازت ببطولة أمم أوروبا 1992 بمعجزة كروية؟,دنمارك
د,مدة الشوط الواحد في مباراة كرة القدم الرسمية هي 45...؟,دقيقة
د,المكان الذي يجلس عليه اللاعبون البدلاء والمدرب خارج خط الملعب؟,دكة
د,عاصمة سوريا وأقدم عاصمة مأهولة باستمرار في العالم؟,دمشق
د,حيوان بحري ذكي جداً ومرح يعتبر صديقاً مقرباً للإنسان؟,دولفين
د,زواحف عملاقة مرعبة انقرضت من الأرض منذ ملايين السنين؟,ديناصور
د,حيوان مفترس وضخم يعيش في الغابات والمناطق القطبية ويحب العسل؟,دب
د,طائر داجن لا يطير بعيداً يربى للاستفادة من بيضه ولحمه؟,دجاجة
د,وسيلة نقل تعتمد على التوازن وتتحرك بدواستين للقدمين؟,دراجة
د,سائل أحمر اللون يجري في عروق الإنسان والحيوان ليمنحه الحياة؟,دم
د,سائل مالح يفرز من العين عند البكاء الشديد أو الحزن؟,دموع
د,العضو الرئيسي في الجهاز العصبي داخل الجمجمة ومركز التفكير؟,دماغ

د,غازات متصاعدة مرئية ناتجة عن احتراق الأشياء والنار؟,دخان
د,العملة الرسمية المتداولة في الولايات المتحدة الأمريكية؟,دولار
ذ,حيوان مفترس يشبه الكلب يعيش في قطعان ويعوي في الليل؟,ذئب
ذ,حبوب زراعية صفراء لذيذة تستخدم في صناعة الفشار؟,ذرة
ذ,معدن نفيس أصفر اللون لا يصدأ ويستخدم في صناعة الحلي الثمينة؟,ذهب
ذ,حشرة مزعجة تطير وتنتشر في الصيف بكثرة وتنقل الأمراض؟,ذبابة
ذ,قدرة العقل على الفهم والاستيعاب والتحليل السريع تسمى؟,ذكاء
ذ,الجزء الخلفي المتدلي من جسم بعض الحيوانات كالقطط والكلاب؟,ذيل
ذ,جزء من جسم الإنسان يمتد من الكتف إلى الكف؟,ذراع
ذ,قدرة الدماغ البشري على تخزين واسترجاع المعلومات السابقة؟,ذاكرة
ذ,إحدى الحواس الخمس في اللسان نميز بها الأطعمة حلوة أو مالحة؟,ذوق
ذ,الجزء السفلي البارز من الوجه تحت الفم مباشرة؟,ذقن
ذ,حالة من الخوف الشديد والهلع المفاجئ تسمى باللغة العربية؟,ذعر
ذ,عدد الدورات في الثانية للموجات الصوتية وتسمى تردد أو؟,ذبذبة
ذ,معركة بحرية شهيرة في التاريخ الإسلامي تسمى موقعة ذات الـ...؟,صواري
ذ,محافظة عراقية شهيرة تاريخياً حدثت فيها معركة مشهورة؟,ذي قار
ذ,مدينة يمنية عريقة تقع جنوب العاصمة صنعاء؟,ذمار
ذ,سيف الإمام علي بن أبي طالب الشهير ذو الرأسين يسمى؟,ذو الفقار
ذ,أصغر جزء دقيق في المادة يحتفظ بخصائصها الكيميائية؟,ذرة

ر,نادي إسباني يلقب بالملكي وهو الأكثر تتويجاً بدوري أبطال أوروبا؟,ريال مدريد
ر,لاعب برتغالي أسطوري يحمل الرقم 7 وهداف تاريخي؟,رونالدو
ر,نادي إيطالي يحمل نفس اسم العاصمة الإيطالية العريقة؟,روما
ر,ضربة ثابتة في كرة القدم تنفذ من زوايا الملعب الأربع؟,ركنية
ر,تسديد الكرة بالرأس في شباك الخصم لتسجيل هدف تسمى؟,رأسية
ر,أكبر دولة في العالم من حيث المساحة الجغرافية؟,روسيا
ر,مدينة عربية هي عاصمة المملكة العربية السعودية؟,رياض
ر,فاكهة خريفية ذكرت في القرآن الكريم بذورها حمراء كالياقوت؟,رمان
ر,عضو في جسم الإنسان يقع في الصدر وهو المسؤول عن التنفس؟,رئة
ر,جهاز يستخدم الموجات لمعرفة سرعة السيارات ومواقع الطائرات والسفن؟,رادار
ر,سلاح قديم مكون من عصا طويلة نهايتها معدنية حادة للطعن؟,رمح
ر,ما يغطي جسم الطيور ويساعدها على الطيران والدفء؟,ريشة
ر,معدن ثقيل وسام يستخدم في صناعة الذخيرة وبطاريات السيارات؟,رصاص
ر,حبيبات صغيرة جداً تغطي الصحاري الشاسعة وشواطئ البحار؟,رمل
ر,ما يتبقى من المواد الصلبة بعد احتراقها تماماً في النار؟,رماد
ر,التل المرتفع قليلاً عن الأرض المستوية يسمى؟,ربوة
ر,نص مكتوب يرسل لشخص للتواصل معه ورقياً أو إلكترونياً؟,رسالة
ر,مفصل قوي يربط بين الفخذ والساق في قدم الإنسان؟,ركبة
ز,أسطورة فرنسا ومدرب ريال مدريد التاريخي زين الدين؟,زيدان
ز,دولة إفريقية حققت مفاجأة وفازت بكأس أمم إفريقيا 2012؟,زامبيا
ز,نادي مصري عريق يرتدي اللون الأبيض بخطين حمر غريمه الأهلي؟,زمالك
ز,منطقة التقاء خطي الطول والعرض في الملعب عند نقطة الركنية؟,زاوية
ز,تدخل انزلاقي من المدافع على الأرض لقطع الكرة من الخصم يسمى؟,زحليقة
ز,حيوان إفريقي يتميز برقبته الطويلة جداً وأرجله النحيفة؟,زرافة
ز,كوكب في المجموعة الشمسية يشتهر بحلقاته المضيئة والضخمة؟,زحل
ز,معدن سائل فضي اللون في درجة الحرارة العادية يستخدم في موازين الحرارة؟,زئبق
ز,حجر كريم ثمين ونفيس يتميز بلونه الأخضر الشفاف؟,زمرد
ز,اهتزاز مفاجئ وعنيف لقشرة الأرض يسبب دماراً في المباني؟,زلزال
ز,شجرة مباركة يستخرج منها زيت شهير ومفيد جداً؟,زيتون
ز,مادة شفافة صلبة وهشة تصنع منها النوافذ والأكواب؟,زجاج
ز,نباتات ملونة ذات رائحة عطرة ترمز للجمال وتستخدم في الهدايا؟,زهور
ز,مادة دهنية صفراء تستخرج من الحليب وتستخدم في الطبخ والحلويات؟,زبدة
ز,مرض فيروسي شائع يصيب الجهاز التنفسي مسبباً الرشح والعطس؟,زكام
ز,نوع من الأزهار الجميلة ذات الرائحة الفواحة تبدأ بحرف الزاي؟,زنبق
ز,حفل كبير يقام بمناسبة الزواج وتأسيس العائلة يسمى حفل؟,زفاف
ز,الشخص الذي يأتي لرؤيتك في منزلك أو مدينتك يسمى؟,زائر
س,نادي إنجليزي سماوي اللون يدربه بيب جوارديولا؟,مانشستر سيتي
س,مهاجم أورغوياني أسطوري يلقب بالعضاض ولعب لبرشلونة؟,سواريس
س,دولة إفريقية حققت كأس أمم إفريقيا 2021 بقيادة ساديو ماني؟,سنغال
س,مساحة اللعب الخضراء المستطيلة التي تقام عليها المباراة تسمى؟,ساحة
س,نادي برتغالي عريق اسمه سبورتينغ... بدأ فيه كريستيانو رونالدو؟,لشبونة
س,دولة عربية عاصمتها دمشق؟,سوريا
س,وسيلة نقل حديثة وأساسية تعتمد على محرك وأربع عجلات؟,سيارة
س,كائن بحري يتنفس بالخياشيم ومغطى بالقشور ويعيش في الماء؟,سمك
س,حيوان زاحف يضرب به المثل في البطء الشديد ويحمل درعاً فوق ظهره؟,سلحفاة
س,أداة تلبس في اليد أو تعلق على الحائط تستخدم لمعرفة الوقت؟,ساعة
س,سلاح أبيض طويل وحاد استخدم قديماً في الحروب والمبارزات؟,سيف
س,مادة بيضاء بلورية حلوة المذاق تضاف للشاي والقهوة؟,سكر

س,المنطقة التي تلتقي فيها اليابسة بمياه البحر والمحيط تسمى؟,ساحل
س,المسافة المقطوعة في وحدة الزمن المعينة تسمى بالفيزياء؟,سرعة
س,وسيلة نقل بحرية ضخمة لنقل الركاب والبضائع عبر المحيطات؟,سفينة
س,أداة حادة تستخدم للتقطيع في المطبخ ولتناول الطعام؟,سكين
س,وعاء مضفور يحمل فيه الأشياء أو ترمى فيه المهملات وتسمى سلة؟,مهملات
ش,نادي ألماني عريق لونه أزرق ملكي واسمه يبدأ بحرف الشين؟,شالكه
ش,قطعة قماش متشابكة توضع خلف المرمى لإيقاف الكرة عند التسجيل؟,شباك
ش,نصف المباراة في كرة القدم ومدته 45 دقيقة يسمى؟,شوط
ش,مدينة إنجليزية فيها أقدم نادي كرة قدم تأسس في العالم؟,شيفيلد
ش,قطعة قماش تلف على ذراع قائد الفريق لتمييزه تسمى؟,شارة
ش,النجم المركزي الملتهب الذي يمد الأرض بالحرارة والضوء نهاراً؟,شمس
ش,مدينة أمريكية شهيرة يطلق عليها لقب مدينة الرياح؟,شيكاغو
ش,أديب إنجليزي عظيم صاحب مسرحية هاملت وروميو وجولييت؟,شكسبير
ش,لعبة استراتيجية تعتمد على الذكاء تلعب على رقعة من 64 مربعاً؟,شطرنج
ش,مشروب ساخن شهير يصنع من أوراق مجففة ويقدم غالباً بعد الأكل؟,شاي
ش,نبات خشبي ضخم يمتلك جذعاً وفروعاً وأوراقاً ويوفر الظل؟,شجرة
ش,الفصل الأبرد في السنة الذي يسقط فيه المطر والثلج؟,شتاء
ش,جهاز أمني حكومي مهمته حفظ الأمن وتطبيق القانون في البلاد؟,شرطة
ش,مياه تتدفق وتسقط بقوة من مكان مرتفع في النهر إلى أسفل؟,شلال
ش,كتلة من الشمع بداخلها خيط تشتعل لتعطي إنارة بسيطة؟,شمعة
ش,ممر ممهد ومسفلت لسير السيارات والمشاة في المدن يسمى؟,شارع
ش,مؤسسة تجارية تهدف لتقديم خدمات أو منتجات لتحقيق الربح؟,شركة
ش,المادة الدهنية البيضاء التي تتواجد في لحوم الحيوانات تسمى؟,شحم
ص,أداة ينفخ فيها الحكم في فمه لإطلاق صوت حاد لإيقاف اللعب؟,صافرة
ص,المركز الأول في ترتيب جدول الدوري بين الأندية يسمى؟,صدارة
ص,دولة أوروبية عاصمتها بلغراد وبرز منها اللاعب ميتروفيتش؟,صربيا
ص,أسطورة مصر ونادي ليفربول الإنجليزي اللاعب محمد؟,صلاح
ص,نادي إيطالي في جنوى اسمه سامبدوريا... يبدأ بحرف السين للإجابة؟,سامبدوريا
ص,أكبر دولة في العالم من حيث عدد السكان سابقاً ومقر لسور عظيم؟,صين
ص,طائر جارح قوي يضرب به المثل في حدة البصر وسرعة الانقضاض؟,صقر
ص,نبات شوكي يتحمل العطش الشديد ويعيش وينمو في الصحراء؟,صبار
ص,مركبة فضائية أسطوانية تنطلق بسرعة هائلة خارج الغلاف الجوي؟,صاروخ
ص,مادة كيميائية تستخدم مع الماء للنظافة وإزالة الأوساخ والدهون؟,صابون
ص,غلاف صلب يغطي بعض الكائنات البحرية ويوجد فارغاً على الشاطئ؟,صدفة
ص,مساحة شاسعة جافة قليلة الأمطار تغطيها الكثبان الرملية؟,صحراء
ص,كتلة حجرية صلبة وقاسية من قشرة الأرض الطبيعية؟,صخرة
ص,شعر الأغنام الذي يجز ويستخدم في صناعة الملابس الشتوية الدافئة؟,صوف
ص,وعاء مكعب أو مستطيل يصنع من الخشب أو الكرتون لحفظ الأشياء؟,صندوق
ص,الفصل الأشد حرارة في السنة وتطول فيه ساعات النهار؟,صيف
ص,ما تسمعه الأذن من ذبذبات وموجات ناتجة عن اهتزاز الأجسام؟,صوت
ص,رسم أو لقطة فوتوغرافية تجسد مشهداً معيناً في إطار؟,صورة
ض,ركلة عقاب تنفذ من نقطة تبعد 11 متراً عن خط المرمى؟,ضربة جزاء
ض,أسلوب تكتيكي متقدم لمحاصرة الخصم لاستخلاص الكرة بسرعة؟,ضغط
ض,حيوان برمائي يتنقل بالقفز ويصدر صوتاً مزعجاً يسمى النقيق؟,ضفدع
ض,حيوان زاحف صحراوي يشبه السحلية الكبيرة ويشتهر في الخليج؟,ضب
ض,الأسنان الخلفية العريضة والقوية التي تستخدم لطحن ومضغ الطعام؟,ضرس
ض,حيوان مفترس يأكل الجيف ويصدر صوتاً يشبه الضحك الماكر؟,ضبع
ض,الغيوم المنخفضة الكثيفة التي تلامس الأرض وتعيق الرؤية للمسافرين؟,ضباب
ض,ما ينبعث من الشمس والمصابيح ويساعدنا على الرؤية في الظلام؟,ضوء
ض,رتبة عسكرية قيادية ومسؤولة في الجيش أو الشرطة؟,ضابط
ض,الشخص الذي تدعوه وتستقبله في بيتك وتكرمه بضيافتك؟,ضيف
ض,تعبير بالوجه وإصدار صوت يدل على الفرح والسرور لشيء مضحك؟,ضحك
ض,جانبا النهر أو الوادي اللذان يحصران المياه بينهما يطلق عليهما؟,ضفاف
ض,طريقة لجدل خصلات الشعر الطويلة لتجميله تسمى؟,ضفيرة
ض,العضو الذي يفرز الحليب في الأبقار والأغنام والماعز يسمى؟,ضرع
ض,قطعة قماش أو شاش طبي تلف حول الجرح لحمايته وإيقاف النزيف؟,ضمادة
ض,مبلغ مالي إلزامي تفرضه الدولة على السلع والممتلكات والدخل؟,ضريبة
ض,حالة انعدام القوة والطاقة والمرض في الجسم وعكس القوة تسمى؟,ضعف
ض,حيوان أليف من فصيلة الأغنام يربى للحمه وصوفه يسمى؟,ضأن
ط,بطاقة حمراء تعني إخراج اللاعب من الملعب وإكمال المباراة منقوصاً تسمى؟,طرد
ط,العاصمة اليابانية وأكبر مدن العالم من حيث التعداد السكاني؟,طوكيو
ط,وسيلة نقل جوية سريعة جداً تسافر بين الدول والقارات؟,طائرة
ط,طائر يشتهر بجمال ذيله الملون الكبير الذي يفرده كالمروحة للتباهي؟,طاووس
ط,الشخص المتخصص الذي درس الطب ويشخص ويعالج المرضى يسمى؟,طبيب
ط,نبات أحمر اللون يستخدم بكثرة في السلطات والطبخ ويعتبر من الفواكه؟,طماطم
ط,قطعة أثاث مسطحة مرفوعة على أرجل تستخدم للأكل أو العمل المكتبي؟,طاولة
ط,القدرة على بذل شغل في الفيزياء وتأتي بأشكال حركية وكهربائية وشمسية؟,طاقة
ط,تراب مختلط بالماء يشكل مادة لزجة قابلة للتشكيل قديماً للبناء؟,طين
ط,الإنسان في مراحله العمرية الأولى قبل البلوغ يسمى؟,طفل
ط,آلة موسيقية إيقاعية مجوفة يضرب عليها بالعصا أو اليد لإصدار الصوت؟,طبل
ط,وعاء دائري مسطح يوضع فيه الطعام للأكل والتقديم؟,طبق
ط,المادة السائلة الملونة التي تدهن بها الجدران والسيارات لتغيير لونها؟,طلاء
ط,ممر ممهد ومخصص لسير السيارات والمشاة للوصول للوجهات؟,طريق
ط,أن تطلب شيئاً من شخص ما بأدب أو احتياج يسمى؟,طلب
ط,المسافة من بداية الشيء إلى نهايته في اتجاه واحد وتقاس بالمتر؟,طول
ط,كائنات حية يغطيها الريش وتتكاثر بالبيض وتطير في الجو غالباً؟,طيور
ط,حالة الجو في مكان معين من حيث الحرارة والمطر خلال فترة قصيرة تسمى؟,طقس
ظ,مركز اللاعب المدافع الذي يلعب على الأطراف يمين ويسار يسمى؟,ظهير
ظ,حيوان رشيق وجميل من فصيلة الغزلان يعيش في الصحاري؟,ظبي
ظ,حالة تنعدم فيها الرؤية تماماً لغياب مصدر الضوء؟,ظلام
ظ,غلاف ورقي يطوى ويوضع بداخله الخطاب أو الرسالة لإرساله بالبريد؟,ظرف
ظ,انعكاس معتم لجسم يحجب مسار الضوء ويظهر على الأرض يسمى؟,ظل
ظ,الجزء الخلفي من جسم الإنسان الممتد من أسفل العنق إلى الخصر؟,ظهر
ظ,المادة الصلبة التي تنبت وتغطي أطراف أصابع الإنسان للوقاية؟,ظفر
ظ,حدث طبيعي أو غير اعتيادي يمكن ملاحظته ودراسته مثل الكسوف يسمى؟,ظاهرة
ظ,الشعور الشديد بالحاجة إلى شرب الماء وجفاف الحلق يسمى؟,ظمأ
ظ,الشخص الذي يسلب حقوق الآخرين ويعتدي عليهم ولا يعدل يسمى؟,ظالم
ظ,الانتصار على العدو والفوز بالشيء بعد تعب ومشقة يسمى؟,ظفر

ظ,الشيء الواضح والبين الذي يرى بالعين ولا يخفى على أحد يسمى؟,ظاهر
ظ,وقت منتصف النهار واشتداد حرارة الشمس يسمى وقت الـ؟,ظهيرة
ظ,المكان الذي تكثر فيه الأشجار وتحجب أشعة الشمس يسمى منطقة؟,ظليلة
ظ,الأشخاص الذين يتميزون بخفة الدم والفكاهة وحسن التصرف يطلق عليهم؟,ظرفاء
ظ,الشكوك والأفكار غير المؤكدة التي تدور في العقل ولا تستند ليقين تسمى؟,ظنون

ع,التمريرة العالية من الأطراف إلى داخل منطقة الجزاء للمهاجمين تسمى؟,عرضية
ع,العمود الأفقي الذي يربط القائمين الأيمن والأيسر في المرمى يسمى؟,عارضة
ع,دولة عربية يمر بها نهرا دجلة والفرات وعاصمتها بغداد؟,عراق
ع,دولة عربية خليجية عاصمتها مسقط وتتميز بطبيعتها الخلابة؟,عمان
ع,عضو الإبصار والرؤية في جسم الإنسان والحيوان؟,عين
ع,سائل حلو المذاق ومفيد جداً تنتجه النحلة من رحيق الأزهار؟,عسل
ع,طائر صغير الحجم يغرد بصوت جميل ويبني عشه على الأشجار؟,عصفور
ع,حشرة مفصلية تبني شباكاً حريرية هندسية لاصطياد فرائسها؟,عنكبوت
ع,الجزء الدائري الذي تدور عليه السيارات والآلات وتسمى كفرات وإطارات أو؟,عجلة
ع,الجزء الصلب الداخلي الأبيض الذي يشكل هيكل جسم الإنسان؟,عظم
ع,سائل يستخرج بعصر الفواكه ويعتبر مشروباً لذيذاً ومنعشاً؟,عصير
ع,النباتات الخضراء القصيرة التي تغطي أرضية الملاعب والحدائق؟,عشب
ع,الجزء المسؤول عن التفكير والوعي والتمييز في الإنسان؟,عقل
ع,الفترة الزمنية من اليوم التي تسبق غروب الشمس ويصلى فيها الفرض الثالث؟,عصر
ع,المدينة الرئيسية في الدولة ومقر الحكومة والسفارات تسمى؟,عاصمة
ع,الكوكب الذي نعيش عليه وكل ما فيه من شعوب وطبيعة يسمى؟,عالم
ع,سائل ذو رائحة طيبة يستخرج من الزهور والمواد العطرية للتعطر؟,عطر
ع,آلة موسيقية وترية شرقية شهيرة تصنع من الخشب تشبه الكمثرى؟,عود
غ,دولة إفريقية شاركت بقوة في كأس العالم 2010 بعناصرها الشابة وعاصمتها أكرا؟,غانا
غ,دولة إفريقية تقام فيها بطولات كروية وعاصمتها كوناكري؟,غينيا
غ,رياضة للطبقة المخملية تلعب بمضرب وكرة صغيرة على مساحات عشبية واسعة وحفر؟,غولف
غ,طائر أسود اللون ذكي جداً يرتبط في بعض الثقافات بالتشاؤم؟,غراب
غ,مساحة شاسعة مليئة بالأشجار الكثيفة والحيوانات البرية المتنوعة؟,غابة
غ,حالة المادة التي ليس لها شكل ثابت وتنتشر في المكان كالهواء؟,غاز
غ,مركبة بحرية عسكرية مصممة للغوص والعمل تحت سطح الماء لفترات طويلة؟,غواصة
غ,زعيم هندي تاريخي قاد المقاومة السلمية ضد الاحتلال البريطاني لبلاده؟,غاندي
غ,ذرات التراب الدقيقة والخفيفة التي تتطاير في الهواء مع قوة الرياح؟,غبار
غ,حيوان بري رشيق وجميل ذو عيون واسعة تغنى به الشعراء العرب كثيراً؟,غزال

غ,الشيء الذي يوضع فوق الأوعية والأشياء لحمايتها أو إغلاقها بإحكام؟,غطاء
غ,مادة سائلة لزجة تستخدم للصق الورق والأشياء ببعضها بقوة؟,غراء
غ,المساحة المغلقة بجدران داخل المنزل وتستخدم للنوم أو الجلوس والاستقبال؟,غرفة
غ,النزول والسباحة تحت سطح الماء للبحث أو الاستكشاف أو الترفيه يسمى؟,غوص
غ,انفعال شديد وحالة نفسية ناتجة عن الانزعاج أو التعرض للأذى تسمى؟,غضب
غ,الجزء الخشبي المتفرع من جذع الشجرة الأساسي ويحمل الأوراق والثمار؟,غصن
غ,ما يأكله الإنسان والحيوان ليستمد منه الطاقة للبقاء على قيد الحياة؟,غذاء
ف,مخالفة يرتكبها اللاعب ضد الخصم وتمنح الفريق الآخر ركلة حرة تسمى؟,فاول
ف,الاتحاد الدولي لكرة القدم المسؤول عن تنظيم اللعبة في العالم يختصر بـ؟,فيفا
ف,دولة أوروبية كبرى فازت بكأس العالم عامي 1998 و2018 عاصمتها باريس؟,فرنسا
ف,حيوان بري ضخم يتميز بخرطوم طويل وأنياب من العاج الثمين؟,فيل
ف,حشرة جميلة تتميز بأجنحتها الملونة الكبيرة وتنتقل بين رحيق الأزهار؟,فراشة
ف,المكان الشاسع المظلم والفارغ الذي تسبح فيه الكواكب والنجوم والمجرات؟,فضاء
ف,مادة صلبة سوداء تستخرج من باطن الأرض وتستخدم كوقود للاحتراق للتدفئة؟,فحم
ف,العضو الذي يستخدمه الإنسان للأكل والكلام ويحوي الأسنان واللسان؟,فم
ف,أداة تتكون من مقبض خشبي ورأس حديدي قاطع تستخدم لتكسير الحطب؟,فأس
ف,تقنية الفيديو المساعدة للحكم في كرة القدم لمراجعة اللقطات تسمى؟,فار
ف,مجموعة من اللاعبين يلعبون معاً لتحقيق الفوز والبطولة يطلق عليهم؟,فريق
ف,الانتصار في المباراة وتحقيق نتيجة إيجابية على الخصم يسمى؟,فوز
ف,حيوان مفترس من فصيلة القطط يعتبر أسرع حيوان بري على وجه الأرض؟,فهد
ف,مبنى ضخم مجهز بغرف لاستقبال وإقامة المسافرين والسياح بمقابل مادي؟,فندق
ف,نبات بقولي شهير يعتبر وجبة إفطار أساسية وشعبية في مصر والعديد من الدول؟,فول
ف,فاكهة حمراء صغيرة ولذيذة بذورها تقع على قشرتها الخارجية؟,فراولة
ف,لباس نسائي يغطي الجسم من الكتفين حتى الساقين يلبس في المناسبات؟,فستان
ف,معدن أبيض لامع ونفيس يستخدم في صناعة الحلي والعملات المعدنية والجوائز؟,فضة
ق,اللاعب الذي يرتدي الشارة ويوجه زملاءه في الملعب لرفع المعنويات يسمى؟,قائد
ق,العضو الذي يركل به اللاعب الكرة وأساس اللعبة مسمى به (كرة الـ)؟,قدم
ق,دولة عربية خليجية استضافت ونظمت كأس العالم 2022 بنجاح مبهر؟,قطر
ق,مدينة عربية عريقة هي عاصمة مصر وتلقب بمدينة الألف مئذنة؟,قاهرة
ق,حيوان يتسلق الأشجار بمهارة عالية ويشتهر بتقليد حركات الإنسان؟,قرد
ق,وسيلة نقل طويلة تتكون من عربات متصلة ببعضها تسير على سكة حديد؟,قطار
ق,الجرم السماوي المنير الذي يظهر في السماء ليلاً ويدور حول كوكب الأرض؟,قمر
ق,أداة أساسية وضرورية تستخدم للكتابة والتدوين بالحبر أو الرصاص؟,قلم
ق,العضو العضلي النابض الذي يضخ الدم في جسم الإنسان والكائن الحي؟,قلب
ق,أداة معدنية تستخدم لإغلاق الأبواب والصناديق بإحكام وتفتح بالمفتاح فقط؟,قفل
ق,مركبة مائية صغيرة تستخدم للتنقل والصيد والتجديف في الأنهار والبحار؟,قارب
ق,مبنى ضخم وفخم جداً محاط بحدائق يكون عادة مقراً وسكناً للملوك والأمراء؟,قصر
ق,أداة مقوسة بصلابة مرنة ومربوطة بوتر تستخدم لرمي السهام في الحروب قديماً؟,قوس
ق,مشروب ساخن منبه وشهير يصنع من بذور البن المحمصة والمطحونة؟,قهوة
ق,حيوان أليف من فصيلة السنوريات يحب النوم واللعب ويموء؟,قطة
ق,سمك بحري مفترس وخطير جداً يمتلك فكاً ضخماً وأسناناً حادة للتمزيق؟,قرش
ق,حصن دفاعي منيع وعالٍ يبنى في المرتفعات قديماً للحماية من هجوم الأعداء؟,قلعة
ق,مجموعة القواعد والتشريعات الإلزامية التي تنظم حياة الناس في المجتمع وتعاقب المخالف؟,قانون
ك,قائد الفريق الذي يرتدي شارة القيادة يسمى أيضاً بلفظ إنجليزي معرب هو؟,كابتن

ك,بطاقة ملونة يشهرها الحكم لمعاقبة اللاعب على الخطأ تسمى بطاقة أو؟,كارت
ك,دولة واسعة في أمريكا الشمالية عاصمتها أوتاوا وتشتهر بشعار ورقة القيقب الحمراء؟,كندا
ك,حيوان يلقب بصديق الإنسان الوفي ويستخدم للحراسة ورعي الأغنام والصيد؟,كلب
ك,جهاز إلكتروني متطور يعالج البيانات ويستخدم في كل المجالات حالياً للعمل واللعب؟,كمبيوتر
ك,قطعة أثاث مصممة للجلوس عليها ولها مسند للظهر وأربعة أرجل عادة؟,كرسي
ك,مادة كيميائية قابلة للاشتعال توضع على رأس عود خشبي وتستخدم لإشعال النار؟,كبريت
ك,المجسم الذهبي أو الفضي الذي يرفع بعد الفوز بالبطولة كرمز للانتصار يسمى؟,كأس
ك,جرم سماوي معتم يدور حول نجم مضيء مثل الأرض التي تدور حول الشمس يسمى؟,كوكب
ك,مجموعة أوراق مطبوعة ومجلدة بغلاف تحتوي على معلومات وقصص وعلوم للقراءة؟,كتاب
ك,وعاء صغير أسطواني الشكل وله مقبض يستخدم لشرب السوائل الساخنة كالماء والشاي؟,كوب
ك,طاقة خفية تشغل الأجهزة وتنير المصابيح وتعتبر عصب الحياة الحديثة والصناعة؟,كهرباء
ك,بيت صغير وبسيط يبنى عادة من الخشب أو جذوع الشجر أو القش في الريف أو الغابة؟,كوخ
ك,جهاز دقيق وعدسات يستخدم لالتقاط الصور الثابتة وتسجيل مقاطع الفيديو للتوثيق؟,كاميرا
ك,أموال ومجوهرات وذهب ثمين مخبأ تحت الأرض أو في البحر يبحث عنه القراصنة في القصص؟,كنز
ك,المفصل القوي الذي يربط بين الذراع والجذع في أعلى جسم الإنسان؟,كتف
ك,تجويف طبيعي مظلم وعميق داخل جبل أو صخرة كان يلجأ إليه الإنسان القديم للسكن؟,كهف
ل,الاسم الأول للأسطورة الأرجنتيني ميسي الحاصل على كؤوس ذهبية عديدة؟,ليونيل
ل,نادي إنجليزي عريق أحمر اللون يلقب بالريدز يلعب له النجم محمد صلاح؟,ليفربول
ل,مدينة هي عاصمة بريطانيا ويمر بها نهر التايمز وتشتهر بساعة بيغ بن؟,لندن
ل,فاكهة حمضية صفراء اللون غنية بفيتامين سي وتستخدم في العصير والطبخ؟,ليمون
ل,حجر كريم ثمين كروي أبيض أو وردي يستخرج من المحار في قاع البحر؟,لؤلؤ
ل,عضو عضلي في الفم مسؤول عن التذوق والكلام وتحريك الطعام أثناء المضغ؟,لسان
ل,شعاع ضوئي مركز ذو طاقة عالية جداً وفي اتجاه واحد يستخدم في الجراحة والصناعة؟,ليزر
ل,الصفة البصرية للأشياء التي تميزها العين مثل الأحمر والأزرق والأخضر تسمى؟,لون
ل,سطح مستو من القماش أو الخشب أو الورق يرسم عليه الفنان لوحاته وألوانه؟,لوحة
ل,نسيج عضلي من الحيوانات يتناوله الإنسان كغذاء أساسي غني بالبروتين؟,لحم
ل,الفترة المظلمة من اليوم التي تبدأ بعد غروب الشمس وتغيب فيها أشعتها للراحة؟,ليل
ل,الشخص الذي يسرق ممتلكات وأموال الآخرين خفية وبدون وجه حق يسمى؟,لص
ل,النشاط الترفيهي الممتع الذي يقوم به الأطفال والمراهقون بغرض التسلية والمرح؟,لعب
ل,نوع من المكسرات اللذيذة والمفيدة يستخرج من شجرة ذات أزهار وردية وبيضاء جميلة؟,لوز
ل,ما يرتديه الإنسان لتغطية وحماية جسده من العوامل الخارجية كالبرد والحر ويسمى ملابس أو؟,لباس
ل,وحدة قياس أساسية للسوائل لقياس الحجم مثل الماء والعصير والوقود يرمز لها بحرف L؟,لتر
ل,أداة أو نشاط بقواعد معينة تهدف للتسلية والتحدي مثل الشطرنج وورق اللعب تسمى؟,لعبة
ل,الشخص الذي يمارس رياضة معينة ضمن فريق مثل كرة القدم أو السلة يسمى؟,لاعب
م,المكان المخصص لإقامة مباريات كرة القدم ويحتوي على مدرجات عشبية للجماهير؟,ملعب
م,مركز اللاعب الذي مهمته الأساسية منع الخصم من التسجيل وإبعاد الكرة عن منطقته؟,مدافع
م,أسطورة الأرجنتين ونادي برشلونة الفائز بكأس العالم 2022 اللاعب ليونيل؟,ميسي
م,كوكب في المجموعة الشمسية يسمى بالكوكب الأحمر وهو الجار القريب لكوكب الأرض؟,مريخ
م,دولة عربية إفريقية عريقة توجد بها الأهرامات ونهر النيل الخالد؟,مصر
م,سائل شفاف لا لون له ولا طعم ولا رائحة وهو أساس الحياة على الأرض لجميع الكائنات؟,ماء
م,أداة معدنية صغيرة بأسنان بارزة تستخدم لفتح الأقفال والأبواب المغلقة للبيوت والسيارات؟,مفتاح
م,مهنة الشخص المتخصص الذي يقوم بتصميم وبناء وتخطيط المباني والجسور والآلات؟,مهندس
م,أداة يدوية ذات شفرتين قاطعتين متقاطعتين تستخدم لقص الورق والقماش والشعر؟,مقص
م,العضو الرئيسي والحساس في الدماغ داخل الجمجمة المسؤول عن التفكير والذاكرة وحركة الجسم؟,مخ
م,قطعة معدنية مدببة الرأس تطرق بالمطرقة لتثبيت الأشياء الخشبية ببعضها؟,مسمار
م,قطرات الماء المتساقطة من الغيوم في السماء إلى سطح الأرض لتروي الزرع تسمى؟,مطر
م,مساحة شاسعة جداً من المياه المالحة العميقة تفصل بين القارات كالهادي والأطلسي؟,محيط
م,مؤسسة تعليمية يذهب إليها الأطفال والطلاب يومياً لتلقي العلم والمعرفة والتربية؟,مدرسة
م,المكان أو الغرفة المخصصة للعمل الإداري والقراءة والكتابة وإنجاز المهام الوظيفية؟,مكتب
م,دار العبادة المخصصة للمسلمين لأداء الصلوات الخمس المفروضة وتلاوة القرآن؟,مسجد
م,مبنى مخصص لحفظ وعرض الآثار والأعمال الفنية والتاريخية القديمة للزوار والسياح؟,متحف
م,سطح زجاجي مصقول وعاكس للضوء يعكس الصور بشكل واضح لتتمكن من رؤية وتعديل مظهرك؟,مرآة
ن,المؤسسة أو الكيان الذي يضم اللاعبين والمدرب والإدارة في الكرة وينافس في البطولات؟,نادي
ن,المباراة الأخيرة والحاسمة في البطولة التي تحدد البطل المتوج والفائز بالكأس تسمى؟,نهائي
ن,لاعب برازيلي مهاري ارتدى الرقم 10 في باريس سان جيرمان وانتقل لنادي الهلال السعودي؟,نيمار
ن,نهر هو الأطول في العالم ويمر بمصر والسودان وعدة دول إفريقية ويصب في البحر المتوسط؟,نيل
ن,حيوان مفترس من فصيلة القطط الكبيرة يتميز بجلده المخطط بالأصفر والأسود وقوته الهائلة؟,نمر
ن,حشرة مفيدة جداً ومجتهدة تمتص رحيق الأزهار وتعيش في خلايا لإنتاج العسل والشمع؟,نحلة
ن,أداة بعدستين توضع على العينين لتحسين الرؤية للمرضى أو الحماية من أشعة الشمس الساطعة؟,نظارة
ن,معدن لونه يميل للاحمرار يستخدم بكثرة في صناعة الأسلاك الكهربائية لجودته العالية في التوصيل؟,نحاس
ن,جسم فلكي مضيء وملتهب في السماء يشع حرارة وضوءاً وتدور حوله الكواكب مثل الشمس؟,نجم
ن,الطاقة الحرارية المضيئة الناتجة عن احتراق المواد وتستخدم للتدفئة والطبخ والإنارة قديماً؟,نار
ن,الضوء الساطع والإشعاع الذي يضيء المكان ويزيل الظلام ويجعل الرؤية ممكنة وواضحة؟,نور
ن,فتحة في الجدار للتهوية ودخول الضوء إلى الغرفة تغطى عادة بالزجاج ويمكن فتحها وإغلاقها؟,نافذة
ن,حشرة صغيرة جداً تعيش في مستعمرات تحت الأرض وتضرب بها الأمثال في الجد والعمل والتنظيم؟,نملة
ن,شجرة طويلة تنمو في الصحراء والواحات وتنتج التمر والرطب وتعتبر رمزاً للبيئة العربية؟,نخلة
ن,طائر جارح ضخم يتميز بمنقار معقوف وحاد ومخالب قوية ويعتبر رمزاً للقوة والحرية في الشعارات؟,نسر
ن,مجرى مائي طبيعي واسع وطويل من المياه العذبة يتدفق على اليابسة ويصب في البحر أو المحيط؟,نهر
ن,حالة الراحة الطبيعية والاسترخاء التي يفقد فيها الإنسان الوعي مؤقتاً ليلاً لاستعادة طاقته ونشاطه؟,نوم
ن,الكائن الحي الذي ينمو في الأرض ويصنع غذاءه بنفسه بعملية البناء الضوئي ويمدنا بالأكسجين والغذاء؟,نبات
هـ,الخط المتقدم في الفريق ومهمته الأساسية تسجيل الأهداف واختراق دفاع الخصم يسمى خط الـ؟,هجوم
هـ,اللاعب الذي يسجل أكبر عدد من الأهداف في البطولة ويفوز بالحذاء الذهبي يلقب بـ؟,هداف
هـ,مصطلح إنجليزي يطلق على تسجيل اللاعب لثلاثة أهداف في مباراة واحدة؟,هاتريك
هـ,عاصمة كوبا ومدينة تاريخية شهيرة (إذا نطقناها بدون ال التعريف تبدأ بحرف الهاء)؟,هافانا
هـ,طائر جميل ذكره القرآن الكريم في قصة النبي سليمان وعرش بلقيس ملكة سبأ؟,هدهد
هـ,بناء تاريخي ضخم يأخذ شكلاً مثلثاً مائلاً كعجائب الفراعنة في منطقة الجيزة بمصر؟,هرم
هـ,جهاز تقني محمول أو ثابت يستخدم للاتصال والتواصل الصوتي عن بعد عبر الشبكات؟,هاتف
هـ,طائرة مروحية تمتلك شفرات دوارة في أعلاها تقلع وتطير وتهبط بشكل عمودي ولا تحتاج لمدرج؟,هليكوبتر
هـ,الطور الأول من أطوار القمر عندما يكون مقوساً ومضيئاً بشكل خفيف في بداية الشهر الهجري؟,هلال
هـ,الخليط الغازي الشفاف وغير المرئي الذي يحيط بالأرض ونتنفسه لنعيش ويتكون معظمه من النيتروجين؟,هواء
هـ,شيء جميل وقيم يقدم لشخص للتعبير عن المحبة أو التهنئة بمناسبة نجاح أو زواج أو شفاء؟,هدية
هـ,العلم الذي يهتم بتصميم وبناء الآلات والمباني وتطبيق النظريات العلمية الرياضية على أرض الواقع؟,هندسة
هـ,حالة من السكينة والطمأنينة وغياب الضوضاء والإزعاج والأصوات العالية تسمى؟,هدوء
هـ,الخسارة في المباراة أو المعركة وعدم القدرة على تحقيق النصر والتفوق على الخصم تسمى؟,هزيمة
هـ,أنثى القط وتسمى في اللغة العربية الفصحى بهذا الاسم المكون من ثلاثة حروف؟,هرة
هـ,البنية العظمية الداخلية التي تدعم جسم الإنسان والحيوان وتعطيه شكله الثابت وتحمي أعضاءه؟,هيكل
هـ,الشخص الذي يفر من وجه العدالة أو الشرطة للاختباء والهروب من العقاب على جرائمه يسمى؟,هارب
هـ,عملية تساقط ونزول المطر المندفع أو الثلج بغزارة من الغيوم الملبدة إلى الأرض تسمى؟,هطول
و,خط اللاعبين الذي يربط بين الدفاع والهجوم ويتحكم برتم المباراة وصناعة اللعب يسمى خط الـ؟,وسط
و,دولة بريطانية يمثلها اللاعب غاريث بيل في كرة القدم وشاركت في كأس العالم 2022؟,ويلز
و,العاصمة السياسية للولايات المتحدة الأمريكية التي يقع فيها البيت الأبيض ومقر الحكومة؟,واشنطن
و,طائر ثديي ينام مقلوباً ويطير ليلاً بحثاً عن طعامه ويسمى خفاشاً أو؟,وطواط
و,زهرة جميلة ذات رائحة عطرة وأشواك على ساقها تعتبر رمزاً عالمياً للحب والجمال؟,وردة
و,ما يوضع تحت الرأس عند النوم للراحة وتصنع عادة من القماش المحشو بالقطن أو الريش وتسمى مخدة أو؟,وسادة
و,مادة رقيقة ومرنة تصنع من لب الأشجار المفروم وتستخدم للكتابة والطباعة والتغليف؟,ورقة
و,الجزء الأمامي من رأس الإنسان الذي يضم العينين والأنف والفم ويعبر عن ملامح الشخص؟,وجه
و,مقياس لكتلة الجسم وقوة جذب الأرض له ويقاس بالكيلوجرام ويزداد عند الإفراط في الأكل؟,وزن
و,المقدار الزمني وعمر الأشياء الذي يقاس بالساعات والدقائق والأيام والسنوات؟,وقت
و,حيوان ضخم يمتلك قرناً واحداً صلباً على أنفه ويعتبر من أضخم الثدييات البرية المهددة بالانقراض؟,وحيد القرن
و,إناء مجوف وعميق يستخدم لحفظ أو تقديم السوائل والأطعمة في المطبخ وعلى المائدة؟,وعاء
و,الذكر الصغير من البشر قبل أن يبلغ سن الرشد والشباب يسمى طفلاً أو صبياً أو؟,ولد
و,ميدالية أو شارة شرفية معدنية تعلق على الصدر تكريماً لإنجاز عظيم أو شجاعة استثنائية؟,وسام
و,منصب حكومي سياسي رفيع لشخص يدير وزارة معينة في الدولة ضمن مجلس الوزراء مثل الصحة والتعليم؟,وزير
و,قطعة من الخشب أو الحديد الصلب تدق وتغرس في الأرض لتثبيت الخيمة أو ربط الحيوانات؟,وتد
و,خلق كريم ونبيل يعني الإخلاص والحفاظ على العهود والأمانات وعدم الغدر والخيانة بالآخرين؟,وفاء
و,المنطقة المنخفضة والممتدة بين جبلين أو تلال وتجري فيها مياه السيول والأنهار عادة؟,وادي
ي,نادي إيطالي عريق يلقب بالسيدة العجوز يرتدي الأبيض والأسود (بدون أل التعريف)؟,يوفنتوس
ي,الاتحاد الأوروبي لكرة القدم المسؤول عن تنظيم دوري الأبطال والبطولات القارية يختصر بـ؟,يويفا
ي,دولة آسيوية متطورة تسمى بلاد الشمس المشرقة عاصمتها طوكيو وتشتهر بالتكنولوجيا المتقدمة؟,يابان
ي,حجر كريم صلب وشفاف يتميز بلونه الأحمر الصافي والجميل ويستخدم في صناعة المجوهرات الفاخرة؟,ياقوت
ي,زهرة بيضاء ذات رائحة فواحة جداً تشتهر بها العاصمة السورية دمشق وتستخرج منها العطور؟,ياسمين
ي,الاتجاه المعاكس لليسار والذي يفضل المسلمون البدء به دائماً في الأكل والشرب والمصافحة؟,يمين
ي,العملة الرسمية الموحدة لمعظم دول الاتحاد الأوروبي كفرنسا وإيطاليا وإسبانيا وألمانيا؟,يورو
ي,فترة زمنية تتكون من 24 ساعة وتبدأ من طلوع الفجر إلى شروق شمس اليوم التالي؟,يوم
ي,طرف من أطراف الإنسان العلوي ينتهي بالأصابع الخمسة ويستخدم للمسك والعمل والكتابة؟,يد
ي,نبات قرعي كبير الحجم برتقالي اللون ارتبط بقصة النبي يونس عليه السلام في بطن الحوت؟,يقطين
ي,عين الماء الصافية التي تتدفق وتتفجر من باطن الأرض بشكل طبيعي وتجري على سطحها؟,ينبوع
ي,نوع من الطيور يشبه الحمام البري ويعتبر رمزاً للسلام والهدوء في العديد من الثقافات والقصص؟,يمام
ي,حالة نفسية سلبية تعني انقطاع الأمل وفقدان الرجاء في تحقيق الشيء واستحالة الوصول للهدف؟,يأس
ي,سفينة فاخرة وصغيرة ومجهزة بأحدث وسائل الراحة تستخدم للترفيه والرحلات البحرية الخاصة؟,يخت
ي,حالة الانتباه والوعي التام وعدم النوم أو الغفلة والاستعداد لأي طارئ تسمى حالة الـ؟,يقظة

ي,الشيء الجاف الصلب الذي فقد رطوبته وماءه بالكامل وعكس المبلل والرطب يسمى؟,يابس
ي,حشرة تطير ليلاً في الغابات وتشع نوراً من أسفل بطنها تسمى باللغة العربية الفصحى؟,يراع
أ,صلة قرابة تطلق على من يشاركك نفس الأب أو الأم؟,أخ
أ,العضو البارز في الوجه والمسؤول عن حاسة الشم والتنفس؟,أنف
أ,العضو المسؤول عن حاسة السمع وتوازن الجسم في الإنسان؟,أذن
أ,أحد الأطراف المتفرعة في الكف وتستخدم للمسك والإشارة؟,أصبع
أ,جزء من الجهاز الهضمي على شكل أنبوب طويل يمتص الغذاء؟,أمعاء
أ,تراكيب صلبة بيضاء في الفم تستخدم لتقطيع ومضغ الطعام؟,أسنان
أ,مقعد مبطن ومريح يتسع لأكثر من شخص للجلوس في غرفة المعيشة؟,أريكة
أ,وعاء له مقبض وفوهة يستخدم لغلي وتقديم الشاي أو القهوة؟,إبريق
أ,أداة معدنية رفيعة جداً وحادة الرأس تستخدم في الخياطة؟,إبرة
أ,مقعد معلق بحبلين يتأرجح به الأطفال في الحدائق للعب؟,أرجوحة
ب,خضار لونه بنفسجي داكن يستخدم في إعداد المصقعة والمقلوبة؟,باذنجان
ب,نبات قرني أخضر يطبخ كمرق ويتميز بمادة لزجة داخله؟,بامية
ب,أوراق خضراء عطرية تفرم وتستخدم كعنصر أساسي في التبولة؟,بقدونس
ب,فاكهة شتوية حمضية غنية بفيتامين سي وقشرتها مسامية؟,برتقال
ب,مساحة من الأرض مزروعة بالأشجار المثمرة والزهور المنسقة؟,بستان
ب,الشخص الذي يعرض السلع والمنتجات للناس مقابل المال؟,بائع
ب,صفة تطلق على الشخص شديد الحرص على ماله والذي يكره الإنفاق؟,بخيل
ب,نظام ومؤسسة حكومية مسؤولة عن نقل الرسائل والطرود؟,بريد
ب,ورقة مستطيلة صغيرة تحمل هوية الشخص أو تستخدم للدعوة؟,بطاقة
ب,حيوان ثديي أليف يربى في المزارع لإنتاج الحليب واللحم؟,بقرة
ت,ثمرة حلوة المذاق تؤخذ من النخلة ويفطر عليها المسلمون في رمضان؟,تمر
ت,الشخص الذي يمارس البيع والشراء لتحقيق الأرباح المادية؟,تاجر
ت,ورقة مطبوعة أو إلكترونية تسمح لك بالدخول للملعب أو ركوب الطائرة؟,تذكرة
ت,فن التقاط اللحظات والمناظر بالكاميرا والاحتفاظ بها كذكرى؟,تصوير
ت,الطفل أو الشاب الذي يتلقى العلم والمعرفة في المدرسة؟,تلميذ
ت,العبارات الطيبة التي تقال لمشاركة الآخرين أفراحهم ونجاحاتهم؟,تهنئة
ت,الندم على الذنب والرجوع إلى الله والعزم على عدم العودة للمعصية؟,توبة
ت,ذكر الماعز ويشتهر بقرونه القوية ولحيته الصغيرة؟,تيس
ت,النظرة الإيجابية للحياة وتوقع حدوث الأشياء الجيدة وعكسه التشاؤم؟,تفاؤل
ت,توقع السوء والشر دائماً والنظرة السلبية للأمور وعكسه التفاؤل؟,تشاؤم
ث,فتحة أو شق أو نقطة ضعف في نظام الحماية يمكن اختراقها؟,ثغرة
ث,مقدار وزن الشيء ومدى صعوبة وحجم المجهود في حمله وتحريكه؟,ثقل
ث,القيمة المالية أو السعر الذي يدفع مقابل الحصول على سلعة؟,ثمن
ث,اللباس العربي التقليدي الفضفاض الذي يرتديه الرجال؟,ثوب
ث,أكلة شعبية قديمة تتكون من الخبز المقطع والمغموس بالمرق واللحم؟,ثريد
ث,مبنى أو معسكر مخصص لإقامة وتدريب الجنود في الجيش؟,ثكنة
ث,الإيمان المطلق بقدراتك الشخصية أو بأمانة شخص آخر؟,ثقة
ث,الانتقام ورد الأذى بمثله وهي عادة قبلية قديمة نبذها الإسلام؟,ثأر
ث,الشخص الذي يكثر من الكلام والحديث دون فائدة أو انقطاع؟,ثرثار
ث,الشخص الذي يمتلك أموالاً طائلة وعقارات كثيرة ويعيش برفاهية؟,ثري
ج,البناء العمودي الصلب الذي يحيط بالغرفة أو المنزل لحمايته وتقسيمه؟,جدار
ج,الغطاء الجلدي الرقيق الذي يغطي العين ويحميها ويتحرك عند الرمش؟,جفن
ج,الجزء الأمامي من رأس الإنسان الذي يقع بين الحاجبين ومنبت الشعر؟,جبهة
ج,النار الشديدة والعذاب الأليم وعكسها الجنة والنعيم؟,جحيم
ج,المكان المليء بالنعيم والأنهار والثمار الذي أعده الله للمتقين؟,جنة
ج,ما يلبس في القدمين من القطن أو الصوف قبل الحذاء للتدفئة؟,جوارب
ج,الكيس الصغير المخيط في الملابس أو السراويل لحفظ النقود والمفاتيح؟,جيب
ج,المطبوعة الورقية اليومية التي تنقل الأخبار والمقالات للقراء وتسمى صحيفة أو؟,جريدة
ج,القطعة المشتعلة والمتوهجة من الفحم أو الحطب التي تشع حرارة وناراً؟,جمرة
ج,حالة تصيب الأراضي الزراعية نتيجة انقطاع الأمطار وتشقق التربة؟,جفاف
ح,الوعاء الكبير أو المساحة المقعرة المخصصة لزراعة النباتات أو الاستحمام؟,حوض
ح,العضو المسؤول عن إصدار الصوت في الرقبة ويحتوي على الحبال الصوتية؟,حنجرة

ح,ابن الابن أو ابن البنت بالنسبة لجده وجدته في تسلسل العائلة؟,حفيد
ح,أم الزوج أو أم الزوجة يطلق عليها في التسميات العائلية العربية؟,حماة

ح,عاطفة قوية وشعور عميق بالمودة والميل تجاه شخص أو شيء معين؟,حب
ح,الشعور بالألم النفسي والكآبة والضيق وعكسه الفرح والسرور؟,حزن
ح,الشعور بالعداوة والكراهية الشديدة وتمني زوال النعمة عن الآخرين؟,حقد
ح,ما يراه النائم في نومه من خيالات وأحداث متسلسلة؟,حلم
خ,الأثر الذي يتركه القلم على الورق وله أنواع كالرقعة والنسخ؟,خط
خ,السلك الرفيع المصنوع من القطن أو الحرير ويستخدم في الحياكة؟,خيط
خ,حرفة وعملية توصيل وربط قطع القماش ببعضها لصنع الملابس؟,خياطة
خ,الشخص الذي يحضر ويعجن الدقيق ويخبزه في الفرن لصنع الخبز؟,خباز
خ,الشخص الذي يعمل في المنازل لتنظيفها والمساعدة في الأعمال اليومية؟,خادم
خ,الأشياء المعدنية والآلات القديمة التالفة التي يعاد بيعها وصهرها؟,خردة
خ,الدولاب الخشبي أو المعدني المخصص لترتيب وحفظ الملابس والأغراض؟,خزانة
خ,حفرة عميقة وطويلة تحفر في الأرض حول المدن لحماية الجنود؟,خندق
خ,سلاح أبيض قصير ذو نصل مقوس يلبس للزينة في بعض الثقافات العربية؟,خنجر
خ,غطاء صلب يلبسه عمال البناء أو سائقو الدراجات لحماية الرأس؟,خوذة
د,لوح صلب كان يحمله المقاتل قديماً في يده لصد ضربات السيوف والسهام؟,درع

د,المحل التجاري الصغير الذي يبيع السلع الغذائية والاحتياجات اليومية؟,دكان
د,المبالغ والأموال التي يقترضها الشخص من الآخرين ويجب عليه إعادتها؟,ديون
د,المرشد أو الكتاب الذي يحتوي على توجيهات ومعلومات تدلك على الطريق؟,دليل
د,الوثيقة القانونية الأعلى في الدولة التي تحدد نظام الحكم والقوانين؟,دستور
د,كلمة عربية أصيلة تعني المنزل أو البيت الذي يأوي إليه الإنسان؟,دار
د,وعاء عميق مزود بمقبض يستخدم لرفع المياه من البئر أو نقل السوائل؟,دلو
د,ذكر الدجاج ويتميز بعرفه الأحمر ويشتهر بصياحه لإيقاظ الناس فجراً؟,ديك
د,المسحوق الأبيض الناعم الناتج عن طحن حبوب القمح لصنع الخبز؟,دقيق
ذ,مرض واضطراب عقلي شديد يفقد فيه المريض اتصاله بالواقع ويهلوس؟,ذهان
ذ,الشعور بالمهانة والانكسار والضعف وفقدان الكرامة أمام الآخرين؟,ذل
ذ,كلمة تدل على النفس والشخصية الإنسانية الداخلية وتقال بضمير الأنا؟,ذات
ذ,الأحداث والمواقف والصور الماضية المخزنة في العقل ونسترجعها دائماً؟,ذكريات
ذ,الحجة أو العذر الوهمي الذي يختلقه الشخص لتبرير أفعاله وتصرفاته؟,ذريعة
ذ,أعلى نقطة وقمة في الجبل أو أعلى مستوى للنجاح والازدهار؟,ذروة
ذ,حالة الصدمة والاندهاش الشديد الذي يجعل الشخص عاجزاً عن الكلام؟,ذهول
ذ,العملية الفيزيائية لتحول المادة من الحالة الصلبة إلى السائلة بالحرارة؟,ذوبان
ذ,الرصاص والطلقات التي تستخدم في الأسلحة النارية والبنادق؟,ذخيرة
ذ,صفة تطلق على النبات أو الورد عندما يفقد ماءه ونضارته ويجف؟,ذابل
ر,الشريط أو الخيط الذي يستخدم لشد وتثبيت الأشياء كـ ... الحذاء؟,رباط
ر,الشعيرات الدقيقة التي تنبت على أطراف الأجفان لحماية العين؟,رموش
ر,الجزء من الجسم الذي يربط بين الرأس والجذع ويحتوي على الحنجرة؟,رقبة
ر,المفصل الدائري الذي يربط بين الكف والساعد ويوضع عليه ساعة اليد؟,رسغ
ر,المنصب القيادي الأعلى في الدولة أو المؤسسة لاتخاذ القرارات؟,رئاسة
ر,المال الذي يدفع بشكل غير قانوني لتسهيل معاملة بغير وجه حق؟,رشوة
ر,الممر الجانبي المرتفع عن الشارع والمخصص لسير المشاة بأمان؟,رصيف

ر,أداء حركات إيقاعية متناسقة بالجسم تعبيراً عن الفرح في المناسبات؟,رقص
ر,القطعة المعدنية النارية التي تخرج من فوهة البندقية عند الإطلاق؟,رصاصة
ز,إعصار أو رياح قوية جداً تدور بشكل حلزوني وترفع الأتربة؟,زوبعة
ز,الممر أو الشارع الضيق جداً بين المنازل والمباني القديمة؟,زقاق
ز,الغرفة الضيقة والمغلقة بقضبان حديدية داخل السجن لحبس السجين؟,زنزانة
ز,العميل الذي يشتري السلع والخدمات من المتاجر بشكل مستمر؟,زبون
ز,العقد والارتباط الشرعي بين الرجل والمرأة لتكوين أسرة وبناء حياة؟,زواج
ز,الرجل الذي ارتبط بامرأة بعقد زواج شرعي ورسمي وموثق؟,زوج
ز,المرأة التي ارتبطت برجل بعقد زواج شرعي ورسمي وموثق؟,زوجة
ز,عملية غرس البذور والشتلات في التربة وتوفير الماء لتنمو؟,زرع
ز,نبات عشبي يطحن ويخلط بالسمسم ويؤكل مع الزيت كوجبة فطور بالزعتر؟,زعتر
ز,حبات العنب المجففة التي تتميز بحلاوتها وتضاف للحلويات والأرز؟,زبيب
س,التجويف الصغير في منتصف بطن الإنسان وهو أثر قطع الحبل السري؟,سرة
س,الجزء من الطرف السفلي الذي يمتد من الركبة إلى الكاحل للمشي؟,ساق
س,الإصبع الثاني في اليد ويستخدم للإشارة نحو الأشياء والتوجيه؟,سبابة
س,الأداة القتالية الهجومية أو الدفاعية المستخدمة في المعارك كالبندقية؟,سلاح
س,المبنى المحصن الذي يحتجز فيه المجرمون لقضاء فترة عقوبتهم؟,سجن
س,المكان المفتوح أو المغلق الذي يجتمع فيه الباعة والمشترون لتبادل السلع؟,سوق
س,السفر والانتقال من بلد إلى آخر بهدف الترفيه أو الاستكشاف؟,سياحة
س,الممثل الدبلوماسي الرسمي المعتمد لدولة ما في دولة أخرى؟,سفير
س,الموظف الإداري المسؤول عن تنظيم المواعيد والرد على المكالمات؟,سكرتير
س,المهني والفني المتخصص في تركيب وإصلاح أنابيب المياه والصنابير؟,سباك
ش,الوعاء الدموي النابض الذي ينقل الدم النقي من القلب إلى الجسم؟,شريان
ش,الجزء اللحمي الخارجي البارز الذي يحيط بالفم ويغطي الأسنان؟,شفة
ش,البقعة الداكنة الصغيرة التي تظهر على الجلد وتعتبر من علامات الجمال؟,شامة
ش,المرحلة العمرية الحيوية التي تتوسط بين مرحلة الطفولة والشيخوخة؟,شباب
ش,المرحلة العمرية المتقدمة التي تتسم بضعف الجسد وظهور التجاعيد؟,شيخوخة
ش,إثارة الفوضى والتخريب المتعمد للممتلكات من قبل الجماهير الغاضبة؟,شغب
ش,المكانة الأخلاقية والسمعة الطيبة وعزة النفس التي يحافظ عليها الإنسان؟,شرف
ش,الإقدام والجرأة في مواجهة الخطر وعدم الخوف أو التراجع؟,شجاعة
ش,التعب الشديد والمعاناة المستمرة في الحياة وعكسه السعادة والراحة؟,شقاء
ش,الكاتب الموهوب الذي يتقن نظم القصائد والأبيات الموزونة والمقفاة؟,شاعر
ص,الجزء الأمامي من جذع الإنسان والذي يحوي القلب والرئتين؟,صدر
ص,الكيس أو القطعة القماشية الصغيرة التي يربط فيها النقود قديماً لحفظها؟,صرة
ص,حالة تؤدي إلى تساقط وفقدان شعر الرأس بشكل دائم وتصيب الرجال؟,صلع
ص,الامتناع عن الأكل والشرب والمفطرات من طلوع الفجر إلى غروب الشمس؟,صيام
ص,الركن الثاني من أركان الإسلام وهي العبادة المفروضة خمس مرات يومياً؟,صلاة
ص,إنهاء حالة العداوة والخصومة بين طرفين متنازعين وإعادة العلاقات السلمية؟,صلح
ص,قول الحق ومطابقة الكلام للواقع وعدم الكذب أو التزييف؟,صدق
ص,الوضوح والشفافية التامة في الكلام وإبداء الرأي دون لف أو دوران؟,صراحة
ص,الرفيق المقرب والوفي الذي تشاركه أسرارك ويقف معك وقت الضيق؟,صديق
ص,زوج ابنتك أو زوج أختك يطلق عليه في تسميات القرابة العربية؟,صهر
ض,استقبال الزوار وإكرامهم وتقديم الطعام والشراب لهم بكل ترحاب؟,ضيافة
ض,الأصوات العالية والمزعجة والمتداخلة التي تسبب الإزعاج وتلوث السمع؟,ضوضاء
ض,طريقة لجدل وربط خصلات الشعر الطويلة مع بعضها لتجميله وترتيبه؟,ضفيرة
ض,أحد العظام المقوسة التي تشكل القفص الصدري لحماية القلب والرئتين؟,ضلع
ض,الوازع الداخلي الذي يحاسب الإنسان على أخطائه ويميز بين الصح والخطأ؟,ضمير
ض,الشخص الذي فقد نعمة البصر ولا يستطيع الرؤية ويسمى أعمى أو؟,ضرير
ض,الشخص الذي يتعرض للأذى أو الظلم أو يفقد حياته بسبب حادث أو جريمة؟,ضحية
ض,مبلغ مالي إلزامي تفرضه الدولة على السلع والممتلكات والدخل؟,ضريبة
ض,حالة انعدام القوة والطاقة والمرض في الجسم وعكس القوة والصلابة؟,ضعف
ض,حيوان أليف من فصيلة الأغنام يغطيه الصوف ويربى للحمه وحليبه؟,ضأن
ط,آلة موسيقية إيقاعية مجوفة يضرب عليها بالعصا أو اليد لإصدار الصوت؟,طبل
ط,المسحوق الأبيض الناعم الناتج عن طحن حبوب القمح لصنع الخبز ويسمى دقيق أو؟,طحين
ط,الانفصال الرسمي والشرعي بين الزوجين وإنهاء عقد الزواج بينهما؟,طلاق
ط,الشخص الذي لا يقتنع بما لديه ويرغب دائماً في أخذ المزيد وبأشياء الآخرين؟,طماع
ط,الرغبة الشديدة والدافع القوي لتحقيق أهداف عالية ونجاحات كبيرة في المستقبل؟,طموح
ط,وعاء معدني عميق بغطاء يستخدم لطبخ وسلق الطعام على النار وتسمى قدر أو؟,طنجرة
ط,تراب مختلط بالماء يشكل مادة لزجة قابلة للتشكيل كانت تستخدم في البناء قديماً؟,طين
ط,الشخص المؤهل والمدرب الذي يقود الطائرات المدنية أو الحربية في الجو؟,طيار
ط,الألوان السبعة الناتجة عن تحلل الضوء الأبيض مثل ألوان قوس قزح؟,طيف
ط,مرض وبائي بكتيري فتاك ومعدٍ اجتاح العالم قديماً وسمي بالموت الأسود؟,طاعون
ظ,حالة تنعدم فيها الرؤية تماماً لغياب مصدر الضوء وعكسها النور؟,ظلام
ظ,غلاف ورقي يطوى ويوضع بداخله الخطاب أو الرسالة لإرساله بالبريد؟,ظرف
ظ,انعكاس معتم لجسم يحجب مسار الضوء ويظهر على الأرض بجانبه؟,ظل
ظ,الجزء الخلفي من جسم الإنسان الممتد من أسفل العنق إلى الخصر؟,ظهر
ظ,المادة الصلبة التي تنبت وتغطي أطراف أصابع الإنسان للوقاية؟,ظفر
ظ,حدث طبيعي أو غير اعتيادي يمكن ملاحظته ودراسته مثل الكسوف والخسوف؟,ظاهرة
ظ,الشعور الشديد بالحاجة إلى شرب الماء وجفاف الحلق ويسمى عطش أو؟,ظمأ
ظ,الشخص الذي يسلب حقوق الآخرين ويعتدي عليهم ولا يعدل بينهم؟,ظالم

ظ,وقت منتصف النهار واشتداد حرارة الشمس العمودية يسمى وقت الـ؟,ظهيرة
ع,الجزء الصلب الداخلي الأبيض الذي يشكل هيكل جسم الإنسان؟,عظم
ع,سائل يستخرج بعصر الفواكه ويعتبر مشروباً لذيذاً ومنعشاً؟,عصير
ع,النباتات الخضراء القصيرة التي تغطي أرضية الملاعب والحدائق؟,عشب
ع,سائل ذو رائحة طيبة يستخرج من الزهور والمواد العطرية للتعطر؟,عطر
ع,آلة موسيقية وترية شرقية شهيرة تصنع من الخشب تشبه الكمثرى؟,عود
ع,حشرة مفصلية تبني شباكاً حريرية هندسية لاصطياد فرائسها؟,عنكبوت
ع,الجزء الدائري الذي تدور عليه السيارات والآلات وتسمى إطارات أو؟,عجلة
ع,المدينة الرئيسية في الدولة ومقر الحكومة والسفارات؟,عاصمة
ع,الجزء المسؤول عن التفكير والوعي والتمييز في الإنسان؟,عقل
ع,البناء الرأسي الطويل الذي يرفع السقف ويدعم المبنى أو يحمل الأسلاك؟,عمود
غ,ذرات التراب الدقيقة والخفيفة التي تتطاير في الهواء مع قوة الرياح؟,غبار
غ,حيوان بري رشيق وجميل ذو عيون واسعة تغنى به الشعراء العرب كثيراً؟,غزال

غ,الشيء الذي يوضع فوق الأوعية والأشياء لحمايتها أو إغلاقها بإحكام؟,غطاء
غ,مادة سائلة لزجة تستخدم للصق الورق والأشياء ببعضها بقوة؟,غراء
غ,المساحة المغلقة بجدران داخل المنزل وتستخدم للنوم أو الجلوس؟,غرفة
غ,النزول والسباحة تحت سطح الماء للبحث أو الاستكشاف أو الترفيه؟,غوص
غ,انفعال شديد وحالة نفسية ناتجة عن الانزعاج أو التعرض للأذى؟,غضب
غ,الجزء الخشبي المتفرع من جذع الشجرة الأساسي ويحمل الأوراق والثمار؟,غصن
غ,ما يأكله الإنسان والحيوان ليستمد منه الطاقة للبقاء على قيد الحياة؟,غذاء
ف,أداة أو شرك ينصب للإيقاع بالحيوانات واصطيادها أو بخداع شخص للإيقاع به؟,فخ
ف,وقت بداية ظهور الضوء في السماء قبل شروق الشمس وهو وقت الصلاة الأولى؟,فجر
ف,الجزء العلوي من ساق الإنسان والحيوان ويمتد من الحوض إلى الركبة؟,فخذ
ف,الشعور بالبهجة والسرور والانبساط نتيجة لحدث سعيد أو نجاح؟,فرح
ف,الابتعاد والانفصال عن الأحبة والأصدقاء بعد فترة من التواجد معهم؟,فراق
ف,مجموعة من الأشخاص يعملون أو يعزفون الموسيقى معاً كفريق واحد؟,فرقة
ف,استغلال المنصب أو السلطة لتحقيق مكاسب شخصية بطرق غير مشروعة؟,فساد
ف,عدم القدرة على تحقيق الهدف أو الرسوب في الامتحان وعكسه النجاح؟,فشل

ف,حالة العوز الشديد وعدم امتلاك المال الكافي لتلبية الاحتياجات الأساسية؟,فقر
ق,مجموعة كبيرة من الناس ينتمون لنسب وأصل واحد وتحكمهم عادات مشتركة؟,قبيلة
ق,الغرفة أو الطابق السفلي تحت مستوى سطح الأرض في المباني والمنازل؟,قبو
ق,الاشتباك والمعركة والمواجهة العنيفة بين طرفين أو جيشين باستخدام السلاح؟,قتال
ق,إنهاء حياة إنسان أو كائن حي بشكل متعمد أو عن طريق الخطأ؟,قتل
ق,الشخص الصالح أو الناجح الذي يتخذه الآخرون مثالاً يحتذى به ويقلدون أفعاله؟,قدوة
ق,الجسم المتفجر الذي يطلق من المدفع أو الدبابة لإحداث دمار في صفوف العدو؟,قذيفة
ق,القدرة على نطق وفهم الكلمات المكتوبة في الكتب والرسائل واستيعاب معانيها؟,قراءة
ق,اللص الذي يهاجم السفن في عرض البحر لسرقة حمولتها وترويع ركابها؟,قرصان
ق,المبلغ المالي الذي تأخذه من البنك ويتم سداده على أقساط شهرية؟,قرض
ق,سيقان النباتات والقمح الجافة التي تستخدم كعلف للحيوانات أو بناء الأعشاش؟,قش
ك,حالة نفسية من الحزن العميق واليأس وفقدان الرغبة في الاستمتاع بالحياة؟,كآبة
ك,الشخص الذي يؤلف الكتب والروايات والمقالات وينشرها للناس ليقرؤوها؟,كاتب
ك,المفصل البارز الذي يربط بين الساق والقدم في الطرف السفلي للإنسان؟,كاحل
ك,مصيبة كبرى وحدث مأساوي مفاجئ كالزلزال أو الفيضان يسبب دماراً كبيراً؟,كارثة
ك,بيض سمك الحفش المالح والذي يعتبر من أغلى وأفخم الأطعمة والمقبلات في العالم؟,كافيار
ك,وحدة عسكرية في الجيش تتكون من مئات الجنود ويقودها ضابط برتبة متقدمة؟,كتيبة
ك,الإخبار بغير الحقيقة وتزييف الوقائع وهو من أسوأ الصفات الأخلاقية وعكسه الصدق؟,كذب
ك,عزة النفس واحترام الذات والمكانة العالية التي يرفض الإنسان المساس بها أو إهانتها؟,كرامة
ك,فاكهة صيفية صغيرة الحجم حمراء اللون دائرية الشكل بداخلها نواة صلبة ولذيذة جداً؟,كرز
ك,الجود والسخاء وبذل المال وتقديم الطعام للضيوف والمحتاجين بطيب نفس وعكسه البخل؟,كرم
ل,السائل الأبيض الذي يستخرج من الحليب بعد خضه ويشرب كبديل صحي ومرطب؟,لبن
ل,النسيج اللحمي الوردي الذي يغطي جذور الأسنان ويثبتها في الفك داخل الفم؟,لثة
ل,الغطاء القماشي المحشو الذي يتغطى به النائم للتدفئة في ليالي الشتاء الباردة؟,لحاف
ل,النغم والتكوين الموسيقي المتناسق الذي يرافق الكلمات في الأغاني والأناشيد؟,لحن
ل,الشعر الذي ينبت في الوجه والذقن والخدين عند الرجال ويعتبر من علامات الوقار؟,لحية
ل,عملية تثبيت وربط شيئين ببعضهما باستخدام مادة الغراء أو الشريط اللاصق؟,لصق
ل,السؤال المحير والغامض الذي يحتاج لتفكير عميق وذكاء لاكتشاف حله وإجابته؟,لغز
ل,عبوة ناسفة ومخفية تزرع تحت الأرض أو الماء وتنفجر عند الدوس عليها أو الاقتراب منها؟,لغم
ل,نظام الأصوات والكلمات والقواعد الذي يستخدمه البشر للتواصل والتحدث مع بعضهم؟,لغة
ل,لسان النار المتوهج والمضيء الذي يرتفع للأعلى عند احتراق الأشياء بقوة؟,لهب
م,البرج العالي والطويل الملحق بالمسجد والذي يرفع منه المؤذن الأذان للصلوات؟,مئذنة

م,الطاولة التي يوضع ويقدم عليها الطعام والشراب ليجتمع حولها الناس للأكل؟,مائدة
م,البناء المعماري المشيد كالعمارة أو المستشفى أو المدرسة وله جدران وسقف؟,مبنى
م,المحل أو المكان المخصص لعرض وبيع السلع والمنتجات للزبائن ويسمى دكان أو؟,متجر
م,الشخص الذي يخالف القانون ويرتكب جنايات كالسرقة أو القتل ويستحق العقاب والسجن؟,مجرم
م,الشخص المؤهل قانونياً للدفاع عن المتهمين والموكلين والمرافعة عنهم في المحاكم؟,محامي
م,المحل الذي يعجن فيه الدقيق ويخبز في أفران كبيرة لبيع الخبز والمعجنات الطازجة؟,مخبز
م,الوسادة المحشوة بالقطن أو الريش التي يضع عليها النائم رأسه للراحة أثناء النوم؟,مخدة
م,الظفر الصلب والمعقوف في أقدام الطيور الجارحة والحيوانات المفترسة ويستخدم للصيد والتمزيق؟,مخلب
ن,دقات القلب وحركة الدم في الشرايين والتي يمكن الإحساس بها في المعصم والرقبة؟,نبض
ن,الحرفي والمهني الذي يعمل في قص وتشكيل الخشب وصناعة الأبواب والأثاث؟,نجار
ن,تحقيق الهدف المنشود والتفوق في الدراسة أو العمل بعد تعب واجتهاد وعكسه الفشل؟,نجاح
ن,الإغاثة والمساعدة السريعة التي تقدم للشخص المكروب أو في حالات الطوارئ والحوادث؟,نجدة
ن,الشخص أو الشيء قليل اللحم والدهن وضعيف البنية وعكسه السمين والبدين يسمى؟,نحيف
ن,رفع الصوت بمناداة شخص آخر وتوجيه الكلام له لجذب انتباهه أو الاستعانة به؟,نداء
ن,الشعور بالحسرة والأسف الشديد على فعل شيء خاطئ في الماضي وتمني لو لم يحدث؟,ندم
ن,الشخص الدنيء والجبان الذي لا يحفظ العهد ويغدر بالآخرين ولا يتصف بالشهامة؟,نذل
ن,خروج وتدفق الدم بشكل مستمر من الجسم نتيجة جرح عميق أو إصابة خطيرة؟,نزيف
ن,مجموعة الخلايا المتشابهة في الجسم أو خيوط القماش المتشابكة لتكوين الملابس؟,نسيج
هـ,الشخص الذي يفر من وجه العدالة أو السجن للاختباء وتجنب العقاب؟,هارب
هـ,النزول من مكان مرتفع إلى أسفل مثل نزول الطائرة على المدرج وعكسه الإقلاع والصعود؟,هبوط
هـ,التعدي على الأعراض والحرمات وإفشاء الأسرار وتدمير السمعة بشكل عنيف يسمى ... العرض؟,هتك
هـ,الترك والابتعاد عن المكان أو الشخص لفترة طويلة وقطع العلاقة والمواصلة معه؟,هجر
هـ,التوفيق للطريق الصحيح ومعرفة الحق والابتعاد عن الضلال وتعتبر من أعظم نعم الله على الإنسان؟,هداية
هـ,إسقاط البناء وتدمير الجدران وتخريبها ليصبح المبنى ركاماً على الأرض؟,هدم
هـ,الفرار والركض بسرعة للابتعاد عن خطر داهم أو موقف مخيف للنجاة بالنفس؟,هروب
هـ,المنطقة الأرضية المرتفعة والمسطحة الواسعة التي تكون أعلى من السهول وأقل ارتفاعاً من الجبال؟,هضبة
هـ,الموت والدمار والنهاية المأساوية التي تصيب الأقوام أو الأشخاص بسبب الحروب أو الكوارث؟,هلاك
هـ,التحدث بصوت خافت جداً ومنخفض بالقرب من الأذن بحيث لا يسمعه الآخرون؟,همس
و,المنطقة الخضراء الخصبة التي توجد في وسط الصحراء القاحلة وتحتوي على عيون ماء ونخيل؟,واحة
و,كلمة عربية فصحى تطلق على الأب وتدل على من أنجبك وتعب في تربيتك؟,والد
و,المرض المعدي والخطير الذي ينتشر بسرعة هائلة ويصيب عدداً كبيراً من الناس في منطقة واسعة؟,وباء
و,الخيط المشدود والمثبت في الآلات الموسيقية كالعود والغيتار والذي يصدر الألحان عند النقر عليه؟,وتر
و,الورقة أو المستند الرسمي والمكتوب الذي يثبت حقاً أو يسجل اتفاقاً أو معاهدة بين الأطراف؟,وثيقة
و,الإحساس بالألم الجسدي أو النفسي نتيجة مرض أو ضربة أو حزن عميق يسمى ألم أو؟,وجع
و,الطين اللزج والرخو الناتج عن اختلاط التراب بالماء بكثرة والذي يلتصق بالأحذية ويعيق المشي؟,وحل
و,الكلمات واللحظات الأخيرة التي تسبق فراق الأحبة أو المسافرين وتتخللها الدموع والأحضان؟,وداع
و,المال أو الشيء الثمين الذي يوضع كأمانة عند شخص أو بنك لحفظه على أن يسترد لاحقاً؟,وديعة
و,الوعاء الدموي الذي يحمل الدم من مختلف أنحاء الجسم ليعيده إلى القلب مرة أخرى وعكسه الشريان؟,وريد
ي,الشيء الجاف الصلب الذي فقد رطوبته وماءه بالكامل وعكس المبلل والرطب يسمى؟,يابس
ي,الشخص الذي فقد الأمل تماماً في تحقيق هدفه أو تحسن حالته واستسلم للظروف؟,يائس
ي,الطفل الذي فقد أباه وهو صغير ولم يبلغ سن الرشد بعد ويحتاج للعطف والرعاية؟,يتيم
ي,سفينة فاخرة وصغيرة ومجهزة بأحدث وسائل الراحة تستخدم للترفيه والرحلات البحرية الخاصة؟,يخت
ي,حشرة تطير ليلاً في الغابات وتشع نوراً من أسفل بطنها تسمى المضيئة أو باللغة الفصحى؟,يراع
ي,مرض يصيب الكبد ويسبب اصفراراً في لون الجلد والعينين ويصيب الأطفال حديثي الولادة غالباً؟,يرقان
ي,المرحلة الأولى في دورة حياة الحشرات كالفراشة بعد خروجها من البيضة وتشبه الدودة الصغيرة؟,يرقة
ي,الاتجاه المعاكس لليمين والذي يكون عادة جهة القلب في جسم الإنسان؟,يسار
ي,حالة الانتباه والوعي التام وعدم النوم أو الغفلة والاستعداد لأي طارئ تسمى حالة الـ؟,يقظة

أ,عنصر مشع وثقيل جداً يستخدم بشكل أساسي كوقود في المفاعلات النووية لإنتاج الطاقة؟,أورانيوم
أ,أكبر غابة استوائية مطيرة في العالم وتعتبر رئة كوكب الأرض لإنتاجها كميات هائلة من الأكسجين؟,أمازون
أ,أقدم وأشهر دورة ألعاب رياضية عالمية بدأت في اليونان القديمة وتقام كل أربع سنوات؟,أولمبياد
أ,سلالة حاكمة أسست ثاني خلافة إسلامية كبرى في التاريخ واتخذت من دمشق عاصمة لها؟,أمويين

أ,محفزات حيوية بروتينية تسرع التفاعلات الكيميائية في جسم الإنسان مثل عمليات الهضم؟,أنزيمات
أ,اسم برنامج الفضاء الأمريكي التاريخي الذي نجح في إيصال أول إنسان إلى سطح القمر؟,أبولو
أ,ملحمة شعرية يونانية قديمة وأسطورية كتبها الشاعر هوميروس وتروي قصة وتفاصيل حرب طروادة؟,إلياذة
ب,إمبراطورية عظمى كانت عاصمتها القسطنطينية وسقطت لاحقاً على يد السلطان محمد الفاتح؟,بيزنطية
ب,ديانة وفلسفة آسيوية قديمة تركز على التخلص من المعاناة الأرضية والوصول لحالة النيرفانا؟,بوذية
ب,عالم كيميائي فرنسي اكتشف عملية التعقيم للقضاء على الجراثيم في الحليب وسميت العملية باسمه؟,باستور
ب,جسم معلق بخيط يتأرجح بحرية ذهاباً وإياباً واستخدم قديماً لضبط الوقت في الساعات الجدارية؟,بندول
ب,الحالة الرابعة للمادة وتتكون من غاز شديد التأين وتوجد بشكل طبيعي في النجوم والبرق؟,بلازما
ب,سوق مالي عالمي ومحلي منظم ومقنن يتم فيه بيع وشراء أسهم الشركات والسندات الاستثمارية؟,بورصة
ب,موسيقار ألماني عبقري ألف أعظم المقطوعات السيمفونية في التاريخ رغم إصابته بالصمم التام في كبره؟,بتهوفن
ب,جسيم دون ذري يحمل شحنة كهربائية موجبة ويوجد متمركزاً داخل نواة الذرة؟,بروتون
ت,أمواج بحرية عاتية ومفاجئة تنتج عن زلازل أو انزلاقات أرضية عنيفة في قاع المحيط وتدمر السواحل؟,تسونامي
ت,فن التخطيط العسكري والتنظيم الميداني في المعارك أو الألعاب الرياضية لتحقيق الهدف وهزيمة الخصم؟,تكتيك
ت,محرك دوار ميكانيكي يحول طاقة الموائع كالهواء أو الماء المندفع إلى طاقة حركية مفيدة لتوليد الكهرباء؟,توربين
ت,التطبيق العملي والحديث للعلوم والمعرفة في صناعة الأدوات والأجهزة لخدمة وتسهيل حياة البشر؟,تكنولوجيا
ت,فرع من فروع علم الفيزياء يدرس العلاقة المعقدة بين الحرارة والطاقة والشغل الحركي؟,ترموديناميكا
ت,إعطاء جرعة مخففة أو ميتة من الميكروب للجسم لتحفيز جهاز المناعة على إنتاج أجسام مضادة تقيه مستقبلاً؟,تطعيم
ت,علم طبي وبيولوجي يدرس بنية وتركيب أجزاء وأعضاء الكائنات الحية البشرية والحيوانية بالتفصيل؟,تشريح
ت,روائي ومفكر روسي عظيم من أشهر أعماله الأدبية الخالدة الرواية الملحمية (الحرب والسلم)؟,تولستوي
ث,جهاز كهربائي دقيق يستخدم لتنظيم والتحكم في درجة الحرارة داخل الأنظمة المغلقة كالمكيفات والمحركات؟,ثرموستات
ث,نظام حكم سياسي قديم تستمد فيه السلطة شرعيتها وقوانينها من رجال الدين والمؤسسات الدينية؟,ثيوقراطية
ث,نظام عددي حاسوبي يعتمد على رقمين فقط هما الصفر والواحد ويعتبر لغة البرمجة الأساسية للآلات؟,ثنائي
ث,حركة تحول كبرى بدأت في بريطانيا بانتقال آليات الإنتاج من العمل اليدوي إلى الآلات والمصانع الضخمة؟,ثورة صناعية
ث,حيوان زاحف مائي شديد السمية يعيش في المحيطات الاستوائية الدافئة ويستطيع كتم أنفاسه طويلاً تحت الماء؟,ثعبان بحر
ث,شكل هندسي مضلع يتكون من ثمانية أضلاع محيطة وزوايا داخلية متساوية في القياس؟,ثماني
ث,الاسم الشائع لثاني أكسيد الكربون في حالته الصلبة ويستخدم في التبريد الكيميائي السريع وحفظ الأدوية؟,ثلج جاف
ث,عنصر كيميائي مشع يستخدم كوقود آمن وبديل لليورانيوم في الجيل الجديد من المفاعلات النووية؟,ثوريوم
ج,قوة فيزيائية كونية غير مرئية تجذب الأجسام ذات الكتلة نحو مركز بعضها البعض وتحفظ توازن الكواكب؟,جاذبية
ج,الوحدات البيولوجية الأساسية للوراثة في الكائنات الحية وتتكون من تسلسلات معقدة لحمض الـ دي إن إيه؟,جينات
ج,نظام حكم سياسي يختار فيه الشعب ممثليه ورئيسه عبر الانتخابات وصناديق الاقتراع وليس بالوراثة الملكية؟,جمهورية
ج,أصغر وحدة في المركب الكيميائي تحتفظ بالخصائص الكيميائية والفيزيائية لذلك المركب بشكل مستقل؟,جزيء
ج,علم طبيعي يختص بدراسة بنية كوكب الأرض وتكوينها الصخري وتاريخها والعمليات التي تشكل تضاريسها؟,جيولوجيا
ج,السكر البسيط والأساسي الذي يدور في مجرى الدم ويعتبر المصدر الرئيسي والأول لطاقة خلايا الجسم؟,جلوكوز
ج,الخريطة الوراثية الكاملة التي تحتوي على كافة المعلومات والتسلسلات الجينية لخلية الكائن الحي؟,جينوم
ج,مؤسس وقائد الإمبراطورية المغولية الشرسة التي تعتبر أكبر إمبراطورية أراضٍ متصلة في تاريخ البشرية؟,جنكيز خان
ح,صراع سياسي وعسكري واستخباراتي غير مباشر امتد لعقود طويلة بين المعسكرين الشرقي والغربي بعد الحرب العالمية؟,حرب باردة
ح,البقايا أو الآثار المحفوظة في الصخور للكائنات الحية القديمة التي عاشت في العصور الجيولوجية السحيقة؟,حفريات
ح,مركب كيميائي يتميز بطعمه اللاذع وقدرته العالية على التفاعل مع القواعد لإنتاج الأملاح والماء؟,حمض
ح,ألياف بروتينية طبيعية ناعمة وقوية جداً تنتجها وتغزلها دودة القز وتصنع منها أفخر وأغلى الأقمشة؟,حرير
ح,عضلة مسطحة وقوية تفصل بين تجويف الصدر وتجويف البطن وتلعب دوراً رئيسياً في عملية التنفس للإنسان؟,حجاب حاجز
ح,منظمة عسكرية دولية كبرى تأسست لحماية الدول الأعضاء من أي هجوم مسلح خارجي وتعرف بحلف شمال الأطلسي؟,حلف الناتو
ح,الحق الطبيعي للإنسان في التعبير عن رأيه واتخاذ قراراته وممارسة معتقداته دون إجبار أو قيود قمعية؟,حرية
ح,الجزيء البيولوجي المعقد الذي يحمل التعليمات الجينية المسؤولة عن نمو وتطور وعمل جميع الكائنات الحية؟,حامض نووي
خ,عالم مسلم عظيم يعتبر مؤسس علم الجبر ومكتشف ومطور نظام الأرقام الهندية العربية المستخدمة اليوم؟,خوارزمي
خ,نوع من الأنيميا الوراثية الخطيرة تأخذ فيها كريات الدم الحمراء شكلاً هلالياً غير طبيعي يعيق تدفق الدم؟,خلايا منجلية
خ,ظاهرة فلكية تحدث عندما تقع الأرض على خط مستقيم بين الشمس والقمر فتحجب نور الشمس عنه تماماً؟,خسوف
خ,مادة تصنع من الطين المعالج والمحروق في درجات حرارة عالية جداً وتستخدم في صناعة الأواني والتحف الفنية؟,خزف
خ,الوحدات الأساسية والحساسة التي تنقل الإشارات النبضية داخل الدماغ وشبكة جهاز الإنسان العصبي؟,خلايا عصبية
خ,حيوان ثديي غريب وبرمائي يستوطن أستراليا يمتلك منقاراً كالبط ويضع البيض ولا يلد كباقي الثدييات؟,خلد الماء
خ,الخط الجغرافي الوهمي الذي يقسم الكرة الأرضية عرضياً إلى نصفين متساويين شمالي وجنوبي ودرجة عرضه صفر؟,خط الاستواء
خ,الممارسة الفلسفية القديمة التي حاولت تحويل المعادن الرخيصة كالرصاص إلى ذهب وتعتبر سلف علم الكيمياء؟,خيمياء
د,نظام سياسي يعني حرفياً (حكم الشعب) وتتخذ فيه القرارات بناء على تصويت الأغلبية ومشاركة المواطنين؟,ديمقراطية
د,فن إدارة العلاقات السياسية والمفاوضات المعقدة بين الدول لحل النزاعات بطرق سلمية وتجنب الحروب؟,دبلوماسية
د,ناقل عصبي كيميائي وهرمون يفرزه الدماغ ويلعب دوراً رئيسياً في الشعور بالمكافأة والتحفيز والسعادة؟,دوبامين
د,فرع من علم الميكانيكا الفيزيائية يدرس القوى المسببة لحركة الأجسام المادية وتأثير تلك القوى عليها؟,ديناميكا
د,نظام حكم سياسي شمولي وقمعي تتركز فيه السلطة المطلقة في يد شخص واحد أو حزب ولا يسمح بالمعارضة؟,دكتاتورية

د,السجلات والمقرات الحكومية الإدارية التي أسسها الخليفة عمر بن الخطاب لتنظيم شؤون الدولة الإسلامية مالياً وعسكرياً؟,دواوين
د,فيلسوف وعالم رياضيات فرنسي عظيم يعتبر أباً للفلسفة الحديثة وصاحب المقولة الشهيرة (أنا أفكر، إذن أنا موجود)؟,ديكارت
ذ,فرع متطور من علوم الحاسوب يهدف لابتكار آلات وخوارزميات تحاكي القدرات الذهنية وطرق تفكير البشر؟,ذكاء اصطناعي
ذ,التهاب حاد ومعدٍ يصيب الحويصلات الهوائية في إحدى الرئتين أو كلتيهما مسبباً صعوبة شديدة وآلاماً في التنفس؟,ذات الرئة
ذ,حشرة إفريقية خطيرة جداً تنقل طفيليات مدمرة تسبب مرض النوم القاتل للإنسان والحيوانات؟,ذباب تسي تسي
ذ,مرض مناعي ذاتي مزمن ومعقد يهاجم فيه جهاز المناعة عن طريق الخطأ أنسجة وأعضاء الجسم السليمة؟,ذئبة حمراء
ذ,ظاهرة بيئية خطيرة ناتجة عن التغير المناخي والاحتباس الحراري تهدد بارتفاع منسوب مياه المحيطات عالمياً؟,ذوبان جليدي
ذ,مصطلح فيزيائي وعسكري يطلق على الطاقة الهائلة والمفزعة الناتجة عن انشطار أو اندماج نواة العنصر المشع؟,ذري
ذ,طلقات نارية حقيقية تحتوي على مقذوف معدني ومادة متفجرة تستخدم في المعارك والحروب الفعلية وليس للتدريب؟,ذخيرة حية
ذ,اللقب التاريخي الذي أطلق على الصحابي الجليل والخليفة الثالث عثمان بن عفان لزواجه من ابنتي رسول الله؟,ذو النورين
ر,آلة ميكانيكية أو إلكترونية ذكية مبرمجة للقيام بمهام معقدة وشاقة أو دقيقة بدلاً من الجهد البشري؟,روبوت
ر,نظام اقتصادي عالمي يعتمد على الملكية الخاصة لوسائل الإنتاج وتشغيله في الأسواق الحرة لتحقيق الربح وتراكم الثروة؟,رأسمالية
ر,تقنية تصوير طبي متطورة وآمنة تستخدم مجالات كهرومغناطيسية قوية لتكوين صور دقيقة ومفصلة لأعضاء الجسم الداخلية؟,رنين مغناطيسي

ر,مقياس علمي لوغاريتمي دولي ومفتوح ابتكره عالم أمريكي ويستخدم لقياس وتسجيل قوة وشدة الهزات الأرضية والزلازل؟,ريختر
ر,دولة إفريقية قهرت الصعاب وشهدت إبادة جماعية مروعة في التسعينيات ثم نهضت لتصبح من أنظف وأكثر الدول تطوراً؟,رواندا
ر,عمل أدبي نثري طويل يروي قصة متسلسلة تعتمد على الخيال أو الواقع وتضم شخصيات وحبكة درامية معقدة؟,رواية
ر,العضو الأنثوي العضلي المجوف الذي يحتضن البويضة المخصبة ويغذي الجنين طوال فترة الحمل وحتى لحظة الولادة؟,رحم
ز,عضو ليمفاوي صغير يقع في بداية الأمعاء الغليظة للإنسان وقد يتعرض لالتهاب حاد ومفاجئ يستدعي استئصاله جراحياً؟,زائدة دودية
ز,عنصر كيميائي شديد السمية لا لون ولا طعم له اشتهر استخدامه قديماً في حوادث الاغتيالات والتسميم السياسي السري؟,زرنيخ
ز,الركن الثالث من أركان الإسلام وهو مقدار محدد شرعاً من المال يخرج سنوياً للفقراء والمستحقين لتطهير الثروة؟,زكاة
ز,المعابد المدرجة والهرمية الشكل التي بناها السومريون والبابليون في بلاد الرافدين القديمة للتقرب من آلهتهم؟,زقورة
ز,زهرة ربيعية جميلة ذات ألوان زاهية اتخذتها الإمبراطورية العثمانية رمزاً لها وتشتهر بها هولندا وتصدرها عالمياً حالياً؟,زهرة التوليب
ز,البئر المقدسة والمباركة في مكة المكرمة التي تفجرت تحت قدمي النبي إسماعيل عليه السلام بأمر الله ولا زالت تتدفق؟,زمزم
ز,موسيقي ومغني عباسي شهير أحدث ثورة كبرى في الموسيقى الأندلسية وأضاف الوتر الخامس للعود وأسس قواعد الإتيكيت؟,زرياب
ز,الزاوية الهندسية الأساسية التي يبلغ قياسها 90 درجة وتتكون من تعامد خطين مستقيمين تماماً؟,زاوية قائمة
س,فيلسوف يوناني كلاسيكي عظيم أُجبر على تجرع السم بسبب أفكاره التنويرية ويعتبر المؤسس الحقيقي للفلسفة الغربية؟,سقراط
س,حركة فنية وأدبية حديثة تعتمد على التعبير عن العقل الباطن والأحلام والصور الغريبة وغير المنطقية كمدرسة سلفادور دالي؟,سريالية
س,تقنية بحرية تستخدم انتشار وانعكاس الموجات الصوتية تحت الماء للتنقل أو للكشف عن الغواصات وقياس أعماق المحيط؟,سونار
س,مقطوعة موسيقية كلاسيكية طويلة ومؤلفة خصيصاً لتعزفها الأوركسترا الكاملة وتتكون عادة من أربع حركات متناغمة؟,سمفونية
س,عنصر شبه موصل يستخدم بكثرة في صناعة الرقائق الإلكترونية وسمي وادي أمريكي شهير للتقنية باسمه؟,سيليكون
س,إحدى السلطات الثلاث الأساسية في الدولة ومهمتها تنفيذ القوانين وإدارة الشؤون اليومية والسياسية للبلاد والمواطنين؟,سلطة تنفيذية
س,وحدة قياس فلكية هائلة تمثل المسافة التي يقطعها الضوء في الفراغ خلال مدة زمنية قدرها سنة أرضية كاملة؟,سنة ضوئية
س,العلم الأكاديمي والتطبيقي الذي يدرس السلوك البشري والعمليات العقلية ودوافع الإنسان وطرق تفكيره؟,سيكولوجيا
ش,نظام سياسي واقتصادي شمولي يهدف إلى إلغاء الملكية الخاصة لوسائل الإنتاج وإقامة مجتمع موحد بلا طبقات اجتماعية؟,شيوعية
ش,أكبر وأهم شريان في جسم الإنسان ويقوم بتوزيع الدم النقي والمؤكسج من القلب المندفع إلى باقي جميع الأعضاء؟,شريان أورطي
ش,مجموعة القواعد والتعليمات الكيميائية المخزنة في الحمض النووي والتي تحدد صفات الكائن الحي وتنتقل بالوراثة؟,شفرة وراثية
ش,مساحة شاسعة من اليابسة تحيط بها مياه البحر من ثلاث جهات فقط وتتصل باليابسة الأم من الجهة الرابعة وتسمى؟,شبه جزيرة
ش,اضطراب عقلي مزمن ومعقد يؤثر على طريقة تفكير الشخص وشعوره وسلوكه ويجعله منفصلاً عن الواقع ويسمى الفصام أو؟,شيزوفرينيا
ش,الطبقة العصبية الحساسة جداً للضوء والمبطنة للجزء الخلفي الداخلي من العين والتي تنقل الصور للدماغ عبر العصب البصري؟,شبكية
ش,هياكل حجرية بحرية خلابة تبنيها الكائنات الحية وتعتبر بيئة خصبة وحاضنة لربع الأسماك البحرية وتتأثر بالاحتباس الحراري؟,شعب مرجانية
ش,صخرة فضائية صغيرة تحترق وتتوهج بقوة عند دخولها الغلاف الجوي للأرض بسبب الاحتكاك وتسمى أحياناً بالنجم الهاوي؟,شهاب
ص,الحملات العسكرية الأوروبية التي انطلقت في العصور الوسطى للسيطرة على الأراضي المقدسة في الشرق وتأسيس إمارات هناك؟,صليبيين
ص,التراكيب الحيوية الموجودة داخل غرف القلب والتي تسمح بتدفق الدم في اتجاه واحد سليم وتمنع رجوعه للخلف؟,صمامات
ص,اضطراب عصبي مؤلم يسبب آلاماً نابضة وشديدة جداً عادة ما تكون في جانب واحد من الرأس ويصاحبها غثيان ويسمى الشقيقة أو؟,صداع نصفي
ص,القطاع الاقتصادي الحيوي المهتم بتحويل ومعالجة المواد الخام الطبيعية إلى منتجات نهائية قابلة للاستخدام عبر الآلات والمصانع؟,صناعة
ص,مؤسسة مالية دولية أنشئت لتعزيز التعاون النقدي العالمي وتوفير قروض وإصلاحات اقتصادية للدول التي تعاني أزمات مالية طاحنة؟,صندوق النقد
ص,خلايا صغيرة جداً وضرورية في مجرى الدم تلعب الدور الأساسي والأول في عملية التخثر ووقف النزيف عند الجروح؟,صفيحات دموية
ص,ظاهرة فيزيائية صوتية تتمثل في ارتداد وعودة الموجات الصوتية لتردد نفس الكلام بعد اصطدامها بحاجز صلب وعال كالجبال؟,صدى
ص,قائد مسلم أسطوري وفارس شهم أسس الدولة الأيوبية واستعاد مدينة القدس بعد معركة حطين التاريخية ضد الصليبيين؟,صلاح الدين
ض,قوة دفع الدم على جدران الأوعية الدموية أثناء دوران الدورة الدموية ويعتبر ارتفاعه المستمر مرضاً خطيراً يسمى القاتل الصامت؟,ضغط دم
ض,تلوث جوي خانق يمزج بين الدخان الكثيف والضباب ويتكون عادة في المدن الصناعية الكبرى ويسبب أمراضاً تنفسية خطيرة؟,ضباب دخاني
ض,حركة هجومية قاضية في رياضة الملاكمة تسقط الخصم على الأرض وتفقده الوعي أو القدرة على إكمال النزال قبل انتهاء العد؟,ضربة قاضية
ض,حركة سياسية وعسكرية سرية قادها مجموعة من ضباط الجيش المصري وأدت لإنهاء الملكية وإعلان الجمهورية عام 1952 وتسمى حركة الـ؟,ضباط أحرار
ض,الغدة الكبيرة البارزة في إناث الحيوانات كالأبقار والأغنام والمسؤولة عن إنتاج وتخزين الحليب لتغذية صغارها واستفادة البشر؟,ضرع
ض,مصطلح طبي يشير إلى تراجع أو نقص في حجم وشكل العضلات أو الأعضاء بسبب قلة الاستخدام أو سوء التغذية أو المرض؟,ضمور
ض,أنواع برمائية صغيرة وجميلة الألوان تعيش في غابات الأمازون وتفرز سماً قاتلاً جداً من جلدها استخدمه الهنود الحمر لسهامهم؟,ضفادع سامة
ض,الوزن والقوة التي يبذلها عمود الهواء على مساحة معينة من سطح الأرض ويقاس بجهاز البارومتر ويؤثر على تغيرات الطقس؟,ضغط جوي
ط,المصادر الطبيعية للطاقة التي تتجدد باستمرار ولا تنفد بمرور الزمن كالشمس والرياح والمياه وتعتبر صديقة للبيئة تماماً؟,طاقة متجددة
ط,الكائنات الحية الدقيقة التي تعيش على أو داخل كائن حي آخر (المضيف) وتتغذى منه مسببة له الأمراض والضعف؟,طفيليات
ط,تغير مفاجئ ودائم في التسلسل الجيني أو الحمض النووي للكائن الحي قد يؤدي لظهور صفات جديدة ومختلفة تماماً؟,طفرة
ط,تقنية حديثة ومبتكرة تقوم بصنع مجسمات حقيقية ملموسة عن طريق بناء طبقات متراكمة من المواد بناءً على تصميم رقمي؟,طابعة ثلاثية الأبعاد
ط,الفرع المتخصص من الطب الذي يتعامل مع القضايا الجنائية والقانونية كتشريح الجثث لمعرفة أسباب الوفاة والجرائم الغامضة؟,طب شرعي
ط,الطاقة النظيفة المستمدة والمحولة مباشرة من إشعاعات الشمس باستخدام ألواح خاصة لتوليد الكهرباء وتسخين المياه؟,طاقة شمسية
ط,المدى الكامل لجميع الترددات الممكنة للإشعاع الكهرومغناطيسي بدءاً من أشعة جاما القوية وصولاً إلى موجات الراديو الطويلة؟,طيف كهرومغناطيسي
ط,مركبة جوية تقنية ومتقدمة يتم التحكم فيها وتوجيهها عن بعد وتستخدم في التصوير الجوي والعمليات العسكرية والتوصيل الحديث؟,طائرة بدون طيار
ظ,ظاهرة مناخية عالمية خطيرة تتمثل في ارتفاع درجات حرارة الأرض بسبب تراكم غازات الكربون في الغلاف الجوي؟,ظاهرة الدفيئة
ظ,منطقة جغرافية جافة تقع خلف سلسلة جبلية ضخمة تمنع وصول الرياح المحملة بالأمطار إليها فتصبح قاحلة وتسمى منطقة؟,ظل المطر
ظ,كلمة تستخدم في علم النحو والقواعد العربية لتدل على اسم منصوب يبين مكان وقوع الفعل مثل (أمام) و(خلف)؟,ظرف مكان
ظ,نسيج خلوي حيوي يغطي الأسطح الخارجية للجسم مثل الجلد ويبطن التجاويف الداخلية للأعضاء والأوعية لحمايتها وإفراز المواد؟,ظهارة
ظ,المصطلح الرياضي والهندسي الذي يطلق على النسبة بين الضلع المقابل والضلع المجاور للزاوية الحادة في المثلث قائم الزاوية؟,ظل الزاوية
ظ,حدث طبيعي وعلمي نادر ومبهر يحدث في الفضاء ويمكن رصده من الأرض كمرور المذنبات أو كسوف الشمس العميق؟,ظاهرة فلكية
ظ,نوع من الغزلان الصحراوية شديدة البياض والجمال تمتلك قروناً طويلة ومستقيمة وتتخذها بعض الدول العربية رمزاً لخطوط طيرانها؟,ظبي المها
ظ,نمو غير طبيعي لنسيج لحمي مثلث الشكل على بياض العين قد يمتد للقرنية ويسبب ضعفاً في الرؤية ويسمى طبياً مرض الـ؟,ظفرة
ع,الفترة التاريخية الثقافية والفنية العظيمة التي بدأت في إيطاليا وانتقلت لأوروبا ومثلت الانتقال من العصور الوسطى للعصر الحديث؟,عصر النهضة
ع,ظاهرة سياسية واقتصادية حديثة تعني تداخل وترابط اقتصادات وثقافات دول العالم لتصبح كقرية واحدة مفتوحة الحدود والأسواق؟,عولمة
ع,الإمبراطورية الإسلامية الكبرى التي امتدت في ثلاث قارات وحكمت لقرون طويلة واتخذت من إسطنبول عاصمة أبدية لها؟,عثمانيين
ع,العلم الإنساني الشامل الذي يدرس تفاعلات المجتمعات البشرية وبنيتها وتطورها والظواهر والقوانين الاجتماعية التي تحكمها؟,علم الاجتماع
ع,نوع من العلاج الطبي المتقدم يستخدم أشعة عالية الطاقة مثل الأشعة السينية لتدمير الخلايا السرطانية وتقليص الأورام الخبيثة؟,علاج إشعاعي
ع,العضلة الحيوية النابضة والمسؤولة عن ضخ الدم باستمرار إلى جميع أنحاء الجسم والتي لا تتوقف عن العمل طوال حياة الإنسان؟,عضلة القلب
ع,العصب الحسي الرئيسي الذي ينقل النبضات الكهربائية والمعلومات البصرية من شبكية العين إلى الدماغ لترجمتها كصور؟,عصب بصري
ع,العدسات الطبية الرقيقة والشفافة التي توضع مباشرة على قرنية العين لتصحيح النظر كبديل مريح للنظارات الطبية التقليدية؟,عدسات لاصقة
غ,الغلاف الغازي غير المرئي الذي يحيط بكوكب الأرض ويحميه من الإشعاعات الفضائية الضارة ويوفر الأكسجين اللازم للحياة؟,غلاف جوي
غ,الجهاز الطبيعي في الجسم الذي يضم مجموعة غدد تفرز الهرمونات مباشرة في الدم لتنظيم وظائف النمو والأيض والمزاج؟,غدد صماء
غ,المركبات الغازية في الغلاف الجوي مثل ثاني أكسيد الكربون والميثان التي تمتص الحرارة وتساهم في مشكلة الاحتباس الحراري؟,غازات دفيئة
غ,مركبة بحرية عسكرية استراتيجية وعملاقة تعمل بالطاقة النووية مما يسمح لها بالبقاء تحت الماء لأشهر دون الحاجة للتزود بالوقود؟,غواصة نووية
غ,الجريمة الاقتصادية التي تعني إخفاء المصدر غير المشروع للأموال المحصلة من جرائم (كالمخدرات) وإظهارها كأنها أموال قانونية؟,غسيل أموال
غ,حالة طبية خطيرة يفقد فيها المريض الوعي لفترة طويلة جداً ولا يستجيب لأي مؤثرات خارجية نتيجة إصابة شديدة في الدماغ؟,غيبوبة
غ,الغدة الصماء التي تقع في الجزء الأمامي من الرقبة وتشبه الفراشة وتتحكم في عمليات الأيض واستهلاك الطاقة في الجسم؟,غدة درقية
غ,العملية الطبية الطارئة التي يقوم فيها الجراح بفتح الجسم لعلاج أو استئصال عضو مصاب وتتم داخل بيئة معقمة وتسمى؟,غرفة عمليات
ف,فرع متقدم ومعقد جداً من فروع الفيزياء يدرس سلوك الجسيمات دون الذرية كالإلكترونات والفوتونات بخصائصها الموجية والجسيمية؟,فيزياء كم
ف,كائنات طفيلية دقيقة جداً لا يمكنها التكاثر إلا داخل خلايا كائن حي آخر وتسبب أمراضاً خطيرة كالإنفلونزا وكوفيد؟,فيروسات
ف,الحيز المظلم والفارغ الشاسع الذي يبدأ من نهاية الغلاف الجوي للأرض ويحتوي على المجرات والنجوم والثقوب السوداء؟,فضاء خارجي
ف,الدراسة العميقة للأسئلة الأساسية والعامة المتعلقة بالوجود والمعرفة والقيم والعقل واللغة وظهرت بقوة عند اليونان القدماء؟,فلسفة
ف,دولة آسيوية شهدت حرباً طاحنة وطويلة في منتصف القرن العشرين ضد الولايات المتحدة وانتهت بانسحاب القوات الأمريكية وتوحيد شطريها؟,فيتنام
ف,فن زخرفي قديم ورائع يعتمد على تجميع قطع صغيرة من الزجاج الملون أو الحجر لرسم لوحات جدارية أو أرضية مزخرفة؟,فسيفساء
ف,مرض عقلي ونفسي شديد يجعل المريض يفسر الواقع بشكل غير طبيعي ويعاني من هلاوس سمعية وبصرية ويسمى الشيزوفرينيا أو الـ؟,فصام
ف,مادة صلبة سوداء اللون غنية بالكربون تستخرج من باطن الأرض وتعتبر من أهم مصادر الوقود الأحفوري الذي أشعل الثورة الصناعية؟,فحم حجري
ق,المنطقة الجغرافية الأبرد على كوكب الأرض وتقع في أقصى الجنوب وتغطيها طبقة جليدية هائلة السمك ولا يسكنها البشر الدائمون؟,قطب جنوبي
ق,النظرية الفيزيائية العظيمة التي وضعها ألبرت أينشتاين والتي غيرت مفهوم البشرية عن الزمان والمكان والجاذبية وسرعة الضوء؟,قانون نسبية
ق,الحقبة التاريخية الأوروبية المظلمة التي امتدت تقريباً من سقوط الإمبراطورية الرومانية وحتى بداية عصر النهضة واكتشاف الطباعة؟,قرون وسطى
ق,السلاح الأكثر تدميراً ورعباً في تاريخ البشرية والذي استخدم مرتين فقط في نهاية الحرب العالمية الثانية ضد مدن يابانية؟,قنبلة ذرية
ق,نظام إلكتروني وبرمجي متطور لتخزين وتنظيم وإدارة كميات هائلة من المعلومات بحيث يسهل البحث عنها واسترجاعها بسرعة فائقة؟,قواعد بيانات
ق,الطبقة الصخرية الخارجية الرقيقة التي تغطي كوكب الأرض وتعيش عليها الكائنات الحية وتتكون من الصفائح التكتونية النشطة؟,قشرة أرضية
ق,الممر المائي الصناعي الاستراتيجي في مصر الذي يربط بين البحرين الأحمر والمتوسط واختصر طريق التجارة العالمية بشكل هائل؟,قناة السويس
ق,العاصمة التاريخية للإمبراطورية البيزنطية والتي فتحها العثمانيون وسموها إسطنبول لتصبح نقطة التقاء الشرق بالغرب؟,قسطنطينية
ك,فرع من فروع الكيمياء يهتم بدراسة بنية وخصائص وتفاعلات المركبات التي تحتوي على عنصر الكربون وتعتبر أساس الكائنات الحية؟,كيمياء عضوية
ك,الأجرام السماوية الكروية التي تدور حول الشمس ولكنها أصغر من الكواكب الرئيسية ولا تستطيع تنظيف مدارها ككوكب بلوتو وتسمى؟,كواكب قزمة
ك,المركبات العضوية التي تشمل السكريات والنشويات وتعتبر المصدر الأساسي والأول لتزويد جسم الإنسان بالطاقة السريعة؟,كربوهيدرات
ك,مادة شمعية دهنية توجد في الدم وضرورية لبناء الخلايا ولكن ارتفاعها المفرط يؤدي لتصلب وانسداد الشرايين وأمراض القلب؟,كوليسترول
ك,الجسيم الأولي الأصغر من البروتون والنيوترون والذي يعتبر لبنة البناء الأساسية للمادة في فيزياء الجسيمات الحديثة؟,كوارك
ك,المجلس التشريعي والبرلماني الأعلى في الولايات المتحدة الأمريكية ويتكون من مجلسي الشيوخ والنواب ويشرع القوانين الفيدرالية؟,كونغرس
ك,المدرج الروماني الأثري العملاق في قلب العاصمة روما والذي كان يشهد صراعات المصارعين الدامية واصطياد الحيوانات المفترسة للترفيه؟,كولوسيوم

ل,اللوحة الفنية الأشهر والأغلى في العالم والتي رسمها العبقري الإيطالي ليوناردو دافنشي وتشتهر بابتسامتها الغامضة ونظراتها التي تلاحقك؟,لوحة الموناليزا
ل,العنصر الكيميائي الخفيف جداً والذي أحدث ثورة في عالم التكنولوجيا لكونه المكون الأساسي في بطاريات الهواتف والسيارات الكهربائية؟,ليثيوم
ل,عالم كيميائي وأحيائي فرنسي يعتبر مؤسس علم الأحياء الدقيقة واكتشف اللقاحات لمرض داء الكلب وعملية البسترة للحليب؟,لويس باستور
ل,مجموعة اللغات التاريخية والحديثة التي تنتمي لنفس العائلة وتضم اللغة العربية والعبرية والآرامية وتنسب لسام بن نوح؟,لغات سامية
ل,المستحضر البيولوجي الطبي الذي يعطى للإنسان لإكسابه مناعة مكتسبة وقوية ضد مرض معدٍ معين وتجنب الإصابة به مستقبلاً؟,لقاح
ل,المصطلح الفيزيائي الذي يعبر عن مقاومة السائل الداخلي للتدفق والجريان حيث يكون العسل أعلى مقاومة من الماء مثلاً ويسمى خاصية الـ؟,لزوجة
ل,الكائنات الحية والحيوانات المتنوعة التي لا تمتلك عموداً فقرياً أو هيكلاً عظمياً داخلياً كالحشرات والديدان والرخويات وتسمى؟,لا فقاريات
ل,اللوحة المسطحة المليئة بالأزرار والأحرف والتي تعتبر أداة الإدخال الأساسية لكتابة النصوص والأوامر في أجهزة الحاسوب والآلات الكاتبة؟,لوحة مفاتيح
م,النظرية الفلسفية والسياسية والاقتصادية التي أسسها مفكر ألماني شهير ودعت لثورة العمال وإسقاط الرأسمالية لبناء مجتمع شيوعي؟,ماركسية
م,المجرة الحلزونية الهائلة التي نعيش بداخلها وتضم مجموعتنا الشمسية ومئات المليارات من النجوم وتظهر في السماء كشريط مضيء؟,مجرة درب التبانة
م,المنشأة الصناعية الضخمة المصممة للتحكم في سلسلة الانشطارات الذرية المتسلسلة لإنتاج طاقة هائلة تستخدم لتوليد الكهرباء؟,مفاعل نووي
م,الجهاز الدفاعي البيولوجي المعقد في جسم الإنسان والمسؤول عن رصد وتدمير الفيروسات والبكتيريا الدخيلة لحماية الجسم من الأمراض؟,مناعة
م,العضيات الخلوية الدقيقة التي تعتبر بمثابة مصانع أو محطات توليد الطاقة داخل الخلية الحية حيث تنتج مركب الـ إيه تي بي؟,ميتوكوندريا
م,الدرجة الأكاديمية والشهادة الجامعية العليا التي يحصل عليها الطالب بعد اجتيازه مرحلة البكالوريوس وقبل مرحلة الدكتوراه؟,ماجستير
م,فرع من فروع الفلسفة يدرس قواعد التفكير السليم وطرق الاستدلال الصحيح للتمييز بين الحجج الصحيحة والباطلة وأسسه أرسطو؟,منطق
م,العلم البيولوجي المتخصص في دراسة الكائنات الحية الدقيقة جداً كالبكتيريا والفيروسات وتأثيرها الطبي والصناعي ويسمى علم الـ؟,ميكروبيولوجي
ن,النظام الفلكي الذي يضم الشمس وكل ما يدور حولها من كواكب وكويكبات ومذنبات بفعل جاذبيتها القوية ويقع في أطراف مجرتنا؟,نظام شمسي
ن,الجسم الصخري أو المعدني الفضائي الذي يخترق الغلاف الجوي للأرض ولا يحترق بالكامل بل يرتطم بسطح الأرض مسبباً فوهات عملاقة؟,نيزك
ن,النظرية البيولوجية المثيرة للجدل التي افترضها تشارلز داروين حول آلية التطور والانتقاء الطبيعي للكائنات الحية عبر ملايين السنين؟,نظرية تطور
ن,المركز الكثيف جداً والصغير في قلب الذرة والذي يحتوي على البروتونات والنيوترونات وتتركز فيه معظم كتلة الذرة الكلية؟,نواة الذرة
ن,الغاز غير المرئي وغير التفاعلي الذي يشكل النسبة العظمى (حوالي 78%) من مكونات الغلاف الجوي لكوكب الأرض وضروري لنمو النباتات؟,نايتروجين
ن,الحبل العصبي السميك والطويل الذي يمتد داخل العمود الفقري للإنسان وينقل الإشارات الحركية والحسية بين الدماغ وباقي أجزاء الجسم؟,نخاع شوكي

ن,الجائزة العالمية السويدية الأرقى والأشهر على الإطلاق والتي تمنح سنوياً للعلماء والمفكرين في مجالات السلام والفيزياء والكيمياء والأدب؟,نوبل
هـ,التقنية الحيوية المتقدمة التي تتضمن التلاعب وتعديل الجينات في الحمض النووي للكائن الحي لإنتاج صفات جديدة أو محاصيل مقاومة للأمراض؟,هندسة وراثية
هـ,مادة كيميائية تفرزها الغدد الصماء في الدم لتنظيم وظائف وعمليات فسيولوجية محددة في الجسم كالنمو والنوم وعمليات الحرق؟,هرمون
هـ,البروتين الغني بالحديد والموجود في خلايا الدم الحمراء والمسؤول عن الارتباط بالأكسجين ونقله من الرئتين إلى كافة أنسجة الجسم؟,هيموغلوبين
هـ,العنصر الكيميائي الأخف وزناً والأكثر وفرة في الكون بأسره ويعتبر الوقود الأساسي لاندماج النجوم واشتعالها كشمسنا؟,هيدروجين
هـ,نظام الكتابة المصور والمعقد الذي استخدمه الفراعنة في مصر القديمة لنقش نصوصهم المقدسة وتاريخهم على جدران المعابد والمسلات؟,هيروغليفية
هـ,المنظمة الدولية والمنبر السياسي العالمي الأكبر الذي تأسس بعد الحرب العالمية الثانية بهدف حفظ السلم والأمن الدوليين وتنمية العلاقات بين الدول؟,هيئة أمم متحدة
هـ,المنطقة الجغرافية المرتفعة والواسعة في وسط آسيا والتي تلقب بـ(سقف العالم) لارتفاعها الشاهق وتقع خلف جبال الهمالايا؟,هضبة التبت
هـ,مجموعة الخصائص والثقافة والتاريخ واللغة التي تميز شعباً معيناً وتربطهم بوطنهم وتعمق انتماءهم له وتسمى الانتماء أو الـ؟,هوية وطنية
و,انتقال الصفات البيولوجية والجسمانية من الآباء إلى الأبناء عبر الأجيال بواسطة الجينات والحمض النووي ويسمى علم الـ؟,وراثة
و,الجهة الحكومية والسيادية في الدولة المسؤولة عن إدارة وتوجيه العلاقات الدبلوماسية والسياسية مع الدول الأجنبية وحماية مصالحها بالخارج؟,وزارة خارجية
و,المرض المعدي شديد الخطورة وسريع الانتشار والذي يعبر الحدود الجغرافية ليصيب أعداداً هائلة من البشر في قارات مختلفة كطاعون العصور الوسطى؟,وباء عالمي
و,الإعلان أو الميثاق القانوني والرسمي المكتوب الذي يضمن ويثبت الحقوق الأساسية والطبيعية للإنسان وحرياته غير القابلة للمساس؟,وثيقة حقوق
و,الخداع البصري الذي يخدع نظام الرؤية والدماغ البشري ليجعله يرى الأشياء أو الأبعاد أو الألوان على غير حقيقتها وواقعها المادي؟,وهم بصري
و,الوكالة الفيدرالية الأمريكية المستقلة والأشهر عالمياً والمسؤولة عن برامج أبحاث الفضاء والطيران المدني واستكشاف المجموعة الشمسية؟,وكالة ناسا
و,حالة الانسجام السياسي والاجتماعي الشامل بين طوائف وأحزاب الشعب الواحد بعد فترات النزاع الأهلي لضمان استقرار وتقدم البلاد؟,وفاق وطني
و,المصطلح الذي يطلق على مصادر الطاقة المستخرجة من باطن الأرض كالفحم والنفط والغاز الناتجة عن تحلل الكائنات الحية لملايين السنين؟,وقود أحفوري
ي,منظمة الأمم المتحدة للتربية والعلم والثقافة والتي تهدف لإحلال السلام من خلال التعاون الدولي وحماية مواقع التراث العالمي؟,يونسكو
ي,القائد العسكري والديكتاتور الروماني الأعظم الذي أسقط الجمهورية الرومانية وتولى السلطة المطلقة واغتيل لاحقاً بخيانة في مجلس الشيوخ؟,يوليوس قيصر
ي,الظاهرة الجيولوجية الطبيعية المذهلة التي يندفع ويتدفق فيها الماء المغلي والبخار من باطن الأرض إلى السطح على شكل نافورة قوية؟,ينبوع حار
ي,الحجر الكريم النفيس والصلب جداً الذي يتميز بلونه الأزرق الساحر ويعتبر من أغلى الأحجار الكريمة الأربعة بعد الألماس؟,ياقوت أزرق
ي,الصباغ الطبيعي الأخضر والأساسي الموجود في أوراق النباتات والمسؤول عن امتصاص طاقة الشمس وإتمام عملية البناء الضوئي ويسمى كلوروفيل أو؟,يخضور
ي,العنصر الكيميائي الطبيعي الذي يضاف عادة لملح الطعام لتعويض نقصه في الجسم حيث يؤدي نقصه لتضخم واضطراب الغدة الدرقية؟,يود
ي,المصطلح الفلسفي والأدبي الذي أطلقه السير توماس مور ليصف المجتمع المثالي والخيالي الفاضل والخالي من الشرور والفقر والجرائم؟,يوتوبيا
ي,الجزء المطوي والبارز أعلى القميص أو المعطف والذي يحيط بالرقبة ويعتبر جزءاً من أناقة الملابس الرسمية وعكسه الأكمام؟,ياقة
أ,ابن الملك وصاحب السمو الذي يتولى مهام قيادية وإدارية في الدولة؟,أمير
أ,حالة الجهل بالقراءة والكتابة التي تكافحها الدول لرفع مستوى وعي شعوبها؟,أمية
أ,الحروف والرموز المتسلسلة التي تشكل أساس اللغة المكتوبة؟,أبجدية
أ,أسطوانة مجوفة تستخدم لنقل السوائل والغازات كالمياه والنفط؟,أنبوب
أ,اضطراب وحالة مزعجة تتمثل في صعوبة الاستغراق في النوم ليلاً؟,أرق

أ,الغريزة الفطرية العظيمة والعاطفة العميقة التي تربط المرأة بطفلها؟,أمومة
أ,الملابس والتصاميم المبتكرة التي تعكس ثقافة المجتمعات وتطور الموضة؟,أزياء
أ,مجموعة متقاربة من الجزر المتجاورة في البحر أو المحيط؟,أرخبيل


أ,لون مميز وفخم ينتج عن مزج اللونين الأحمر والأزرق؟,أرجواني
أ,الخط الدائري الوهمي الذي يبدو فيه وكأن السماء تلتقي بسطح الأرض؟,أفق
ب,مسطح مائي واسع محاط باليابسة من جميع الجهات؟,بحيرة
ب,نوع من الأزهار ذات الرائحة العطرة واللون الذي يمزج بين الأحمر والأزرق؟,بنفسج

ب,وعاء أسطواني كبير يصنع من المعدن أو الخشب ويستخدم لتخزين النفط وتصديره؟,برميل

ب,الشخص الذي يؤدي حركات بهلوانية واستعراضية ويثير الضحك في السيرك؟,بهلوان
ب,سفينة ضخمة تعمل بالطاقة البخارية وتستخدم لنقل الركاب والبضائع عبر البحار؟,باخرة
ب,الدليل القاطع والحجة القوية التي تثبت صحة الادعاء أو النظرية؟,برهان
ب,المحيط الطبيعي بما فيه من ماء وهواء وتربة وكائنات حية الذي نعيش فيه؟,بيئة

ب,الأثر المميز والفريد الذي تتركه خطوط الأصابع وتستخدم لإثبات الهوية الشخصية؟,بصمة
ب,الشخص الذي يسكن الصحراء ويعتمد على الرعي والتنقل وراء الماء والكلأ؟,بدوي
ب,آلة موسيقية نحاسية نفخية تصدر صوتاً عالياً كانت تستخدم قديماً في الحروب؟,بوق

ت,الفراغ أو المساحة الفارغة داخل الجسم أو العضو الطبيعي؟,تجويف
ت,إفراز الجسم للماء والأملاح لتنظيم وتبريد درجة حرارته عند الشعور بالحر؟,تعرق
ت,عملية تناول الطعام واستخلاص العناصر المفيدة منه لبناء ونمو الجسم؟,تغذية
ت,الادعاء الباطل بمعرفة الغيب والمستقبل من خلال قراءة حركة النجوم والكواكب؟,تنجيم
ت,إلحاق الأذى والألم الجسدي أو النفسي الشديد بالشخص لإجباره على الاعتراف؟,تعذيب
ت,الارتفاع المستمر والمفرط في أسعار السلع والخدمات وتراجع القيمة الشرائية للعملة؟,تضخم
ت,التخفي وتغيير المظهر واللون للاندماج مع البيئة المحيطة لتجنب الأعداء؟,تمويه
ت,فن وعملية ترويج المنتجات والخدمات لجذب العملاء وزيادة المبيعات؟,تسويق
ت,حالة الاستقرار وتساوي الثقل والجهد بين الأطراف المتعاكسة؟,توازن
ت,المنشأة الكبرى المخصصة لصناعة وتخزين الأسلحة والذخائر والمعدات العسكرية؟,ترسانة
ت,إدخال أو إخراج البضائع والممنوعات عبر الحدود بشكل سري وغير قانوني؟,تهريب

ث,كسر رياضي يمثل جزأين من أصل ثلاثة أجزاء متساوية؟,ثلثان
ث,كثرة الكلام والحديث المتواصل في أمور لا فائدة منها ولا نفع؟,ثرثرة
ث,النظرة الحادة جداً أو الرأي السديد الذي يخترق الأمور ويعرف بواطنها يقال بصر؟,ثاقب
ث,صفة للشيء السميك والعريض الذي يصعب اختراقه وعكسه الرقيق والرفيع؟,ثخين

ث,صفة تطلق على اللون الأبيض الناصع أو الطقس شديد البرودة والتجمد؟,ثلجي

ث,التراب الندي والمبلل بالماء ويطلق مجازاً على الأرض التي يدفن فيها الميت؟,ثرى




ث,حالة الغنى الفاحش وكثرة الأموال والممتلكات والعيش في رغد ورفاهية؟,ثراء
ج,حشرات ضارة جداً تنتقل في أسراب عملاقة وتقضي على المحاصيل الزراعية تماماً؟,جراد
ج,رياضة أولمبية تعتمد على القوة والمرونة الهائلة وأداء حركات رشيقة ومعقدة؟,جمباز
ج,الشخص المكلف بتنفيذ أحكام الإعدام أو العقوبات الجسدية القاسية في الساحات؟,جلاد
ج,فقدان العقل والاضطراب النفسي الشديد الذي يفقد الإنسان قدرته على التمييز؟,جنون
ج,الفعل المخالف للقانون والأخلاق والذي يستوجب العقاب الرادع والسجن؟,جريمة

ج,الكائن الحي في مراحله الأولى داخل الرحم وقبل ولادته وخروجه للحياة؟,جنين
ج,الشوط الواحد أو المرحلة المتكررة في الألعاب الرياضية والمفاوضات السياسية؟,جولة
ج,الحشود الكبيرة من الناس والمشجعين الذين يحضرون الفعاليات والمباريات؟,جمهور

ج,الخثرة الدموية والتصلب الذي يحدث في الأوعية الدموية ويعيق تدفق الدم؟,جلطة
ج,الثوب الواسع والفضفاض الذي يغطي كامل الجسد ويرتدى في بعض الثقافات؟,جلباب
ج,الجهة الحكومية المسؤولة عن مراقبة وفرض الرسوم على البضائع الداخلة للبلاد؟,جمارك
ح,عملية جني وقطف المحاصيل الزراعية بعد نضجها واكتمال نموها في الحقول؟,حصاد
ح,الفجوة العميقة والمحفورة في الأرض والتي قد تستخدم لزراعة شجرة أو كفخ؟,حفرة
ح,القدرة الفطرية على التنبؤ وفهم الأمور بسرعة دون الاعتماد على التفكير المنطقي؟,حدس


ح,البقايا والأجزاء المحطمة والمتناثرة للسفن أو الطائرات بعد تحطمها وغرقها؟,حطام

ح,مهمة المراقبة والحماية الأمنية المستمرة للمنشآت والشخصيات المهمة من الخطر؟,حراسة
ح,كائن رخوي بطيء جداً يحمل صدفة لولبية على ظهره ليختبئ بداخلها؟,حلزون
ح,المساحة المربعة والمحاطة بالحبال المخصصة لنزالات الملاكمة والمصارعة؟,حلبة
ح,الحماية القانونية التي تمنع محاسبة الدبلوماسيين أو محاكمتهم أثناء عملهم؟,حصانة


خ,القصة الأسطورية والاعتقاد الباطل الذي لا يستند إلى أي أساس علمي أو ديني؟,خرافة


خ,الأعضاء التنفسية المتفرعة التي تستخدمها الأسماك لاستخلاص الأكسجين تحت الماء؟,خياشيم


خ,الحاوية الكبيرة والضخمة التي تبنى لتجميع وتخزين المياه أو الوقود لحين الحاجة؟,خزان
خ,الطرف المنافس والمعادي في المعركة أو نسبة التخفيض المالي على أسعار السلع؟,خصم
خ,فقدان المال أو الهزيمة في المباريات وعدم التمكن من تحقيق الفوز والنجاح؟,خسارة
خ,الذنب العظيم والفعل المحرم والمشين الذي يرتكبه الإنسان ويستوجب التوبة؟,خطيئة

خ,القدرة العالية للتربة على إنتاج المحاصيل أو قدرة الكائنات على التكاثر والإنجاب؟,خصوبة
خ,الوحدة البنائية الأساسية في جسم الإنسان أو الغرفة السداسية التي يبنيها النحل؟,خلية
د,الخراب الهائل والانهيار الذي يلحق بالمباني والمدن بسبب الكوارث والحروب؟,دمار


د,الأسباب والمحفزات النفسية التي تدفع الإنسان للقيام بفعل معين أو ارتكاب جريمة؟,دوافع
د,الشعور بالحرارة اللطيفة والمريحة وعكسه الشعور بالبرد القارس والارتجاف؟,دفء
د,المواد العضوية والشحوم المتراكمة في الجسم والتي تعطي طاقة عالية عند حرقها؟,دهون
د,فن تزيين وتنسيق وتجميل المساحات الداخلية للمنازل باستخدام الأثاث والألوان؟,ديكور
د,اللعبة التي تصنع على شكل إنسان أو طفل صغير لتسلية الأطفال واللعب بها؟,دمية
د,تسديد المبالغ المالية مقابل المشتريات أو استخدام القوة لتحريك شيء للأمام؟,دفع
د,الشخص أو الجهة أو البنك الذي يمنح القروض المالية ويطالب المدين بسدادها؟,دائن
د,العالم الإنجليزي الشهير الذي وضع نظرية التطور والانتقاء الطبيعي المثيرة للجدل؟,داروين
د,عملية البحث والتعلم المستمر واكتساب المعرفة في المدارس والجامعات؟,دراسة
د,الشعور بالدوخة وفقدان التوازن والإحساس بأن المكان يدور من حولك؟,دوار

ذ,عملية نحر وقطع وريد الحيوان المحلل أكله لتجهيز لحمه وتناوله شرعاً؟,ذبح

ذ,الخصائص والصفات البيولوجية التي تميز الرجال عن النساء في الكائنات الحية؟,ذكورة

ذ,حاسة التذوق أو القدرة الفنية على تمييز الأشياء الجميلة وتقدير الفنون؟,ذائقة
ذ,صفة تطلق على الشخص القبيح في أخلاقه أو مظهره وعكسه الوسيم والحسن؟,ذميم
ذ,الموجات والترددات الصوتية أو الكهرومغناطيسية التي تنتقل في الفراغ أو الهواء؟,ذبذبات
ذ,الشخص المهان والمكسور الذي فقد كرامته وعزته وخضع لسلطة ظالمة؟,ذليل
ذ,صفة تطلق على المجهود والتفكير الذي يعتمد على العقل والدماغ وليس العضلات؟,ذهني


ذ,الدفاع المستميت والمقاتلة لحماية الأهل والوطن والمقدسات من أي اعتداء؟,ذود
ر,المبالغ المالية التي تدفع مقابل الخدمات الحكومية أو الأعمال الفنية واللوحات؟,رسوم

ر,الصدى والصوت المتكرر الذي يصدر عند ضرب الأجسام المعدنية كالجرس؟,رنين
ر,الانتقال والسفر من مكان إلى آخر بغرض الاستكشاف أو الاستجمام والراحة؟,رحلة
ر,العطف والرأفة والشفقة على الضعفاء والمحتاجين وهي من أعظم صفات الخالق؟,رحمة
ر,الرجل المتدين الذي يكرس حياته للعبادة في الأديرة وينعزل عن ملذات الدنيا؟,راهب
ر,الاتفاق والمقامرة على توقع نتيجة معينة كسباق الخيل بحيث يكسب الفائز الجائزة؟,رهان
ر,الرياضة العريقة التي تعتمد على تصويب السهام أو الرصاص نحو الهدف بدقة تامة؟,رماية
ر,العلم والبيرق الذي يرفع عالياً ليرمز للدولة أو الجيش أو القبيلة في الحروب؟,راية
ر,الأجور والمبالغ المالية التي تدفع للموظفين شهرياً مقابل أعمالهم وجهودهم؟,رواتب
ر,الخوف الشديد والفزع الذي يصيب الإنسان عند مواجهة خطر مميت أو مشاهدة أمر مخيف؟,رعب
ر,الصاحب والمرافق الذي يلازمك في سفرك وحياتك وتأنس بوجوده وتثق به؟,رفيق
ر,الميل الشديد والاشتياق لامتلاك شيء ما أو تحقيق هدف معين في الحياة؟,رغبة
ز,فصيلة من الحيوانات ذوات الدم البارد التي تتحرك بالزحف كالثعابين والتماسيح؟,زواحف
ز,مهنة وحرفة حرث الأرض وبذر البذور لسد حاجة الإنسان من الغذاء والمحاصيل؟,زراعة
ز,الأشياء الجميلة من حلي وملابس التي تستخدم للتجمل وتحسين المظهر الخارجي؟,زينة

ز,عنصر معدني أساسي يستخدم في جلفنة الحديد لحمايته من الصدأ ومهم لجهاز المناعة؟,زنك
ز,السجادة الفاخرة والمزخرفة التي تفرش على الأرض للزينة والجلوس عليها وتسمى؟,زربية
ز,بهار غالي الثمن جداً يستخرج من زهرة بنفسجية ويعطي الطعام لوناً أصفراً ونكهة مميزة؟,زعفران
ز,شدة البرد القارس والصقيع المؤلم الذي يخترق العظام ولا يطاق؟,زمهرير
ز,الفئة أو المجموعة من الناس أو التصنيف الطبي الذي يحدد نوع فصيلة الدم كـ O و A؟,زمرة
ز,ترك ملذات الدنيا ومفاتنها طوعاً والاكتفاء بالقليل تقرباً لله وطلباً للآخرة؟,زهد
ز,القارب الصغير والخفيف الذي يستخدم للتنقل والصيد السريع في الأنهار والبحيرات؟,زورق

ز,تجمهر وتكدس أعداد كبيرة من السيارات أو الأشخاص في مكان واحد مما يعيق الحركة؟,زحام
س,المادة الكيميائية أو العضوية القاتلة التي تفرزها الأفاعي أو تصنع في المختبرات؟,سم
س,المادة العضوية أو الكيميائية التي تضاف للتربة الزراعية لزيادة خصوبتها وتغذية النبات؟,سماد
س,المنافسة الرياضية لمعرفة من يصل إلى خط النهاية أولاً راكضاً أو راكباً؟,سباق
س,السلطة العليا والمطلقة للدولة على أراضيها وقراراتها دون تدخل خارجي؟,سيادة
س,حالة المادة التي تأخذ شكل الوعاء الذي توضع فيه وتتدفق بسهولة كالماء والزيت؟,سائل

س,حالة الوئام والأمن وغياب الحروب والنزاعات بين الدول والشعوب وعكسه الحرب؟,سلام

س,السور المعدني أو الخشبي الذي يحيط بالحديقة أو المنزل لحمايته وتحديد حدوده؟,سياج
س,التصرفات والأفعال وردود الأفعال التي يقوم بها الإنسان تجاه المواقف المختلفة؟,سلوك
س,المفروشات الأرضية المصنوعة من الخيوط المنسوجة والمزخرفة وتوضع للتدفئة والزينة؟,سجاد
س,فن إدارة شؤون الدولة وعلاقاتها الداخلية والخارجية لتحقيق مصالحها العليا؟,سياسة
س,الغطاء العلوي الذي يغلق المبنى أو الغرفة من الأعلى ويحميها من الأمطار والشمس؟,سقف
ش,المنهج والأحكام الدينية والقانونية التي شرعها الله لتنظيم حياة العباد؟,شريعة
ش,الخط الضوئي الرفيع والمستقيم المنبعث من مصدر مضيء كالشمس أو المصباح؟,شعاع
ش,السطح الزجاجي أو الإلكتروني الذي تعرض عليه الصور والفيديوهات في التلفاز والحاسوب؟,شاشة


ش,الوثيقة الرسمية التي تثبت اجتياز الطالب للمرحلة الدراسية أو إقرار الشخص بالحق في المحكمة؟,شهادة
ش,عملية دفع المال مقابل الحصول على السلع والمنتجات وعكسها عملية البيع؟,شراء
ش,الأذى والفساد والظلم الذي يلحق بالآخرين وهو عكس الخير تماماً؟,شر
ش,القطعة الصغيرة والمتطايرة من المعادن أو الزجاج نتيجة لانفجار قوي أو تحطم؟,شظية
ش,الرغبة الشديدة والميل النفسي والجسدي لتناول الطعام بشره؟,شهية

ش,مرض فيروسي خطير ومعدٍ يصيب الصغار ويؤدي إلى إعاقة حركية دائمة؟,شلل أطفال
ش,كمية البضائع المعبأة والمنقولة عبر السفن والطائرات لغرض التجارة والتصدير؟,شحنة
ص,الشحنة الكهربائية التفريغية الهائلة التي تضرب الأرض من السحب الرعدية بقوة مدمرة؟,صاعقة
ص,الحرفي المتخصص والمحترف في تشكيل وبيع المجوهرات والحلي الذهبية والفضية؟,صائغ

ص,هواية أو مهنة تتبع واقتناص الحيوانات البرية والأسماك للغذاء أو الترفيه؟,صيد
ص,حالة المادة القاسية والمتماسكة التي لا يتغير شكلها بسهولة كالحديد والحجر؟,صلب
ص,المادة اللزجة الطبيعية أو الصناعية التي تستخدم للصق الأشياء وربطها ببعضها بقوة؟,صمغ

ص,الصفائح والرقائق المعدنية الرقيقة التي تصنع منها المعلبات وعلب حفظ الطعام؟,صفيح
ص,حالة السلامة والعافية الجسدية والنفسية والخلو التام من الأمراض والأوجاع؟,صحة
ص,القول أو الفعل الصحيح والمطابق للحق والمنطق وعكسه الخطأ والزلل؟,صواب
ص,الأثر النفسي أو الجسدي العنيف والمفاجئ الناتج عن حادث مروع أو خبر فاجع؟,صدمة
ص,النزاع والمواجهة العنيفة والمستمرة بين طرفين أو فكرتين مختلفتين للسيطرة؟,صراع
ص,الانتقال والارتفاع من مستوى أدنى إلى مستوى أعلى وعكسه النزول والهبوط؟,صعود
ض,الانحراف والابتعاد التام عن طريق الحق والهدى والوقوع في الباطل؟,ضلال
ض,الأشعة الذهبية الساطعة المنبعثة من النجم المركزي والتي تمد كوكبنا بالحرارة والحياة؟,ضوء الشمس
ض,الحقد الدفين والعداوة الشديدة المكتومة في القلب تجاه شخص آخر؟,ضغينة
ض,الحجم الهائل والكبير جداً للشيء والذي يثير الدهشة والاستغراب وعكسه الضآلة؟,ضخامة
ض,الأذى والتلف والخسارة التي تلحق بالأشخاص أو الممتلكات نتيجة حادث أو خطأ؟,ضرر
ض,استخدام اليد أو الأداة للاعتداء الجسدي أو إحدى العمليات الحسابية الأساسية الأربع؟,ضرب


ض,الكفالة والتعهد الذي يقدمه البائع لإصلاح أو استبدال السلعة المعيبة خلال فترة محددة؟,ضمان
ض,الشعور بالانزعاج والاختناق أو ضآلة مساحة المكان وعدم اتساعه وعكسه الاتساع؟,ضيق



ط,كائنات ونباتات مائية بسيطة خضراء اللون تنمو وتطفو على سطح المياه الراكدة؟,طحالب
ط,الصف الطويل من الناس الذين يقفون بانتظام خلف بعضهم بانتظار دورهم؟,طابور
ط,عملية نقل النصوص والرسومات من الحاسوب إلى الورق باستخدام الحبر والآلات؟,طباعة
ط,عملية إعداد وتجهيز الطعام وتسويته باستخدام الحرارة والنار ليصبح قابلاً للأكل؟,طهي
ط,الشعور بالراحة النفسية والسكينة التامة وزوال القلق والخوف من القلب؟,طمأنينة
ط,الدوران والمشي بشكل دائري حول الكعبة المشرفة سبعة أشواط في الحج والعمرة؟,طواف
ط,القوالب المستطيلة المصنوعة من الطين المحروق والتي تستخدم في بناء الجدران والمنازل؟,طوب
ط,الظلم وتجاوز الحد في استخدام السلطة واستعباد الناس وقهرهم بقسوة؟,طغيان
ط,العلبة أو الصندوق المغلف والمحتوي على أغراض يتم إرساله وتوصيله عبر شركات الشحن؟,طرد بريدي
ط,الحلقة الدائرية التي توضع حول العنق للزينة أو حول رقبة الحيوان للتحكم به؟,طوق
ط,كل ما يأكله الإنسان والحيوان من مأكولات متنوعة ليسد جوعه ويستمد منه الطاقة؟,طعام
ط,المستويات المتراكمة والمصطفة فوق بعضها البعض كـ ... الغلاف الجوي أو المجتمع؟,طبقات
ط,الكون المحيط بنا بكل ما فيه من جبال وأنهار وحيوانات بعيداً عن التدخل والصناعة البشرية؟,طبيعة
ظ,الأغلفة الورقية للرسائل أو الأوضاع والأحوال المحيطة بالإنسان وتؤثر في قراراته؟,ظروف


ظ,الشخص المنتصر والرابح الذي تفوق على أعدائه وخصومه في المعركة ونال المجد؟,ظافر
ظ,المكان البارد والمريح الذي تغطيه الأشجار الكثيفة وتحجب عنه أشعة الشمس الحارقة يقال مكان؟,ظليل


ظ,الجزء الصلب الذي يغطي أطراف أصابع اليدين والقدمين للحماية ويقصه الإنسان بانتظام؟,ظفر
ظ,الوقت الذي تنتصف فيه الشمس في كبد السماء وتكون في أعلى نقطة وأشد حرارة؟,ظهرا
ظ,وضع الشيء في غير موضعه والتعدي على الحقوق والجور وهو من أعظم الذنوب وعكسه العدل؟,ظلم
ظ,الشخص أو الفكر الذي يرفض العلم والتنوير ويفضل البقاء في الجهل والتخلف يقال فكر؟,ظلامي
ظ,الشخص خفيف الظل وصاحب النكتة والفكاهة الذي يدخل السرور والابتسامة على قلوب الآخرين؟,ظريف
ظ,الشخص الذي يشعر بالعطش الشديد والجفاف في حلقه ويحتاج لشرب الماء فوراً؟,ظمآن

ع,إعطاء كل ذي حق حقه والمساواة بين الناس أمام القانون والابتعاد عن الظلم والمحاباة؟,عدالة
ع,الجزاء الرادع والمؤلم الذي يوقع على الشخص نتيجة لارتكابه جريمة أو مخالفة للقانون؟,عقاب
ع,ضم الشخص الآخر بين الذراعين بقوة للتعبير عن المحبة العميقة أو الشوق عند اللقاء؟,عناق

ع,وسيلة نقل بدائية ذات عجلات تجرها الخيول أو الدواب لنقل الأشخاص والبضائع قديماً؟,عربة
ع,فاكهة صيفية لذيذة تنمو على شكل عناقيد متدلية وتتنوع ألوانها بين الأخضر والأحمر والأسود؟,عنب
ع,الشخص أو الشيء المفرط في الطول والضخامة والذي يتجاوز الحجم الطبيعي بكثير؟,عملاق
ع,الشخص الذي يتمتع بذكاء فائق واستثنائي وقدرة مذهلة على الابتكار والاختراع؟,عبقري
ع,الخصم والطرف المعادي والمنافس الذي يتربص بك ويسعى لإلحاق الضرر والهزيمة بك وعكسه الصديق؟,عدو
ع,الاتفاقية القانونية الملزمة بين طرفين أو أكثر أو الفترة الزمنية التي تعادل عشر سنوات متتالية؟,عقد
ع,حشرة مفصلية سامة وخطيرة تتميز بإبرة لاسعة في نهاية ذيلها وتعيش في الصحاري والمناطق الجافة؟,عقرب
ع,القطعة الزجاجية المحدبة أو المقعرة التي تكسر الضوء وتستخدم في النظارات والكاميرات لتوضيح الرؤية؟,عدسة

غ,اختفاء الشمس تدريجياً تحت خط الأفق في المساء إيذاناً بانتهاء النهار ودخول الليل؟,غروب
غ,العقوبة المالية التي تفرض وتدفع كتعويض عن ارتكاب مخالفة مرورية أو قانونية بسيطة؟,غرامة
غ,الهجوم العسكري المسلح واقتحام أراضي دولة أخرى بالقوة للسيطرة عليها ونهب ثرواتها؟,غزو
غ,الموت أو الاختناق نتيجة الانغمار الكامل تحت سطح الماء وعدم القدرة على التنفس؟,غرق
غ,الشعور المزعج بالانزعاج أو الحسد عند رؤية شخص آخر يمتلك ما تتمناه لنفسك أو اهتمام من تحب؟,غيرة
غ,الطبقة الخارجية أو الورقة السميكة التي تغطي وتحمي الكتاب أو المجلة أو الكوكب؟,غلاف
غ,حالة الإبهام وعدم الوضوح والسرية التي تكتنف بعض القضايا والجرائم ويصعب تفسيرها؟,غموض


غ,الشخص المدرب والمجهز بمعدات التنفس للسباحة والعمل في أعماق البحار لاكتشافها؟,غواص
غ,العضو الحيوي الصغير في الجسم المسؤول عن إنتاج وإفراز الهرمونات والعصارات في الدم؟,غدة

ف,الورقة التجارية أو الإيصال الذي يسجل تفاصيل وقيمة المشتريات والخدمات ويطلب منك تسديدها؟,فاتورة

ف,المزارع والعامل البسيط الذي يحرث الأرض ويزرعها ويعتني بالمحاصيل ليجني ثمارها؟,فلاح

ف,إعمال العقل والتأمل العميق للوصول إلى استنتاجات وحلول وإبداعات فكرية جديدة؟,فكر
ف,انكشاف أمر مشين وسيء أو سر معيب أمام الناس مما يسبب الخزي والعار لصاحبه؟,فضيحة
ف,انعدام النظام والترتيب وحالة الاضطراب والهرج والمرج في المكان أو المجتمع؟,فوضى
ف,العظمة والرقي والجمال المفرط في التصميم أو الأثاث أو الألقاب التي تطلق على الشخصيات المرموقة؟,فخامة

ف,الوجبة الصباحية الأساسية والأولى التي يتناولها الإنسان في بداية يومه لتمده بالطاقة؟,فطور

ف,الهروب السريع والركض للنجاة بالنفس والابتعاد عن مواجهة الخطر أو الأعداء أو السجن؟,فرار
ف,القدرة العالية على التحدث بلباقة ووضوح وبلاغة وتوصيل المعنى بأجمل الكلمات المؤثرة؟,فصاحة

ق,الشخص القانوني المعين من الدولة ليحكم بالعدل ويفصل في النزاعات والخصومات بين الناس في المحكمة؟,قاضي
ق,النسيج المصنوع من خيوط القطن أو الحرير أو الصوف والمستخدم في تفصيل الملابس والستائر؟,قماش
ق,الحبوب الزراعية الذهبية والأساسية التي تطحن لتصبح دقيقاً وتستخدم في صناعة الخبز والمعكرونة؟,قمح
ق,النبات الزراعي الذي ينتج أليافاً بيضاء ناعمة جداً تستخدم في صناعة أفضل وأريح أنواع الأقمشة والملابس؟,قطن
ق,القدرة والمهارة على توجيه وإدارة مجموعة من الناس أو المؤسسات بحكمة نحو تحقيق هدف مشترك؟,قيادة
ق,الحكاية المكتوبة أو المروية التي تتضمن أحداثاً وشخصيات وحبكة درامية للتسلية أو أخذ العبرة؟,قصة
ق,الغطاء الذي يوضع على الوجه بغرض التخفي وإخفاء الهوية أو للحماية من الغازات والأوبئة؟,قناع
ق,المجموعة الكبيرة من الحيوانات من نفس النوع كالأغنام أو الأبقار التي تسير وترعى معاً بانتظام؟,قطيع
ق,الكتاب المرجعي والمعجم الذي يضم مفردات اللغة ويشرح معانيها ويترجمها للغات أخرى؟,قاموس
ق,البناء المعماري نصف الكروي والمقوس الذي يعلو أسقف المساجد والمباني التاريخية الكبرى للزينة والاتساع؟,قبة
ق,الشعور النفسي بالتوتر والاضطراب وعدم الارتياح والتفكير السلبي المستمر في أحداث المستقبل؟,قلق
ق,الارتقاء والدفع بالجسم بقوة في الهواء لتجاوز حاجز أو مسافة معينة وتعتبر رياضة أولمبية؟,قفزة
ك,العضو الحيوي الأكبر في تجويف البطن والمسؤول عن تنقية الدم من السموم وإنتاج العصارة الصفراوية؟,كبد
ك,الشعور السلبي والبغيض والمقت الشديد تجاه شخص أو فكرة وعكسه المحبة والتسامح؟,كراهية
ك,النضال والعمل الجاد والمستمر وتجاوز الصعوبات والعقبات بقوة لتحقيق الأهداف الكبرى والنجاح؟,كفاح
ك,التعهد والضمان المالي أو الشخصي الذي يقدم للإفراج عن متهم أو رعاية يتيم وتأمين احتياجاته؟,كفالة
ك,المقدار الفيزيائي الذي يعبر عن كمية المادة الموجودة في الجسم ولا تتغير بتغير المكان أو الجاذبية؟,كتلة
ك,المخبوزات والحلويات الدائرية والمزينة التي تخبز وتقدم مع الشاي والقهوة في الأعياد والمناسبات السعيدة؟,كعك
ك,التراخي والخمول وعدم الرغبة في العمل أو بذل أي مجهود جسدي أو ذهني وهو آفة النجاح؟,كسل

ك,إجمالي المبالغ والمصاريف المالية التي تنفق لإنتاج سلعة أو إنجاز مشروع معين وتسمى تكلفة أو؟,كلفة

ك,حيوان جرابي أسترالي شهير يقفز بقوة على قدميه الخلفيتين ويحمل صغاره في كيس أسفل بطنه؟,كنغر
ك,القطعة من الملابس الشتوية المحاكة من الصوف والتي تلبس في النصف العلوي من الجسم للتدفئة؟,كنزة

ل,الطريقة المحلية والخاصة في نطق الكلمات واللغة والتي تميز سكان منطقة جغرافية عن غيرها؟,لهجة
ل,المستوى الجيد من الصحة والقوة البدنية الذي يسمح بأداء التمارين الرياضية بكفاءة ودون تعب سريع؟,لياقة
ل,السائل الذي تفرزه غدد الفم لترطيب الطعام وتسهيل بلعه وهضمه ويحمي الأسنان من التسوس؟,لعاب


ل,الفترة الزمنية القصيرة جداً والعابرة كطرفة العين وتقال لوصف الوقت السريع جداً والحاضر؟,لحظة
ل,اللوحة أو القماش العريض المكتوب عليه شعارات أو توجيهات ويعلق في الشوارع أو المظاهرات لجذب الانتباه؟,لافتة
ل,العلم المتخصص في دراسة اللغات الإنسانية وتراكيبها وقواعدها النحوية وتطورها عبر الزمن؟,لغويات
ل,الاجتماع والمقابلة التي تتم بين شخصين أو أكثر وجهاً لوجه للحديث أو التعارف بعد طول غياب؟,لقاء
ل,إحدى الحواس الخمس وتتم عبر الجلد وتتيح للإنسان الإحساس بحرارة وبرودة ونعومة وخشونة الأشياء؟,لمس
ل,الرقة في التعامل والأسلوب الحسن والودود الذي يجذب القلوب ويجعل الشخص محبوباً بين الناس؟,لطافة
ل,الرتبة العسكرية القيادية والعليا في الجيش وتأتي بعد العميد وقبل الفريق أو العلم والراية المرفوعة؟,لواء
ل,إلقاء العتب والعاتق والتوبيخ على شخص ما وتشعيره بالذنب بسبب ارتكابه لخطأ أو تقصيره في واجبه؟,لوم
م,الأداة الكهربائية الساخنة التي تمرر على الملابس المغسولة لإزالة التجاعيد والثنيات وجعلها ملساء؟,مكواة
م,الاشتباك العسكري والمواجهة المسلحة والمباشرة بين جيشين في ميدان القتال وتسمى غزوة أو؟,معركة
م,الجهاز البصري الدقيق الذي يستخدم لتكبير ورؤية الكائنات الحية الدقيقة والخلايا التي لا ترى بالعين؟,مجهر
م,المقر الرسمي والقانوني الذي يجلس فيه القاضي للنظر في القضايا والجرائم وإصدار الأحكام العادلة؟,محكمة
م,الغرفة المجهزة بالأجهزة والأفران والأدوات في المنزل والمخصصة لإعداد وطهي الطعام وتخزينه؟,مطبخ
م,الأداة أو الجهاز الدقيق الذي يستخدم لمعرفة وقياس أوزان وكتل الأشياء والمواد المختلفة بدقة؟,ميزان
م,القلب النابض والجزء الميكانيكي المعقد في السيارة والآلات والذي يحول الوقود إلى طاقة حركية؟,محرك
م,المطبوعة الدورية الملونة التي تصدر أسبوعياً أو شهرياً وتحتوي على مقالات وصور وتغطيات متنوعة؟,مجلة
م,الجهاز الكهربائي الذي يحتوي على شفرات دوارة ويستخدم لتحريك وتبريد هواء الغرفة في الصيف؟,مروحة
م,المحل التجاري المجهز بالطاولات والذي يقدم وجبات الطعام والمشروبات الجاهزة للزبائن مقابل المال؟,مطعم
م,الحقيبة الجلدية الصغيرة جداً والمطوية التي توضع في الجيب لحفظ النقود الورقية والبطاقات الشخصية؟,محفظة
م,الشخص الذي يمتلك أو يعمل في الحقول ويهتم بحرث الأرض وزراعتها وري المحاصيل ورعايتها؟,مزارع
م,المبنى أو القاعة المجهزة بخشبة مرتفعة وستارة والمخصصة لأداء وتمثيل المسرحيات أمام الجمهور الحاضر؟,مسرح
ن,فقدان الذاكرة المؤقت أو الدائم وعدم القدرة على استرجاع المعلومات والأحداث الماضية من العقل؟,نسيان

ن,الفن التشكيلي الراقي الذي يعتمد على تشكيل وحفر الصخور والأخشاب لتحويلها إلى مجسمات وتماثيل فنية؟,نحت
ن,العينة أو المثال المصغر الذي يصنع ليكون نسخة مشابهة للشيء الأصلي للاختبار أو العرض والتوضيح؟,نموذج
ن,إظهار الشخص خلاف ما يبطن من مشاعر وأفكار وادعاء الصلاح وهو من أسوأ وأخطر الصفات الأخلاقية؟,نفاق
ن,السلطة والقوة العالية والتأثير العميق الذي يمتلكه شخص ما لتسيير الأمور والقرارات لصالحه؟,نفوذ
ن,التصميم المعماري الذي يقذف ويدفع الماء للأعلى بشكل جمالي وجذاب لتزيين الساحات والحدائق الكبرى؟,نافورة
ن,خلو الشيء من الشوائب والأوساخ والعيوب كـ ... الماء والذهب أو صفاء النية والسريرة للإنسان؟,نقاء
ن,الخروج والذهاب للأماكن الطبيعية كالحدائق والشواطئ للترويح عن النفس والاستمتاع بالهواء الطلق وتناول الطعام؟,نزهة
ن,السائل الأسود اللزج والأساسي المستخرج من باطن الأرض ويسمى الذهب الأسود ويشكل عصب الطاقة العالمية؟,نفط

ن,الممر الأرضي والجوفي المحفور تحت الجبال أو تحت الأرض لتسهيل مرور السيارات والقطارات واختصار المسافات؟,نفق
ن,الجزء المعدني الحاد والقاطع من السكين أو السيف والذي يستخدم للقطع والطعن؟,نصل

هـ,انتقال الطيور في مواسم معينة أو انتقال البشر من وطنهم إلى بلد آخر بحثاً عن الأمان أو العمل؟,هجرة

هـ,الصياح ورفع الصوت العالي والموحد الذي تطلقه الجماهير في الملاعب أو المظاهرات لدعم فريق أو قضية؟,هتاف
هـ,العملية الحيوية التي يقوم بها الجسم لتفتيت وتحليل الطعام في المعدة والأمعاء لامتصاص فوائده؟,هضم

هـ,المزاح والمرح واللعب والقول غير الجاد وعكسه الجد والصرامة والالتزام؟,هزل
هـ,السيطرة التامة والنفوذ المطلق الذي تفرضه دولة قوية أو جهة على الآخرين وتتحكم بقراراتهم ومصيرهم؟,هيمنة
هـ,صفة الشيء الضعيف والرقيق القابل للكسر والتلف بسهولة بمجرد لمسه أو الضغط عليه كـ ... العظام؟,هشاشة
هـ,الترتيب والأناقة وحسن المظهر واللباس الخارجي النظيف واللائق الذي يظهر به الشخص أمام الناس؟,هندام
هـ,الدائرة الضوئية المضيئة والمشعة التي ترسم فوق رؤوس القديسين أو تحيط بالقمر في السماء ليلاً؟,هالة
هـ,العصا الغليظة والثقيلة المصنوعة من الخشب أو المطاط والتي يستخدمها رجال مكافحة الشغب للضرب والردع؟,هراوة
هـ,الغاية والطموح الذي يسعى الإنسان جاهداً لتحقيقه أو الكرة التي تدخل شباك المرمى في المباريات؟,هدف
و,الأرض والبلد الذي يولد وينشأ فيه الإنسان وينتمي إليه ويحمل جنسيته ويدافع عنه بروحه؟,وطن
و,قلة الأدب وسوء الخلق والجرأة المذمومة في الكلام وتجاوز الحدود مع الآخرين دون احترام؟,وقاحة
و,العمل والمهنة الرسمية التي يشغلها الشخص في جهة حكومية أو خاصة ويتقاضى عليها راتباً شهرياً؟,وظيفة
و,الشخص أو الجهة المفوضة قانونياً ورسمياً للتصرف والعمل نيابة عن شخص آخر وإدارة شؤونه ومصالحه؟,وكيل
و,الجماعة من الممثلين الرسميين والدبلوماسيين الذين يرسلون لمهمة أو مؤتمر للتفاوض والتحدث باسم دولتهم أو شركتهم؟,وفد

و,المستند والأمر المكتوب والموثق الذي يتركه الإنسان قبل موته ليحدد كيفية تقسيم تركته أو دفنه؟,وصية
و,اتخاذ الإجراءات والتدابير الاحترازية والطبية الاستباقية لتجنب الوقوع في المرض أو الخطر ويقال الـ ... خير من العلاج؟,وقاية
و,الرزانة والهدوء والهيبة والاحترام الشديد الذي يتصف به كبار السن والعلماء ويفرض تقديرهم على الجميع؟,وقار
و,العلم الطبي والإحصائي المتخصص في دراسة كيفية انتشار الأمراض المعدية في المجتمعات وطرق مكافحتها والقضاء عليها؟,وبائيات

و,المكان والمحل المجهز بالمعدات والآلات والمخصص لتصليح السيارات أو أداء الأعمال الحرفية والمهنية والصناعية؟,ورشة
و,الإدراك الكامل والفهم العميق للمواقف والأمور والقدرة على التمييز بين الصواب والخطأ واليقظة العقلية التامة؟,وعي
ي,الحجر الكريم الواحد والنفيس جداً الذي يتميز بلونه الأحمر القاني ويستخدم في ترصيع أغلى التيجان والمجوهرات؟,ياقوتة
ي,الجزء الصلب من كوكب الأرض الذي لا تغطيه مياه البحار والمحيطات وتعيش عليه الكائنات البرية وتبنى عليه المدن؟,يابسة


ي,الديانة السماوية التوحيدية القديمة التي نزلت على النبي موسى عليه السلام وكتابها المقدس هو التوراة؟,يهودية
ي,السهولة والتيسير وانفراج الأمور وزوال العسر والمشقة وعكسه العسر والصعوبة في قضاء الحاجات؟,يسر
ي,التوجه السياسي المحافظ الذي يميل للحفاظ على التقاليد والنظام الرأسمالي والملكيات الخاصة ويقابل التوجه اليساري؟,يميني
ي,التوجه السياسي الذي يدعم التغيير الجذري والمساواة الاجتماعية وتدخل الدولة في الاقتصاد ويقابل التوجه اليميني؟,يساري
ي,الإيمان المطلق والتأكد التام والقاطع الذي لا يخالطه أدنى شك أو ريبة في صحة أمر ما؟,يقين
ي,الشاب الصغير في مقتبل العمر الذي جاوز مرحلة الطفولة وبدأ يقترب من مرحلة النضج والشباب واشتداد العود؟,يافع
ي,اللعبة والمسابقة التي تعتمد على الحظ البحت بشراء تذاكر مرقمة على أمل الفوز بجوائز مالية ضخمة عند السحب؟,يانصيب

ي,الطائر الأليف والوديع الذي يشبه الحمام ويضرب به المثل في حدة البصر كزرقاء الـ ...؟,يمامة
أ,تفاعل كيميائي ينتج عن اتحاد الأكسجين مع المواد الأخرى ويسبب الصدأ للحديد؟,أكسدة
أ,أعلى رتبة عسكرية في القوات البحرية ويقود الأساطيل الكبرى؟,أدميرال
أ,مشروب أسطوري وخيالي كان يعتقد القدماء أنه يمنح الخلود والشباب الدائم؟,أكسير
أ,الخيوط المشدودة في الآلات الموسيقية كالعود والغيتار والتي تصدر الألحان عند العزف؟,أوتار
أ,المجموعة الكبيرة من السفن الحربية أو التجارية التي تسير معاً تحت قيادة واحدة؟,أسطول
أ,عاصفة هوائية عنيفة جداً وتدور بشكل حلزوني مدمر وتكثر في المحيطات؟,إعصار
أ,الرموز الرياضية التي نستخدمها في العد والحساب والقياس؟,أرقام
أ,الكائنات الحية في مراحل تكوينها الأولى داخل بطون أمهاتها قبل الولادة؟,أجنة
أ,المقاييس الهندسية للفراغ كـ الطول والعرض والارتفاع تسمى؟,أبعاد
أ,حالة نفسية سلبية تصيب الإنسان عندما تفشل محاولاته في تحقيق هدفه المتوقع؟,إحباط
أ,العلم والجهة المسؤولة عن مراقبة وتوقع حالة الطقس وتغيرات المناخ تسمى؟,أرصاد
أ,الخبر الكاذب أو المبالغ فيه الذي ينتشر بسرعة بين الناس دون مصدر موثوق؟,إشاعة
أ,الأمراض الفتاكة وسريعة الانتشار التي تقضي على أعداد كبيرة من البشر؟,أوبئة
ب,صخر بركاني أسود وصلب جداً ينتج عن تجمد الحمم البركانية ويستخدم في البناء؟,بازلت
ب,طائر يتميز بألوانه الزاهية وقدرته المذهلة على تقليد أصوات البشر؟,ببغاء
ب,تكوينات صلبة ذات أشكال هندسية منتظمة تنتج عن تجمد المعادن كالألماس والملح؟,بلورات
ب,الشخص الذي يحترف العناية بالأشجار والزهور وتقليمها في الحدائق؟,بستاني
ب,الجهاز العلمي الدقيق الذي يستخدم لقياس الضغط الجوي للتنبؤ بالطقس؟,بارومتر
ب,القطع الأمامية في لعبة الشطرنج والتي تمثل الجنود المشاة؟,بيادق
ب,فصاحة اللسان وقوة البيان والقدرة على إيصال المعنى بأجمل الكلمات وأدقها؟,بلاغة
ب,المنطقة أو الحاجز الفاصل بين شيئين كالبر الذي يفصل بين بحرين؟,برزخ
ب,الشجاعة المتناهية والإقدام المذهل في أرض المعركة ومواجهة الأعداء؟,بسالة
ب,سرعة الفهم واستيعاب الأمور فوراً دون الحاجة لتفكير طويل أو شرح؟,بديهة
ب,الرؤية العميقة وقوة الإدراك التي تجعل الإنسان يرى حقائق الأمور وعواقبها؟,بصيرة
ب,الابتسامة اللطيفة والوجه السمح الذي يستقبل به الشخص ضيوفه وأصدقاءه؟,بشاشة
ب,المنافسات الرياضية الكبرى التي تنتهي بتتويج فريق أو شخص بالكأس؟,بطولات
ت,المادة الدوائية أو العشبية التي تعطل مفعول السم في الجسم وتنقذ الملدوغ؟,ترياق
ت,الخروج على السلطة الحاكمة أو القوانين ورفض الامتثال لها بالقوة؟,تمرد
ت,قوة الصبر والاحتمال والقدرة على تحمل الصعاب والآلام دون شكوى؟,تجلد
ت,الاتفاق والتعاون الوثيق بين دولتين أو أكثر لتحقيق مصالح سياسية أو عسكرية مشتركة؟,تحالف
ت,انتقال الأفكار والمشاعر من عقل شخص إلى آخر عن بعد دون استخدام الحواس الخمس؟,تخاطر
ت,المرتفعات والمنخفضات والوديان والجبال التي تشكل سطح القشرة الأرضية؟,تضاريس
ت,الكلمات أو الطلاسم التي يقرؤها السحرة أو تعلق لجلب الحظ أو دفع الأذى في الأساطير؟,تعويذة
ت,الحوار والنقاش بين طرفين للوصول إلى تسوية أو حل يرضي الجميع في الصراعات؟,تفاوض
ت,العادات والطقوس الموروثة التي تتناقلها الأجيال في المجتمع وتحافظ عليها؟,تقاليد
ت,الترابط الشديد وقوة الالتصاق بين أجزاء المادة أو بين أفراد المجتمع الواحد؟,تماسك
ت,عملية الحفر العميق في الأرض والبحث عن المعادن الثمينة والآثار والنفط؟,تنقيب
ت,السخرية المبطنة والاستهزاء بالكلام بطريقة ذكية لإظهار التناقض أو النقد؟,تهكم
ت,حركة وتدفق المياه في الأنهار والمحيطات أو تدفق الشحنات الكهربائية في الأسلاك؟,تيار
ث,المناطق الحدودية الساحلية أو الجبهات المتقدمة التي يخشى دخول العدو منها؟,ثغور
ث,الأعواد الخشبية الصغيرة ذات الرأس المشتعل التي نستخدمها لإشعال النار؟,ثقاب
ث,انفجار البركان وقذفه للحمم والرماد أو حالة الغضب الشديد والهيجان للشخص؟,ثوران
ث,مصطلح يطلق على مجموعة مكونة من ثلاثة أشياء مترابطة أو ثلاثة أشخاص لا يفترقون؟,ثالوث
ث,الطيات والانثناءات والتجاويف الداخلية للأشياء ويقال في بطون الكتب أو القلب؟,ثنايا
ث,البقية القليلة من السائل التي تبقى في قاع الكأس بعد الانتهاء من الشرب؟,ثمالة
ث,مصطلح فيزيائي يعبر عن نسبة كثافة المادة إلى كثافة الماء؟,ثقل نوعي
ث,الإلمام والمعرفة البسيطة في مجالات متعددة كالتاريخ والعلوم والفنون تسمى؟,ثقافة عامة
ث,حيوان بري مشهور بالدهاء يوصف به الشخص المخادع والذكي ويقال عنه مكار؟,ثعلب
ث,زواحف زاحفة وخطيرة تمتلك أنياباً تفرز مواد قاتلة للضحية؟,ثعابين
ث,الأجهزة المنزلية الكهربائية المتعددة التي تستخدم لحفظ الأطعمة بالتبريد؟,ثلاجات
ث,الأشياء المكونة من جزأين فقط أو الفرق الرياضية المكونة من شخصين تسمى؟,ثنائيات
ث,المرأة التي تتحدث بكثرة وبشكل متواصل في أمور لا فائدة منها توصف بأنها امرأة؟,ثرثارة
ج,القوات العسكرية المسلحة والمجهزة لحماية الدول وخوض المعارك؟,جيوش
ج,الطبيب المتخصص في إجراء العمليات وفتح جسم المريض لاستئصال الأورام أو العلاج؟,جراح
ج,المنشآت الهندسية المعلقة التي تبنى فوق الأنهار والوديان لربط ضفتين وتسهيل العبور؟,جسور
ج,أصغر التكوينات الكيميائية التي تحتفظ بخصائص المادة وتتكون من ذرات مترابطة؟,جزيئات
ج,معطف أو سترة قصيرة يلبسها الشخص فوق ملابسه العادية للتدفئة أو الأناقة؟,جاكيت
ج,الاجتماع الرسمي أو الودي لفترة محددة للنقاش أو المحاكمة أو شرب القهوة؟,جلسة
ج,اللوحات الفنية الضخمة التي ترسم مباشرة على الجدران الكبيرة وتزين الشوارع أو القصور؟,جداريات
ج,حالة السكون التام وعدم الحركة أو التطور وتطلق على تصلب المشاعر والأفكار؟,جمود
ج,إنكار الفضل والجميل وعدم شكر من قدم لك معروفاً وهي صفة مذمومة؟,جحود

ج,الأغطية الجلدية الرقيقة التي تحمي العيون وترمش باستمرار لترطيبها؟,جفون
ج,الأجزاء السفلية والصلبة من الأشجار والتي تحمل الأغصان وتتصل بالجذور؟,جذوع
ج,سلسلة جبلية أوروبية شهيرة جداً تمتد عبر سويسرا وإيطاليا وفرنسا وتشتهر بالتزلج؟,جبال الألب
ح,المهنة والحرفة التي تعتمد على طرق وتشكيل المعادن باستخدام النار والمطرقة؟,حدادة
ح,الكتل الصخرية الصلبة التي تستخرج من الجبال وتستخدم في البناء ورصف الطرق؟,حجارة
ح,المبنى العسكري المنيع والمحاط بالأسوار العالية والذي كان يستخدم للدفاع قديماً؟,حصن
ح,الفترة الزمنية الطويلة والمحددة من التاريخ التي تميزت بأحداث معينة؟,حقبة
ح,الأنسجة المرنة الموجودة في الحنجرة والتي تهتز لإصدار الصوت البشري تسمى؟,حبال صوتية
ح,الشخص الذي يحترف قطع الأشجار وتجميع الأخشاب لبيعها كوقود للتدفئة؟,حطاب
ح,الاسم العربي القديم والفصيح لحبوب القمح التي نصنع منها الخبز؟,حنطة
ح,الصخور السائلة والمنصهرة وشديدة الحرارة التي تتدفق من فوهة البركان؟,حمم
ح,الأشخاص المكلفون بحماية ومراقبة الأماكن المهمة والشخصيات والممتلكات؟,حراس
ح,الأراضي الزراعية الواسعة والممتدة التي تزرع فيها المحاصيل كالقمح والذرة؟,حقول
ح,الموقف السياسي الذي تتخذه الدولة بعدم التدخل والانحياز لأي طرف في النزاعات الدولية؟,حياد
ح,تطويق مدينة أو قلعة بالجيوش من كل الجهات لمنع الإمدادات عنها وإجبارها على الاستسلام؟,حصار
ح,المعاهدة والاتفاق الرسمي بين دولتين أو قبيلتين للتعاون المشترك والدفاع المتبادل؟,حلف
خ,نبات عطري يتميز بأزهاره البنفسجية الفاتحة ورائحته المهدئة ويستخدم في صناعة أفخر العطور؟,خزامى
خ,الثدييات الطائرة الوحيدة التي تنشط ليلاً وتنام مقلوبة وتعتمد على صدى الصوت؟,خفافيش
خ,المسطحات المائية المتوغلة داخل اليابسة وتعتبر مرافئ طبيعية للسفن؟,خلجان
خ,الأسلحة البيضاء القصيرة والمقوسة التي تلبس للزينة أو تستخدم للطعن من مسافة قريبة؟,خناجر
خ,الحرفي المتخصص في أخذ المقاسات وقص الأقمشة وخياطتها لتفصيل الملابس؟,خياط
خ,التخلي عن الصديق وعدم نصرته وقت الحاجة الماسة وتخييب آماله وثقته بك؟,خذلان
خ,الخضوع التام والسكينة والتذلل لله عز وجل أثناء الصلاة والدعاء؟,خشوع
خ,عملية نقل ملكية الشركات والمؤسسات الحكومية إلى القطاع الخاص لتحسين كفاءتها؟,خصخصة
خ,الرسومات التوضيحية الورقية أو الرقمية التي تبين تضاريس الأرض وحدود الدول والطرق؟,خرائط
خ,المادة الملونة التي تستخدم لتلوين الشعر أو النقش على اليدين كالحناء وتسمى؟,خضاب
خ,المساكن المتنقلة المصنوعة من القماش والوبر والتي تنصب في الصحاري والرحلات؟,خيام
خ,الأغطية الصلبة والمتينة التي يرتديها الجنود أو سائقو الدراجات لحماية رؤوسهم؟,خوذات
خ,النوع من الأدب والأفلام الذي يتحدث عن الفضاء والمخلوقات الفضائية والتكنولوجيا المستقبلية يسمى؟,خيال علمي
د,الصفائح المعدنية القوية التي يمسكها المحاربون بأيديهم لصد ضربات السيوف والسهام؟,دروع
د,الجزء الخلفي والمغمور في السفينة والذي يتحكم في توجيهها وتغيير مسارها يميناً ويساراً؟,دفة
د,الشخص المحتال والمخادع الذي يدعي المعرفة والصلاح ويقوم بأعمال السحر والشعوذة ليخدع الناس؟,دجال
د,المبنى الديني المنعزل الذي يسكنه الرهبان والراهبات للتعبد والابتعاد عن الحياة المادية؟,دير
د,الوثائق القانونية العليا التي تحدد نظام الحكم وقوانين الدول وتخضع لها جميع التشريعات؟,دساتير
د,الكتب الصغيرة المكونة من أوراق مسطرة والمخصصة للكتابة وتدوين الملاحظات والدروس؟,دفاتر
د,الممر الضيق والطويل داخل المباني والمنازل والذي يربط بين الغرف المختلفة؟,دهليز
د,الزواحف المنقرضة والعملاقة التي حكمت الأرض لملايين السنين قبل ظهور البشر؟,ديناصورات
د,الثدييات البحرية شديدة الذكاء والمرحة التي تعتبر صديقة للإنسان؟,دلافين
د,قطرة الماء المالحة التي تفيض من العين نتيجة البكاء من الحزن أو الفرح؟,دمع
د,القطعة المعدنية الصغيرة ذات الرأس المدبب المستخدمة في تثبيت الأوراق والملابس؟,دبوس
د,الطلب والادعاء الرسمي الذي يرفعه شخص ضد آخر في المحكمة للمطالبة بحق مسلوب؟,دعوى
د,الحافز النفسي أو السبب الخفي الذي يجعل الإنسان يتصرف بطريقة معينة أو يرتكب فعلاً ما؟,دافع
ذ,اللون أو الشيء المصنوع من المعدن النفيس الأصفر البراق ويقال عنه شيء؟,ذهبي
ذ,العقل وقوة الإدراك والقدرة على التفكير والاستيعاب ويقال فلان حاضر الـ؟,ذهن
ذ,الحيوانات المفترسة التي تعوي ليلاً وتصطاد في قطعان وتشبه الكلاب البرية؟,ذئاب
ذ,الخوف الشديد والفزع الجماعي الذي يصيب الناس فجأة عند وقوع كارثة أو سماع صوت مدو؟,ذعور
ذ,الأبناء والأحفاد والنسل الذي يمتد من أصل الإنسان ويقال اللهم بارك في؟,ذرية
ذ,الطرفان العلويان في جسم الإنسان اللذان يمتدان من الكتف إلى أطراف الأصابع؟,ذراعان
ذ,الشخص الخبير والذي يمتلك حساً عالياً في تذوق الأطعمة والمشروبات وتقييم جودتها؟,ذواق
ذ,الأجزاء السفلية والبارزة من الوجوه والتي ينبت فيها شعر اللحية عند الرجال؟,ذقون
ذ,الأطراف الخلفية المتدلية لبعض الحيوانات كالخيول والقطط والتي تستخدم للتوازن؟,ذيول
ذ,الحشرات الطائرة والمزعجة جداً التي تتكاثر في الصيف وتنقل الأمراض؟,ذبابات
ذ,الخطأ الأخلاقي أو المعصية التي يرتكبها الإنسان ويشعر بعدها بالندم وتأنيب الضمير؟,ذنب
ذ,الحجج والأعذار الواهية التي يختلقها الشخص لتبرير أفعاله وتصرفاته غير المقنعة؟,ذرائع
ذ,القمم العالية جداً للجبال أو أعلى مستويات المجد والنجاح التي يصل لها الإنسان؟,ذرى
ر,العضوان الإسفنجيان داخل القفص الصدري والمسؤولان عن عملية التنفس الأساسية؟,رئتان
ر,الأشخاص المدربون والمسافرون في مركبات فضائية لاستكشاف الكواكب خارج الغلاف الجوي؟,رواد فضاء
ر,الجهاز اللاسلكي الذي يستقبل الموجات الصوتية ويبث البرامج والأخبار والموسيقى للمستمعين؟,راديو
ر,القطعة المعدنية القاتلة والمنطلقة بسرعة هائلة من فوهة البندقية أو المسدس؟,رصاصة
ر,الأسلحة القديمة المكونة من عصي طويلة جداً في نهايتها نصل معدني حاد للطعن؟,رماح
ر,الشخص الذي يتم احتجازه واختطافه بالقوة للمساومة عليه وطلب فدية أو مطالب سياسية؟,رهينة
ر,القصائد والكلمات الحزينة التي تقال أو تكتب في تأبين الميت وذكر محاسنه ومآثره؟,رثاء
ر,الصخر الكلسي الصلب واللامع ذو العروق الملونة والذي يستخدم بكثرة في القصور والأرضيات الفخمة؟,رخام
ر,قطرات الماء الدقيقة جداً والمتطايرة في الهواء نتيجة اصطدام الأمواج أو استخدام البخاخ؟,رذاذ
ر,الكومة الكبيرة من الأنقاض والحجارة المتراكمة الناتجة عن تهدم مبنى أو جبل؟,ركام
ر,التباطؤ الاقتصادي وتوقف حركة البيع والشراء في الأسواق وانخفاض معدلات الإنتاج؟,ركود
ر,التيارات الهوائية المتحركة بسرعات مختلفة والتي تحرك السحب وتلطف الأجواء أو تثير العواصف؟,رياح
ر,المنطقة الزراعية الهادئة والبعيدة عن صخب المدن وتتميز بالمزارع والمناظر الخضراء النقية؟,ريف
ز,الوعاء المصنوع من الزجاج لحفظ السوائل كالمياه والعصائر والعطور؟,زجاجة
ز,حجر كريم نفيس يتميز بلونه الأخضر الفاتح المائل للصفرة ويستخدم في صياغة المجوهرات؟,زبرجد
ز,العواصف الهوائية القوية والحلزونية التي ترفع الأتربة والأشياء في الهواء بقوة مدمرة؟,زوابع
ز,الغرف الضيقة جداً والمظلمة داخل السجون والمخصصة لعزل وحبس المجرمين؟,زنازين
ز,الأشخاص والعملاء الذين يترددون على المتاجر لشراء السلع والحصول على الخدمات؟,زبائن
ز,الحفل الكبير والبهيج الذي يقام بمناسبة زواج شخصين وإعلان ارتباطهما رسمياً؟,زفاف
ز,القطعة الواحدة من الحجر الكريم شديد الخضرة واللمعان والذي يعتبر من أغلى الجواهر؟,زمردة
ز,القادة والرؤساء الذين يمتلكون السلطة والقرار في دولهم أو أحزابهم السياسية؟,زعماء
ز,نقاط التقاء الخطوط المستقيمة في الأشكال الهندسية وتكون قائمة أو حادة أو منفرجة؟,زوايا
ز,الطعام والشراب الذي يأخذه المسافر معه في رحلته الطويلة ليتقوت به ويقال عنه؟,زاد
ز,الكذب والخداع والشيء المقلد والمزور الذي يظهر بغير حقيقته وباطنه؟,زيف
ز,الخطأ غير المتعمد والسقطة العابرة في الكلام أو التصرف ويقال لكل عالم؟,زلة
ز,علاقة الود والرفقة المهنية بين الأشخاص الذين يعملون في نفس المكان أو يدرسون معاً؟,زمالة

س,الأسلحة البيضاء الطويلة والحادة التي كانت تستخدم في المعارك والمبارزات القديمة؟,سيوف
س,المركبات المائية الضخمة التي تمخر عباب المحيطات لنقل البضائع والركاب؟,سفن
س,الأشخاص الذين يمارسون ألعاب الخفة والخداع البصري أو الشعوذة المذمومة؟,سحرة
س,الأقمشة التي تعلق على النوافذ لحجب أشعة الشمس وتوفير الخصوصية في المنازل؟,ستائر
س,المعرض الترفيهي المتنقل الذي يضم ألعاباً بهلوانية وحيوانات مدربة لإمتاع الجمهور؟,سيرك
س,المقار والممثليات الدبلوماسية الرسمية التابعة للدول والموجودة في عواصم الدول الأخرى؟,سفارات
س,المسافرون والزوار الذين يتنقلون بين البلدان بهدف الترفيه والاستكشاف والاستجمام؟,سياح
س,الوسطاء الذين يسهلون عمليات البيع والشراء بين الأطراف كالعقارات والأسهم مقابل عمولة؟,سماسرة

س,الزواحف البطيئة التي تحمل دروعاً صلبة على ظهورها لحمايتها وتعيش لسنوات طويلة؟,سلاحف
س,الأدوات والآلات المتنوعة التي تستخدم لمعرفة الوقت وتنظيم المواعيد أو الفترات الزمنية؟,ساعات
س,وحدات قياس الطاقة التي يحصل عليها الجسم من الطعام ويحرقها بالمجهود البدني تسمى؟,سعرات حرارية
ش,النجوم المركزية الملتهبة التي تدور حولها الكواكب وتمدها بالضوء والحرارة في المجرات؟,شموس
ش,الشيء أو الملابس التي تخص وتلائم فصل الشتاء البارد وتتميز بالدفء والسمك؟,شتوي
ش,النباتات الخشبية الصغيرة والمتفرعة التي لا تصل لحجم وطول الأشجار الكبيرة؟,شجيرات
ش,حبوب زراعية غنية بالألياف ومفيدة جداً تستخدم عادة كوجبة إفطار صحية وتغلى مع الحليب؟,شوفان
ش,رجل الأمن المرتدي للزي الرسمي والمسؤول عن حفظ النظام وتطبيق القانون في الشوارع؟,شرطي
ش,القسم أو النصف من الشيء ويستخدم في الشعر للإشارة إلى نصف البيت الشعري؟,شطر
ش,الكتاب والأدباء الذين يبرعون في نظم القصائد الموزونة والمقفاة للتعبير عن المشاعر؟,شعراء
ش,الميل القوي والحب العنيف والاهتمام المطلق الذي يمتلك قلب الإنسان تجاه هواية أو عمل؟,شغف
ش,الامتداد البارز والمكشوف في الطوابق العليا للمبنى والذي يطل على الشارع؟,شرفة
ش,عقد التعاون والاتفاق المبرم بين طرفين أو أكثر لإنشاء وإدارة مشروع تجاري يتقاسمون أرباحه؟,شراكة
ش,المناطق الجبلية المنحدرة التي تتدفق وتسقط منها مياه الأنهار بقوة نحو الأسفل؟,شلالات
ش,الخبر الكاذب والقصة الملفقة التي تتناقلها الألسن وتنتشر في المجتمع دون دليل؟,شائعة
ش,القطع المعدنية الرقيقة شديدة الحدة المستخدمة في الحلاقة أو الجراحة أو الأكواد السرية؟,شفرات
ص,الطيور الجارحة القوية والسريعة التي تستخدم في رياضة الصيد وتتميز بحدة بصرها؟,صقور
ص,المساحات الجغرافية الشاسعة والقاحلة التي تغطيها الرمال وتندر فيها المياه والنباتات؟,صحاري
ص,شجرة حرجية دائمة الخضرة أوراقها كالإبر وتنتج مخاريط خشبية بداخلها بذور لذيذة؟,صنوبر
ص,المركبات الأسطوانية المندفعة بقوة هائلة نحو الفضاء أو المستخدمة كأسلحة مدمرة؟,صواريخ
ص,المتجر والمؤسسة الصحية المخصصة لبيع الأدوية والمستلزمات الطبية وتحضير الوصفات؟,صيدلية
ص,اللقطات الفوتوغرافية أو الرسومات الفنية التي توثق اللحظات والأشخاص والمناظر؟,صور
ص,الأداة الصغيرة التي ينفخ فيها الحكم لإصدار صوت حاد وعال لإيقاف اللعب في المباريات؟,صافرة
ص,العلاقة الإنسانية النبيلة والمبنية على الود والثقة والصدق بين شخصين لا تربطهما قرابة دم؟,صداقة
ص,السكوت وعدم التحدث أو إصدار أي صوت وهو أبلغ من الكلام في بعض المواقف؟,صمت
ص,الحدث غير المتوقع والذي يقع فجأة دون تخطيط مسبق أو ترتيب ويقال التقيت به؟,صدفة
ص,واجب ديني وأخلاقي عظيم يتمثل في زيارة الأقارب وتفقدهم والإحسان إليهم ويسمى؟,صلة رحم
ص,العبادات والأدعية المفروضة التي يؤديها المسلمون خمس مرات في اليوم والليلة؟,صلوات
ص,الشخص الممتنع إرادياً عن الأكل والشرب والمفطرات من الفجر وحتى غروب الشمس؟,صائم
ض,حيوانات برمائية تقفز بمهارة وتصدر صوتاً مزعجاً ليلاً يسمى النقيق وتعيش قرب المستنقعات؟,ضفادع
ض,الغيوم الكثيفة والمنخفضة جداً التي تلامس سطح الأرض وتعيق الرؤية الأفقية للمسافرين؟,ضباب
ض,المنطقة السكنية الممتدة على أطراف المدينة الكبرى وتتميز بالهدوء والابتعاد عن الزحام؟,ضاحية
ض,الأصوات العالية جداً والمختلطة والمزعجة التي تسبب التوتر وتلوث البيئة السمعية؟,ضجيج
ض,العسكريون الذين تخرجوا من الكليات العسكرية ويحملون رتباً قيادية في الجيش والشرطة؟,ضباط
ض,الزوار والأشخاص الذين تستقبلهم في منزلك وتقدم لهم الكرم والضيافة وحسن الاستقبال؟,ضيوف
ض,الصوت الصادر عن الإنسان تعبيراً عن الفرح والسرور نتيجة لموقف طريف أو نكتة مضحكة؟,ضحكة
ض,الجانب اليابس والمحاذي لمجرى النهر أو الوادي والذي يحصر المياه بينه وبين الجانب الآخر؟,ضفة
ض,الأشخاص الذين لا يمتلكون القوة الجسدية أو النفوذ ويحتاجون للمساعدة والحماية في المجتمع؟,ضعفاء
ض,قطع القماش والشاش الطبي المعقم التي تستخدم للف الجروح ووقف النزيف؟,ضمادات
ض,العهود والمواثيق المالية أو القانونية التي تكفل حفظ الحقوق وتعويض الخسائر عند الإخلال؟,ضمانات
ض,الأشخاص المتضررون والذين فقدوا حياتهم أو أموالهم نتيجة الكوارث الطبيعية أو الحوادث؟,ضحايا
ض,الحاجة الماسة والقصوى لشيء لا يمكن الاستغناء عنه أبداً ويقال فلان فعل كذا للـ؟,ضرورة
ط,المركبات الجوية المجنحة والمزودة بمحركات والتي تنقل الركاب عبر الدول والقارات؟,طائرات
ط,طيور جميلة ومغترة تفرد ذيولها ذات الألوان الزاهية كالمروحة للتباهي وجذب الإناث؟,طواويس
ط,مجموعة الأشخاص المؤهلين الذين يعملون معاً كفريق واحد لتشغيل طائرة أو سفينة أو مستشفى؟,طاقم
ط,التراب الناعم المبلل بالماء واللزج والذي تحمله مياه الأنهار وترسبه على ضفافها ليزيد خصوبتها؟,طمي
ط,قطع الأثاث المسطحة والمرفوعة على قوائم والتي تستخدم للأكل أو العمل أو وضع الأشياء؟,طاولات
ط,القوى الفيزيائية والحيوية الكامنة والمختلفة كالشمسية والكهربائية والحركية؟,طاقات
ط,المرحلة العمرية المبكرة والبريئة من حياة الإنسان قبل البلوغ وتتميز باللعب والتعلم السريع؟,طفولة
ط,الآلات الموسيقية الإيقاعية المجوفة التي يضرب عليها بالعصي لإصدار الأصوات في الاحتفالات؟,طبول
ط,الأشخاص المحترفون والمتخصصون في فنون الطبخ وإعداد أشهى الأطباق في المطاعم والفنادق؟,طهاة
ط,الرجال والنساء المدربون والمؤهلون لقيادة الطائرات المدنية والحربية بمهارة في الأجواء؟,طيارون
ط,الممرات والشوارع المعبدة التي تربط بين المدن والأحياء وتستخدم لسير المركبات والمشاة؟,طرقات
ط,الكائن الحي الذي يغطيه الريش ويمتلك أجنحة ومنقاراً ويتكاثر بوضع البيض ويحلق في الجو؟,طائر
ط,العادات والتقاليد والممارسات الدينية أو الاجتماعية التي تقام بطريقة محددة ومتكررة؟,طقوس
ظ,حيوانات صحراوية رشيقة وسريعة جداً وجميلة العيون وتعتبر من أنواع الغزلان؟,ظباء
ظ,الانعكاس المعتم والداكن الذي يظهر على الأرض خلف الجسم عندما يحجب أشعة الشمس؟,ظل
ظ,الأحوال والأوضاع الصعبة والقاهرة التي تحيط بالإنسان وتجعل حياته مليئة بالمشقة يقال؟,ظروف قاسية
ظ,الجهة الخلفية من جسم الإنسان الممتدة من أسفل الرقبة إلى الحوض وتحتوي على العمود الفقري؟,ظهر
ظ,الأحداث والأشياء العظيمة والمؤثرة التي تحدث في الطبيعة كالزلازل والبراكين ويصعب التحكم بها؟,ظواهر طبيعية
ظ,الغياب التام للضوء وتراكم السواد وانعدام الرؤية في الأماكن المغلقة أو في الليل البهيم؟,ظلمة
ظ,المساند والداعم الذي يقف في صفك ويحميك أو مركز اللاعب المدافع في أطراف الملعب الكروي؟,ظهير
ظ,الاعتقاد والشك والتخمين الذي يميل للصدق أو الكذب دون وجود يقين أو دليل قاطع ويسمى الـ؟,ظن
ظ,خفة الدم وسرعة البديهة والقدرة على إطلاق النكت اللطيفة التي تدخل السرور على الآخرين تسمى؟,ظرافة
ظ,مركز اللاعب المدافع في تشكيلة كرة القدم والذي يتمركز في الجهة اليمنى للملعب يسمى؟,ظهير أيمن
ظ,مركز اللاعب المدافع في تشكيلة كرة القدم والذي يتمركز في الجهة اليسرى للملعب يسمى؟,ظهير أيسر
ظ,المساحة الباردة والمظللة التي توفرها أوراق وأغصان الشجرة وتحجب أشعة الشمس الحارقة تسمى؟,ظل الشجرة
ظ,الشعور القاسي والمؤلم بالحاجة الملحة لقطرة ماء نتيجة الانقطاع الطويل عن الشرب يسمى؟,ظمأ شديد
ع,المدن الرئيسية والمركزية التي تتواجد فيها مقار الحكومات والوزارات في كل دولة؟,عواصم
ع,الأكوان والبيئات المختلفة والمتباعدة سواء كانت حقيقية أو خيالية يقال رب الـ؟,عوالم
ع,الأعضاء الحساسة المسؤولة عن الرؤية أو ينابيع المياه التي تتفجر من باطن الأرض؟,عيون
ع,المشروبات الطبيعية واللذيذة التي تستخرج من عصر الفواكه الطازجة كالبرتقال والتفاح؟,عصائر
ع,الطيور الصغيرة والجميلة التي تتميز بتغريدها العذب وألوانها المتنوعة وتبني أعشاشها على الشجر؟,عصافير
ع,الحشرات المفصلية ذات الثمانية أرجل والتي تبرع في نسج الشباك الحريرية لاصطياد الفرائس؟,عناكب
ع,الإطارات والقطع الدائرية المطاطية أو الخشبية التي تدور وتسمح للسيارات والآلات بالحركة؟,عجلات
ع,الأنسجة اللحمية المرنة في الجسم والتي تنقبض وتنبسط وتسمح للإنسان بالحركة ورفع الأثقال؟,عضلات
ع,النقود والأموال الورقية والمعدنية الرسمية التي تعتمدها الدول في تعاملاتها كالدولار والريال؟,عملات
ع,مراكز التفكير والإدراك والتدبر في الإنسان والتي تميزه عن باقي الكائنات الحية المشتتة؟,عقول
ع,الحقب والفترات الزمنية التاريخية الطويلة التي تميزت بأحداث أو حضارات كـ الـ الوسطى؟,عصور
ع,المستحضرات السائلة ذات الروائح العطرة والجميلة التي تستخرج من الزهور وتستخدم للتعطر؟,عطور
ع,الأعواد الخشبية الرفيعة والمستقيمة التي تستخدم للأكل في آسيا أو لإشعال النار أو تنظيف الأسنان؟,عيدان
غ,الطيور ذات اللون الأسود الفاحم والذكاء الحاد والتي ترتبط في بعض الثقافات بالتشاؤم؟,غربان
غ,المساحات الشجرية الكثيفة جداً والموجودة في المناطق الاستوائية وتتميز بأمطارها الغزيرة وتسمى؟,غابات مطيرة
غ,حالات المادة التي ليس لها شكل ثابت وتنتشر في الهواء كالأكسجين وثاني أكسيد الكربون؟,غازات
غ,السفن الحربية أو الاستكشافية المتطورة القادرة على الغوص والبقاء تحت سطح البحر لفترات طويلة؟,غواصات
غ,التكبر والتعالي ورؤية النفس أفضل من الآخرين بغير حق وهي صفة مذمومة تسقط صاحبها؟,غرور
غ,السلوك الفطري والميل الطبيعي غير المكتسب الذي يولد مع الكائن الحي ويوجهه للبقاء كـ الأمومة؟,غريزة
غ,العقوبات والمبالغ المالية التي تفرضها الجهات المرورية أو القانونية على المخالفين للأنظمة؟,غرامات
غ,الآلة الكهربائية المنزلية الأساسية التي تستخدم لتنظيف الملابس والأقمشة وإزالة الأوساخ منها؟,غسالة
غ,النباتات والأشجار والأعشاب الطبيعية التي تغطي سطح الأرض وتحميها من التصحر والجفاف يسمى؟,غطاء نباتي
غ,الحجرة الخاصة والمريحة في المنزل والمجهزة بالسرير والدواليب والمخصصة للنوم والراحة؟,غرفة نوم
غ,الكلمات الرقيقة وأشعار الحب والثناء التي تقال للمحبوب للتعبير عن الإعجاب والافتتان؟,غزل
غ,رياضة أو نشاط القفز والسباحة تحت سطح الماء وحبس الأنفاس لاستكشاف الأعماق المرجانية؟,غطس
غ,الشعور المزعج والمضطرب في المعدة والذي يسبق الرغبة في التقيؤ ويحدث في البحر أو الحمل؟,غثيان
ف,أضخم الحيوانات البرية المعاصرة وتتميز بخرطومها الطويل جداً وأنيابها العاجية الثمينة؟,فيلة
ف,الشعب والمواطنون الذين ينتمون لدولة فرنسا الأوروبية ويتحدثون لغتها ويفتخرون ببرج إيفل؟,فرنسيون
ف,الحشرات الجميلة والرقيقة ذات الأجنحة الكبيرة والملونة التي تتنقل بين الزهور لامتصاص الرحيق؟,فراشات
ف,العلم الواسع الذي يدرس النجوم والكواكب والمجرات وحركتها في الفضاء الخارجي وتسمى علوم الـ؟,فلك
ف,المادة السوداء المسامية والصلبة الناتجة عن حرق الخشب بمعزل عن الهواء وتستخدم في الشواء؟,فحم نباتي
ف,العظم الصلب والمتحرك في وجه الإنسان والحيوان والذي يحمل الأسنان ويستخدم في مضغ الطعام؟,فك
ف,الأدوات الحادة المكونة من مقبض خشبي ورأس حديدي قاطع تستخدم لتكسير الأخشاب والأشجار؟,فؤوس
ف,المجموعات المتكاتفة من الأشخاص أو اللاعبين الذين يتحدون ويعملون معاً لتحقيق هدف رياضي أو عملي؟,فرق
ف,الأشخاص الأبطال والناجحون الذين تغلبوا على خصومهم ونالوا الجوائز والمراكز الأولى في المنافسات؟,فائزون
ف,الحيوانات المفترسة والمنقطة التي تعتبر أسرع الكائنات البرية على وجه الأرض وتعيش في السافانا؟,فهود
ف,المباني الضخمة والمجهزة بغرف فاخرة لاستقبال وإقامة السياح والمسافرين مقابل أجر مادي؟,فنادق
ف,البذور والقرون الخضراء أو البيضاء التي تعتبر وجبة شعبية أساسية في بعض الدول العربية؟,فاصوليا
ف,المكسرات اللذيذة ذات اللون الأخضر الفاتح والقشرة الصلبة وتشتهر بها مدينة حلب السورية للحلويات؟,فستق
ق,الكتل الأرضية الكبرى والضخمة جداً التي تتكون منها اليابسة كآسيا وأوروبا وأفريقيا وأمريكا؟,قارات
ق,الثدييات المتسلقة والذكية التي تشبه الإنسان في بعض تصرفاتها وتشتهر بأكل الموز والقفز في الغابات؟,قردة
ق,وسائل النقل الطويلة جداً والمكونة من عربات متصلة تسير بسرعة على سكك حديدية مخصصة لها؟,قطارات
ق,المركبة الفضائية التي يصنعها الإنسان وتطلق لتدور حول الأرض لأغراض البث التلفزيوني والاتصالات والطقس؟,قمر صناعي
ق,الحصون والمباني التاريخية الضخمة والمنيعة التي بنيت في المرتفعات قديماً لحماية المدن من الأعداء؟,قلاع
ق,النماذج والأشكال المجوفة التي يصب فيها السائل أو المعدن المنصهر ليأخذ شكلها بعد أن يتصلب؟,قوالب
ق,المركبات المائية الصغيرة والمكشوفة التي تستخدم للتنقل السريع أو الصيد في الأنهار والبحيرات؟,قوارب
ق,المباني الفخمة والواسعة جداً والمحاطة بالحدائق والتي تعتبر سكناً ومقراً للملوك والأمراء والأثرياء؟,قصور
ق,القوس الملون والجميل الذي يظهر في السماء نتيجة لانكسار وتحلل ضوء الشمس عبر قطرات المطر؟,قوس قزح
ق,الطبقة الخارجية والصلبة التي تغطي كوكب الأرض أو الغلاف الخارجي الذي يحمي الفواكه وجذوع الشجر؟,قشرة
ق,الحيوانات الأليفة والمنزلية المستأنسة التي تحب اللعب وتموء وتعتبر من فصيلة السنوريات الصغيرة؟,قطط
ق,الأسماك البحرية المفترسة والخطيرة التي تمتلك فكوكاً ضخمة وحاسة شم قوية جداً لقطرات الدم؟,قروش
ق,اللصوص والمجرمون المسلحون الذين يعترضون السفن في عرض البحر لنهب حمولتها وترويع طواقمها؟,قراصنة

ك,الحيوانات الوفية والمستأنسة التي تستخدم للحراسة ورعي الأغنام وتتصف بحاسة الشم القوية؟,كلاب
ك,اللوحة الإلكترونية المستطيلة والمليئة بالأزرار والأحرف وتستخدم لإدخال النصوص والأوامر للحاسوب؟,كيبورد
ك,قطع الأثاث المخصصة للجلوس والمزودة بمسند للظهر وتوجد في المنازل والمكاتب والمطاعم؟,كراسي
ك,عزة النفس والأنفة والاعتزاز الشديد بالكرامة والذي يمنع الإنسان من قبول الذل أو الإهانة؟,كبرياء
ك,الأوعية الزجاجية أو المجسمات الذهبية والفضية التي تمنح للفرق الفائزة في البطولات كرمز للانتصار؟,كؤوس
ك,الأجرام الصخرية الفضائية الصغيرة التي تدور حول الشمس ويتواجد معظمها بين مداري المريخ والمشتري؟,كويكبات
ك,المؤلفات المطبوعة والمجلدة التي تحتوي على صفحات مليئة بالمعلومات والقصص والعلوم للقراءة؟,كتب
ك,الأجهزة البصرية الدقيقة والمتقدمة التي تستخدم لالتقاط الصور الثابتة وتسجيل مقاطع الفيديو؟,كاميرات
ك,الأسلاك المعدنية السميكة والمغلفة بالبلاستيك والتي تستخدم لنقل الطاقة الكهربائية أو الاتصالات بين المدن؟,كابلات
ك,التجاويف والفتحات الطبيعية العميقة والمظلمة داخل الجبال أو تحت الأرض والتي سكنها الإنسان القديم؟,كهوف
ك,الأموال والمجوهرات والذهب الثمين المخبأ والمدفون تحت الأرض أو في قاع البحر ويبحث عنه المغامرون؟,كنوز
ك,رجال الدين والمشرفون على المعابد والطقوس الدينية في الحضارات القديمة كالفراعنة واليونان؟,كهنة
ل,العملات النقدية الرسمية المستخدمة في بعض الدول كتركيا ولبنان وسوريا وتسمى؟,ليرات
ل,نوع من المكسرات اللذيذة والمفيدة جداً تستخرج من شجرة ذات أزهار جميلة ويستخرج منها زيت مفيد للشعر؟,لوز
ل,الأحجار الكريمة الكروية والثمينة جداً ذات اللون الأبيض أو الزهري والتي تستخرج من محار البحر؟,لآلئ
ل,الغدتان الليمفاويتان الموجودتان في مؤخرة الحلق واللتان تلتهبان كثيراً عند الأطفال ويتم استئصالهما أحياناً؟,لوزتين
ل,الخيط الدقيق والطبيعي الموجود في النباتات والعضلات أو الخشن الذي يستخدم في تنظيف وغسل الأواني؟,ليف
ل,الأسطح القماشية أو الخشبية التي يرسم عليها الفنانون إبداعاتهم وتعلق على الجدران للزينة؟,لوحات
ل,النشاط الترفيهي أو المسابقة ذات القواعد المحددة التي تهدف إلى التسلية والتحدي العقلي أو البدني؟,لعبة
ل,العضلات والأنسجة الحيوانية كالبقر والغنم التي تعتبر المصدر الأساسي للبروتين وتسمى؟,لحوم حمراء
ل,الفترات المظلمة من اليوم التي تبدأ بغروب الشمس وتخصص للراحة والنوم وتتزين بالنجوم والقمر؟,ليالي
ل,الفعل الإجرامي المتمثل في سرقة ممتلكات وأموال الآخرين خفية بطرق ملتوية وغير مشروعة وتسمى؟,لصوصية
ل,الأشخاص الرياضيون الذين يشاركون ويمارسون رياضة معينة ضمن فريق ككرة القدم أو السلة؟,لاعبون
ل,المشروب الصيفي البارد والمنعش جداً والذي يعصر من الليمون الطازج ويحلى بالسكر والنعناع؟,ليموناضة
ل,الوحدات القياسية العالمية والمستخدمة لقياس حجم السوائل كالماء والعصائر والوقود؟,لترات


م,السوائل الشفافة والضرورية للحياة التي تغطي معظم كوكب الأرض وتجري في الأنهار والبحار؟,مياه
م,الأدوات المعدنية الصغيرة والمسننة التي تستخدم لفتح وإغلاق الأقفال والأبواب أو تشغيل السيارات؟,مفاتيح
م,الأشخاص المتخصصون والمحترفون في تصميم وبناء الجسور والآلات وتطبيق النظريات العلمية على الواقع؟,مهندسون
م,الأدوات اليدوية الحادة المكونة من شفرتين متقاطعتين وتستخدم لقص الورق والقماش والشعر؟,مقصات
م,نقاط الارتباط الحيوية والمرنة بين عظام الجسم والتي تسمح للإنسان بالحركة وثني الأطراف كالركبة والكوع؟,مفاصل
م,القطع المعدنية المدببة التي تطرق بالمطرقة لتثبيت الأخشاب والأشياء ببعضها بقوة؟,مسامير
م,المسطحات المائية المالحة والشاسعة جداً التي تفصل بين قارات العالم كالهادي والأطلسي؟,محيطات
م,المؤسسات والمباني التعليمية التي يذهب إليها الطلاب يومياً لتلقي العلم والمعرفة والتربية؟,مدارس
م,الغرف والمقار الإدارية المجهزة بالطاولات والمخصصة للعمل وإنجاز المهام الوظيفية والاجتماعات؟,مكاتب
م,دور العبادة الطاهرة والمقدسة المخصصة للمسلمين لأداء الصلوات الخمس وتلاوة القرآن الكريم؟,مساجد
م,الأسطح الزجاجية المصقولة التي تعكس الضوء وتظهر صورة الشخص الواقف أمامها لتعديل مظهره؟,مرايا
ن,المؤسسات والكيانات الرياضية والثقافية التي تضم اللاعبين والمدربين وتنافس في البطولات؟,نوادي
ن,الخواتيم واللحظات الأخيرة التي تسبق ختام القصص والمباريات والأفلام وتكشف النتيجة النهائية؟,نهايات
ن,طيور ضخمة جداً وسريعة الركض لا تستطيع الطيران وتدفن رأسها في الرمال في الأساطير الشعبية؟,نعام
ن,حيوانات مفترسة من فصيلة القطط الكبيرة تتميز بجلدها المخطط بالأصفر والأسود وقوتها الهائلة؟,نمور
ن,الحشرات المجتهدة والمفيدة جداً التي تبني خلايا سداسية وتمتص رحيق الأزهار لتنتج العسل الشافي؟,نحل
ن,الأدوات البصرية المكونة من عدسات توضع على العينين لتحسين وتصحيح الرؤية أو الحماية من الشمس؟,نظارات
ن,الأواني والتحف والأدوات القديمة والجميلة المصنوعة من معدن النحاس ذي اللون المائل للاحمرار تسمى؟,نحاسيات
ن,الألسنة الملتهبة والمشتعلة التي تنتج عن احتراق المواد وتصدر حرارة وضوءاً وتستخدم للتدفئة قديماً؟,نيران
ن,الصخور الفضائية التي تخترق الغلاف الجوي وتنجح في الاصطدام بسطح الأرض مخلفة فوهات عميقة؟,نيازك
ن,الفتحات في جدران المنازل والتي تغطى بالزجاج أو الخشب للتهوية ودخول الضوء إلى الغرف؟,نوافذ
ن,الحشرات الصغيرة والمجتهدة التي تعيش في مستعمرات تحت الأرض وتضرب بها الأمثال في التنظيم والعمل؟,نمل
ن,الأشجار الصحراوية الطويلة والمباركة التي تنتج التمر والرطب وتعتبر رمزاً عربياً أصيلاً وتتحمل الحرارة؟,نخيل
ن,الطيور الجارحة والضخمة التي تحلق عالياً جداً وتتميز بمنقارها الحاد ومخالبها القوية وتأكل الجيف؟,نسور
هـ,الهجمات أو العمليات الهجومية المباغتة التي تشنها الجيوش أو اللاعبون في المباريات لضرب الخصم؟,هجمات
هـ,الأجهزة التقنية المحمولة التي نستخدمها يومياً للاتصال والتواصل وتصفح الإنترنت والتطبيقات؟,هواتف
هـ,البناء أو التسلسل التنظيمي الذي يبدأ من قاعدة عريضة ويضيق صعوداً نحو القمة كالإدارات وتسمى؟,هرميات
هـ,الطائرات المروحية التي تمتلك شفرات دوارة في أعلاها وتقلع وتهبط بشكل عمودي ولا تحتاج لمدرج؟,هليكوبترات
هـ,النسيم العليل والأجواء الخارجية المفتوحة والنقية خارج المباني والغرف المغلقة يقال جلست في الـ؟,هواء طلق
هـ,العلم والفن المتخصص في تخطيط وتصميم ورسم المباني والمنشآت وتوزيع المساحات بشكل جمالي وعملي؟,هندسة معمارية
هـ,الخسائر والإخفاقات المتتالية وعدم القدرة على تحقيق الانتصار في المعارك أو المسابقات؟,هزائم
هـ,صغار القطط اللطيفة والجميلة التي تحب اللعب وتموء بصوت خافت وتحتاج للرعاية؟,هررة
هـ,البنيات العظمية الداخلية التي تدعم أجسام الكائنات أو الإطارات الحديدية التي تدعم المباني؟,هياكل
هـ,عملية تساقط ونزول قطرات الماء بكثافة من الغيوم الملبدة في السماء إلى سطح الأرض لترويها ويسمى؟,هطول الأمطار
هـ,الخيالات والصور والأصوات غير الحقيقية التي يراها أو يسمعها المريض النفسي وتنفصل عن الواقع؟,هلاوس

هـ,المرتفعات الأرضية الواسعة والمسطحة التي تكون أعلى من السهول وأقل ارتفاعاً من الجبال الشاهقة؟,هضاب
و,الوسائل المتعددة والمختلفة التي تستخدم للاتصال أو النقل أو نقل المعلومات كـ التواصل الاجتماعي؟,وسائط
و,التقسيمات الإدارية والجغرافية الكبرى داخل الدولة الفيدرالية كـ المتحدة الأمريكية؟,ولايات
و,الأشخاص الذين يحق لهم شرعاً وقانوناً استلام تركة وأموال الشخص المتوفى بحسب صلة القرابة؟,ورثة
و,الزهور الجميلة ذات الرائحة العطرة والأشواك والتي تعتبر رمزاً عالمياً للحب والجمال والهدية الرومانسية؟,ورد
و,الأكياس المحشوة بالقطن أو الريش والناعمة التي يضع عليها النائم رأسه للراحة وتسمى مخدات أو؟,وسائد
و,المادة الرقيقة والمصنوعة من لب الأشجار والمستخدمة في الطباعة والكتابة وتغليف الهدايا؟,ورق
و,الأجزاء الأمامية من رؤوس البشر والتي تضم العينين والأنف والفم وتعبر عن ملامحهم وهويتهم؟,وجوه
و,حصص الطعام اليومية التي يتناولها الإنسان بانتظام كالفطور والغداء والعشاء لتمده بالطاقة؟,وجبات
و,الأطيان اللزجة والمبللة جداً بالماء والتي تلتصق بالأحذية وتعيق سير السيارات بعد هطول الأمطار الغزيرة؟,وحول
و,المبالغ المالية والأشياء الثمينة التي يضعها العملاء كأمانة في البنوك لحفظها أو استثمارها؟,ودائع
و,كبار المسؤولين السياسيين في الحكومة والذين يديرون قطاعات الدولة كالصحة والتعليم والداخلية؟,وزراء
و,المناطق المنخفضة والضيقة الممتدة بين الجبال والتلال والتي تجري فيها مياه السيول والأنهار؟,وديان
و,العملية الطبيعية لخروج الجنين من رحم أمه وبداية حياته في العالم الخارجي ويحتفل بذكرى يومها سنوياً؟,ولادة
ي,الشعب العريق والمتحضر الذي يسكن دولة كوكب اليابان ويشتهر بالانضباط والتطور التكنولوجي الهائل؟,يابانيون
ي,نبات عطري يتميز ببذوره الصغيرة ذات النكهة الحلوة ويشرب كمغلي ساخن لتهدئة الأعصاب والمغص؟,يانسون
ي,العملة النقدية والرسمية المتداولة في دولة اليابان وتعتبر من أهم العملات في الاقتصاد العالمي؟,ين
ي,المذكرات والدفاتر الشخصية التي يكتب ويدون فيها الإنسان أحداثه وتفاصيل حياته يوماً بيوم بانتظام؟,يوميات
ي,الأجزاء المطوية والمحيطة بالرقبة في القمصان والبدل الرسمية والتي تضفي أناقة على الملابس؟,ياقات
ي,الأكلة الشعبية المكونة من قطع اللحم أو الدجاج المطبوخة ببطء مع الخضار والمرق وتقدم مع الأرز؟,يخنة
ي,الحشرات في مراحل نموها الأولى بعد خروجها من البيضة وتشبه الديدان الصغيرة قبل أن تتحول لفراشات؟,يرقات
ي,حشرة طائرة تمتلك أجنحة شفافة وعيوناً كبيرة وتطير بمهارة عالية فوق البرك والمياه الراكدة وتسمى؟,يعسوب
ي,الحالة الإنسانية للطفل الذي فقد والديه أو أحدهما قبل بلوغه سن الرشد ويحتاج للعطف وكفالة المجتمع؟,يتم
ي,فاكهة شتوية حمضية ولذيذة تشبه البرتقال ولكنها أصغر حجماً وأسهل في تقشيرها وتسمى مندرين أو؟,يوسفي

ي,اسم المعركة الإسلامية التاريخية والفاصلة التي وقعت في بلاد الشام ضد الروم وسميت نسبة لنهر هناك؟,يرموك
ي,الحشرات العجيبة التي تطير ليلاً في الغابات وتشع وتضيء بطونها بنور فسفوري طبيعي وتسمى المضيئة أو؟,يراعات
أ,تفاعل كيميائي ينتج عن اتحاد الأكسجين مع المواد الأخرى ويسبب الصدأ للحديد؟,أكسدة
أ,أعلى رتبة عسكرية في القوات البحرية ويقود الأساطيل الكبرى؟,أدميرال
أ,مشروب أسطوري وخيالي كان يعتقد القدماء أنه يمنح الخلود والشباب الدائم؟,أكسير
أ,الخيوط المشدودة في الآلات الموسيقية كالعود والغيتار والتي تصدر الألحان عند العزف؟,أوتار
أ,المجموعة الكبيرة من السفن الحربية أو التجارية التي تسير معاً تحت قيادة واحدة؟,أسطول
أ,عاصفة هوائية عنيفة جداً وتدور بشكل حلزوني مدمر وتكثر في المحيطات؟,إعصار
أ,الرموز الرياضية التي نستخدمها في العد والحساب والقياس؟,أرقام
أ,الكائنات الحية في مراحل تكوينها الأولى داخل بطون أمهاتها قبل الولادة؟,أجنة
أ,المقاييس الهندسية للفراغ مثل الطول والعرض والارتفاع تسمى؟,أبعاد
أ,حالة نفسية سلبية تصيب الإنسان عندما تفشل محاولاته في تحقيق هدفه المتوقع؟,إحباط
أ,العلم والجهة المسؤولة عن مراقبة وتوقع حالة الطقس وتغيرات المناخ تسمى؟,أرصاد
أ,الخبر الكاذب أو المبالغ فيه الذي ينتشر بسرعة بين الناس دون مصدر موثوق؟,إشاعة
أ,الأمراض الفتاكة وسريعة الانتشار التي تقضي على أعداد كبيرة من البشر؟,أوبئة
أ,الشوارع الضيقة جداً والممرات الصغيرة داخل المدن القديمة والأحياء الشعبية؟,أزقة
أ,القيود الحديدية الثقيلة التي توضع في أيدي وأرجل السجناء لمنعهم من الهرب؟,أصفاد
ب,صخر بركاني أسود وصلب جداً ينتج عن تجمد الحمم البركانية ويستخدم في البناء؟,بازلت
ب,طائر يتميز بألوانه الزاهية وقدرته المذهلة على تقليد أصوات البشر؟,ببغاء
ب,تكوينات صلبة ذات أشكال هندسية منتظمة تنتج عن تجمد المعادن؟,بلورات
ب,الشخص الذي يحترف العناية بالأشجار والزهور وتقليمها في الحدائق؟,بستاني
ب,الجهاز العلمي الدقيق الذي يستخدم لقياس الضغط الجوي للتنبؤ بالطقس؟,بارومتر
ب,القطع الأمامية في لعبة الشطرنج والتي تمثل الجنود المشاة في المعركة؟,بيادق
ب,فصاحة اللسان وقوة البيان والقدرة على إيصال المعنى بأجمل الكلمات وأدقها؟,بلاغة
ب,المنطقة أو الحاجز الفاصل بين شيئين كالبر الذي يفصل بين بحرين؟,برزخ
ب,الشجاعة المتناهية والإقدام المذهل في أرض المعركة ومواجهة الأعداء؟,بسالة
ب,سرعة الفهم واستيعاب الأمور فوراً دون الحاجة لتفكير طويل أو شرح؟,بديهة
ب,الرؤية العميقة وقوة الإدراك التي تجعل الإنسان يرى حقائق الأمور وعواقبها؟,بصيرة
ب,الابتسامة اللطيفة والوجه السمح الذي يستقبل به الشخص ضيوفه وأصدقاءه؟,بشاشة
ب,المنافسات الرياضية الكبرى التي تنتهي بتتويج فريق أو شخص بالكأس؟,بطولات
ب,الصحراء الواسعة والمقفرة التي لا ماء فيها ولا نبات؟,بيداء
ب,الوثائق الرسمية التي تمنح للمخترعين لحفظ حقوقهم في اختراعاتهم تسمى؟,براءات
ت,المادة الدوائية أو العشبية التي تعطل مفعول السم في الجسم وتنقذ الملدوغ؟,ترياق
ت,الخروج على السلطة الحاكمة أو القوانين ورفض الامتثال لها بالقوة؟,تمرد
ت,قوة الصبر والاحتمال والقدرة على تحمل الصعاب والآلام دون شكوى؟,تجلد
ت,الاتفاق والتعاون الوثيق بين دولتين أو أكثر لتحقيق مصالح سياسية مشتركة؟,تحالف
ت,انتقال الأفكار والمشاعر من عقل شخص إلى آخر عن بعد دون استخدام الحواس؟,تخاطر
ت,المرتفعات والمنخفضات والوديان والجبال التي تشكل سطح القشرة الأرضية؟,تضاريس
ت,الكلمات أو الطلاسم التي تعلق لجلب الحظ أو دفع الأذى في الأساطير؟,تعويذة
ت,الحوار والنقاش بين طرفين للوصول إلى تسوية أو حل يرضي الجميع؟,تفاوض
ت,العادات والطقوس الموروثة التي تتناقلها الأجيال في المجتمع وتحافظ عليها؟,تقاليد
ت,الترابط الشديد وقوة الالتصاق بين أجزاء المادة أو بين أفراد المجتمع الواحد؟,تماسك
ت,عملية الحفر العميق في الأرض والبحث عن المعادن الثمينة والآثار والنفط؟,تنقيب
ت,السخرية المبطنة والاستهزاء بالكلام بطريقة ذكية لإظهار التناقض أو النقد؟,تهكم
ت,حركة وتدفق المياه في الأنهار أو تدفق الشحنات الكهربائية في الأسلاك؟,تيار
ت,عملية تحويل البيانات والمعلومات إلى رموز سرية لحمايتها من الاختراق؟,تشفير
ت,معدن صلب جداً ومقاوم للحرارة يستخدم في صناعة خيوط المصابيح الكهربائية؟,تنجستين
ث,المناطق الحدودية الساحلية أو الجبهات المتقدمة التي يخشى دخول العدو منها؟,ثغور
ث,الأعواد الخشبية الصغيرة ذات الرأس المشتعل التي نستخدمها لإشعال النار؟,ثقاب
ث,مصطلح يطلق على مجموعة مكونة من ثلاثة أشياء مترابطة أو ثلاثة أشخاص لا يفترقون؟,ثالوث
ث,الطيات والانثناءات والتجاويف الداخلية للأشياء ويقال في بطون الكتب أو القلب؟,ثنايا
ث,البقية القليلة من السائل التي تبقى في قاع الكأس بعد الانتهاء من الشرب؟,ثمالة
ث,الاستقرار وعدم التغير والرسوخ في المواقف الصعبة والمبادئ؟,ثبات
ث,المرأة التي فقدت ابنها وحزنت عليه حزناً شديداً تسمى في اللغة؟,ثكلى
ث,الأنثى من حيوان الثعلب وتشتهر بالدهاء والمكر في قصص الحيوانات؟,ثعلبة
ث,ما يلبسه الإنسان ليستر به جسده ويحميه من البرد والحر؟,ثياب
ث,البيئة أو الأجواء التي يكسوها الجليد وتنخفض فيها الحرارة لما دون الصفر توصف بأنها؟,ثلجية

ث,المرأة التي تتحدث بكثرة وبشكل متواصل في أمور لا فائدة منها توصف بأنها؟,ثرثارة
ث,الاستقرار واليقين وتأكد وقوع الحدث أو الخبر بشكل لا يقبل الشك؟,ثبوت
ث,الكسر الرياضي الذي يمثل جزأين من أصل ثلاثة أجزاء متساوية يسمى؟,ثلثين
ث,القيم والمبادئ الأساسية الراسخة التي لا تتغير بتغير الزمان والمكان؟,ثوابت
ج,القوات العسكرية المسلحة والمجهزة لحماية الدول وخوض المعارك؟,جيوش
ج,الطبيب المتخصص في إجراء العمليات وفتح جسم المريض لاستئصال الأورام أو العلاج؟,جراح
ج,المنشآت الهندسية المعلقة التي تبنى فوق الأنهار والوديان لربط ضفتين وتسهيل العبور؟,جسور
ج,أصغر التكوينات الكيميائية التي تحتفظ بخصائص المادة وتتكون من ذرات مترابطة؟,جزيئات
ج,معطف أو سترة قصيرة يلبسها الشخص فوق ملابسه العادية للتدفئة أو الأناقة؟,جاكيت
ج,الاجتماع الرسمي أو الودي لفترة محددة للنقاش أو المحاكمة أو شرب القهوة؟,جلسة
ج,اللوحات الفنية الضخمة التي ترسم مباشرة على الجدران الكبيرة وتزين الشوارع أو القصور؟,جداريات
ج,حالة السكون التام وعدم الحركة أو التطور وتطلق على تصلب المشاعر والأفكار؟,جمود
ج,إنكار الفضل والجميل وعدم شكر من قدم لك معروفاً وهي صفة مذمومة؟,جحود

ج,الأغطية الجلدية الرقيقة التي تحمي العيون وترمش باستمرار لترطيبها؟,جفون
ج,الأجزاء السفلية والصلبة من الأشجار والتي تحمل الأغصان وتتصل بالجذور؟,جذوع
ج,الوباء العالمي الذي ينتشر عبر قارات متعددة ويصيب أعداداً هائلة من البشر؟,جائحة
ج,جماعة من الناس تعيش في دولة أجنبية وتحتفظ بهويتها وثقافتها الأصلية؟,جالية

ح,المهنة والحرفة التي تعتمد على طرق وتشكيل المعادن باستخدام النار والمطرقة؟,حدادة
ح,الكتل الصخرية الصلبة التي تستخرج من الجبال وتستخدم في البناء ورصف الطرق؟,حجارة
ح,المبنى العسكري المنيع والمحاط بالأسوار العالية والذي كان يستخدم للدفاع قديماً؟,حصن
ح,الفترة الزمنية الطويلة والمحددة من التاريخ التي تميزت بأحداث معينة؟,حقبة
ح,الشخص الذي يحترف قطع الأشجار وتجميع الأخشاب لبيعها كوقود للتدفئة؟,حطاب
ح,الاسم العربي القديم والفصيح لحبوب القمح التي نصنع منها الخبز؟,حنطة
ح,الصخور السائلة والمنصهرة وشديدة الحرارة التي تتدفق من فوهة البركان؟,حمم
ح,الأشخاص المكلفون بحماية ومراقبة الأماكن المهمة والشخصيات والممتلكات؟,حراس
ح,الأراضي الزراعية الواسعة والممتدة التي تزرع فيها المحاصيل كالقمح والذرة؟,حقول
ح,الموقف السياسي الذي تتخذه الدولة بعدم التدخل والانحياز لأي طرف في النزاعات الدولية؟,حياد
ح,تطويق مدينة أو قلعة بالجيوش من كل الجهات لمنع الإمدادات عنها وإجبارها على الاستسلام؟,حصار
ح,المعاهدة والاتفاق الرسمي بين دولتين أو قبيلتين للتعاون المشترك والدفاع المتبادل؟,حلف
ح,المانع المادي أو المعنوي الذي يفصل بين شيئين أو يمنع العبور من خلاله؟,حاجز
ح,المركبة البرية الكبيرة المخصصة لنقل عدد كبير من الركاب في النقل العام؟,حافلة
ح,المنع من الحصول على شيء مستحق أو مرغوب فيه كـ المنع من الميراث أو التعليم؟,حرمان
خ,نبات عطري يتميز بأزهاره البنفسجية الفاتحة ورائحته المهدئة ويستخدم في صناعة أفخر العطور؟,خزامى
خ,الثدييات الطائرة الوحيدة التي تنشط ليلاً وتنام مقلوبة وتعتمد على صدى الصوت؟,خفافيش
خ,المسطحات المائية المتوغلة داخل اليابسة وتعتبر مرافئ طبيعية للسفن؟,خلجان
خ,الأسلحة البيضاء القصيرة والمقوسة التي تلبس للزينة أو تستخدم للطعن من مسافة قريبة؟,خناجر
خ,الحرفي المتخصص في أخذ المقاسات وقص الأقمشة وخياطتها لتفصيل الملابس؟,خياط
خ,التخلي عن الصديق وعدم نصرته وقت الحاجة الماسة وتخييب آماله وثقته بك؟,خذلان
خ,الخضوع التام والسكينة والتذلل لله عز وجل أثناء الصلاة والدعاء؟,خشوع
خ,عملية نقل ملكية الشركات والمؤسسات الحكومية إلى القطاع الخاص لتحسين كفاءتها؟,خصخصة
خ,الرسومات التوضيحية الورقية أو الرقمية التي تبين تضاريس الأرض وحدود الدول والطرق؟,خرائط
خ,المادة الملونة التي تستخدم لتلوين الشعر أو النقش على اليدين كالحناء وتسمى؟,خضاب
خ,المساكن المتنقلة المصنوعة من القماش والوبر والتي تنصب في الصحاري والرحلات؟,خيام
خ,الأغطية الصلبة والمتينة التي يرتديها الجنود أو سائقو الدراجات لحماية رؤوسهم؟,خوذات
خ,النوع من الأدب والأفلام الذي يتحدث عن الفضاء والمخلوقات الفضائية والتكنولوجيا المستقبلية يسمى؟,خيال علمي
خ,الشخص الذي لم يوفق في التجارة أو الرياضة ولم يحقق الفوز والمكسب؟,خاسر
خ,الشخص المتمرس وصاحب التجربة الطويلة والعميقة في مجال علمي أو مهني محدد؟,خبير
د,الصفائح المعدنية القوية التي يمسكها المحاربون بأيديهم لصد ضربات السيوف والسهام؟,دروع
د,الجزء الخلفي والمغمور في السفينة والذي يتحكم في توجيهها وتغيير مسارها يميناً ويساراً؟,دفة
د,الشخص المحتال والمخادع الذي يدعي المعرفة والصلاح ويقوم بأعمال السحر والشعوذة ليخدع الناس؟,دجال
د,المبنى الديني المنعزل الذي يسكنه الرهبان والراهبات للتعبد والابتعاد عن الحياة المادية؟,دير
د,الوثائق القانونية العليا التي تحدد نظام الحكم وقوانين الدول وتخضع لها جميع التشريعات؟,دساتير
د,الكتب الصغيرة المكونة من أوراق مسطرة والمخصصة للكتابة وتدوين الملاحظات والدروس؟,دفاتر
د,الممر الضيق والطويل داخل المباني والمنازل والذي يربط بين الغرف المختلفة؟,دهليز
د,الزواحف المنقرضة والعملاقة التي حكمت الأرض لملايين السنين قبل ظهور البشر؟,ديناصورات
د,الثدييات البحرية شديدة الذكاء والمرحة التي تعتبر صديقة للإنسان؟,دلافين
د,قطرة الماء المالحة التي تفيض من العين نتيجة البكاء من الحزن أو الفرح؟,دمع
د,القطعة المعدنية الصغيرة ذات الرأس المدبب المستخدمة في تثبيت الأوراق والملابس؟,دبوس
د,الطلب والادعاء الرسمي الذي يرفعه شخص ضد آخر في المحكمة للمطالبة بحق مسلوب؟,دعوى
د,الحافز النفسي أو السبب الخفي الذي يجعل الإنسان يتصرف بطريقة معينة أو يرتكب فعلاً ما؟,دافع
د,الشخص الغريب الذي يقتحم ويدخل على مجموعة أو مجتمع ليس منهم ولا ينتمي إليهم؟,دخيل
د,الأعمدة والركائز الأساسية التي ترفع البناء وتثبته وتطلق مجازاً على أسس المجتمع؟,دعائم
ذ,اللون أو الشيء المصنوع من المعدن النفيس الأصفر البراق ويقال عنه شيء؟,ذهبي
ذ,العقل وقوة الإدراك والقدرة على التفكير والاستيعاب ويقال فلان حاضر الـ؟,ذهن
ذ,الحيوانات المفترسة التي تعوي ليلاً وتصطاد في قطعان وتشبه الكلاب البرية؟,ذئاب
ذ,الخوف الشديد والفزع الجماعي الذي يصيب الناس فجأة عند وقوع كارثة أو سماع صوت مدو؟,ذعور
ذ,الأبناء والأحفاد والنسل الذي يمتد من أصل الإنسان ويقال اللهم بارك في؟,ذرية
ذ,الطرفان العلويان في جسم الإنسان اللذان يمتدان من الكتف إلى أطراف الأصابع؟,ذراعان
ذ,الشخص الخبير والذي يمتلك حساً عالياً في تذوق الأطعمة والمشروبات وتقييم جودتها؟,ذواق
ذ,الأجزاء السفلية والبارزة من الوجوه والتي ينبت فيها شعر اللحية عند الرجال؟,ذقون
ذ,الأطراف الخلفية المتدلية لبعض الحيوانات كالخيول والقطط والتي تستخدم للتوازن؟,ذيول
ذ,الحشرات الطائرة والمزعجة جداً التي تتكاثر في الصيف وتنقل الأمراض؟,ذبابات
ذ,الخطأ الأخلاقي أو المعصية التي يرتكبها الإنسان ويشعر بعدها بالندم وتأنيب الضمير؟,ذنب
ذ,الحجج والأعذار الواهية التي يختلقها الشخص لتبرير أفعاله وتصرفاته غير المقنعة؟,ذرائع
ذ,القمم العالية جداً للجبال أو أعلى مستويات المجد والنجاح التي يصل لها الإنسان؟,ذرى
ذ,الأنعام التي تنحر وتذبح في المناسبات والأعياد لتقديم لحومها للضيوف؟,ذبائح
ذ,الشخص المهان والمكسور الذي فقد كرامته وعزته وخضع لسلطة ظالمة؟,ذليل
ر,العضوان الإسفنجيان داخل القفص الصدري والمسؤولان عن عملية التنفس الأساسية؟,رئتان
ر,الأشخاص المدربون والمسافرون في مركبات فضائية لاستكشاف الكواكب خارج الغلاف الجوي؟,رواد فضاء
ر,الجهاز اللاسلكي الذي يستقبل الموجات الصوتية ويبث البرامج والأخبار والموسيقى للمستمعين؟,راديو
ر,القطعة المعدنية القاتلة والمنطلقة بسرعة هائلة من فوهة البندقية أو المسدس؟,رصاصة
ر,الأسلحة القديمة المكونة من عصي طويلة جداً في نهايتها نصل معدني حاد للطعن؟,رماح
ر,الشخص الذي يتم احتجازه واختطافه بالقوة للمساومة عليه وطلب فدية أو مطالب سياسية؟,رهينة
ر,القصائد والكلمات الحزينة التي تقال أو تكتب في تأبين الميت وذكر محاسنه ومآثره؟,رثاء
ر,الصخر الكلسي الصلب واللامع ذو العروق الملونة والذي يستخدم بكثرة في القصور والأرضيات الفخمة؟,رخام
ر,قطرات الماء الدقيقة جداً والمتطايرة في الهواء نتيجة اصطدام الأمواج أو استخدام البخاخ؟,رذاذ
ر,الكومة الكبيرة من الأنقاض والحجارة المتراكمة الناتجة عن تهدم مبنى أو جبل؟,ركام
ر,التباطؤ الاقتصادي وتوقف حركة البيع والشراء في الأسواق وانخفاض معدلات الإنتاج؟,ركود
ر,التيارات الهوائية المتحركة بسرعات مختلفة والتي تحرك السحب وتلطف الأجواء أو تثير العواصف؟,رياح
ر,المنطقة الزراعية الهادئة والبعيدة عن صخب المدن وتتميز بالمزارع والمناظر الخضراء النقية؟,ريف
ر,الشيء الثابت والمتين الذي لا يتزعزع كالوتد في الأرض أو المبدأ في العقل يقال مبدأ؟,راسخ
ر,الشخص الذي يستقل وسائل النقل المختلفة كالطائرة أو القطار أو السيارة للانتقال من مكان لآخر؟,راكب
ز,الوعاء المصنوع من الزجاج لحفظ السوائل كالمياه والعصائر والعطور؟,زجاجة
ز,حجر كريم نفيس يتميز بلونه الأخضر الفاتح المائل للصفرة ويستخدم في صياغة المجوهرات؟,زبرجد
ز,العواصف الهوائية القوية والحلزونية التي ترفع الأتربة والأشياء في الهواء بقوة مدمرة؟,زوابع
ز,الغرف الضيقة جداً والمظلمة داخل السجون والمخصصة لعزل وحبس المجرمين؟,زنازين
ز,الأشخاص والعملاء الذين يترددون على المتاجر لشراء السلع والحصول على الخدمات؟,زبائن
ز,الحفل الكبير والبهيج الذي يقام بمناسبة زواج شخصين وإعلان ارتباطهما رسمياً؟,زفاف
ز,القطعة الواحدة من الحجر الكريم شديد الخضرة واللمعان والذي يعتبر من أغلى الجواهر؟,زمردة
ز,القادة والرؤساء الذين يمتلكون السلطة والقرار في دولهم أو أحزابهم السياسية؟,زعماء
ز,نقاط التقاء الخطوط المستقيمة في الأشكال الهندسية وتكون قائمة أو حادة أو منفرجة؟,زوايا
ز,الطعام والشراب الذي يأخذه المسافر معه في رحلته الطويلة ليتقوت به ويقال عنه؟,زاد
ز,الكذب والخداع والشيء المقلد والمزور الذي يظهر بغير حقيقته وباطنه؟,زيف
ز,الخطأ غير المتعمد والسقطة العابرة في الكلام أو التصرف ويقال لكل عالم؟,زلة
ز,علاقة الود والرفقة المهنية بين الأشخاص الذين يعملون في نفس المكان أو يدرسون معاً؟,زمالة
ز,الشخص الذي يترك ملذات الدنيا طواعية ويكتفي بالقليل تقرباً لله سبحانه وتعالى؟,زاهد
ز,فن تزيين وتجميل المباني والأوراق والأسطح بالنقوش الهندسية والنباتية البديعة؟,زخرفة

س,الأسلحة البيضاء الطويلة والحادة التي كانت تستخدم في المعارك والمبارزات القديمة؟,سيوف
س,المركبات المائية الضخمة التي تمخر عباب المحيطات لنقل البضائع والركاب؟,سفن
س,الأشخاص الذين يمارسون ألعاب الخفة والخداع البصري أو الشعوذة المذمومة؟,سحرة
س,الأقمشة التي تعلق على النوافذ لحجب أشعة الشمس وتوفير الخصوصية في المنازل؟,ستائر
س,المعرض الترفيهي المتنقل الذي يضم ألعاباً بهلوانية وحيوانات مدربة لإمتاع الجمهور؟,سيرك
س,المقار والممثليات الدبلوماسية الرسمية التابعة للدول والموجودة في عواصم الدول الأخرى؟,سفارات
س,المسافرون والزوار الذين يتنقلون بين البلدان بهدف الترفيه والاستكشاف والاستجمام؟,سياح
س,الوسطاء الذين يسهلون عمليات البيع والشراء بين الأطراف كالعقارات والأسهم مقابل عمولة؟,سماسرة

س,الزواحف البطيئة التي تحمل دروعاً صلبة على ظهورها لحمايتها وتعيش لسنوات طويلة؟,سلاحف
س,الأدوات والآلات المتنوعة التي تستخدم لمعرفة الوقت وتنظيم المواعيد أو الفترات الزمنية؟,ساعات
س,وحدات قياس الطاقة التي يحصل عليها الجسم من الطعام ويحرقها بالمجهود البدني تسمى؟,سعرات حرارية
س,اللص الذي يأخذ أموال وممتلكات الآخرين خفية وبدون وجه حق وبطرق ملتوية؟,سارق
س,الشخص المكلف بنقل وإيصال الرسائل والطرود البريدية إلى المنازل والشركات؟,ساعي
ش,النجوم المركزية الملتهبة التي تدور حولها الكواكب وتمدها بالضوء والحرارة في المجرات؟,شموس
ش,الشيء أو الملابس التي تخص وتلائم فصل الشتاء البارد وتتميز بالدفء والسمك؟,شتوي
ش,النباتات الخشبية الصغيرة والمتفرعة التي لا تصل لحجم وطول الأشجار الكبيرة؟,شجيرات
ش,حبوب زراعية غنية بالألياف ومفيدة جداً تستخدم عادة كوجبة إفطار صحية وتغلى مع الحليب؟,شوفان
ش,رجل الأمن المرتدي للزي الرسمي والمسؤول عن حفظ النظام وتطبيق القانون في الشوارع؟,شرطي
ش,القسم أو النصف من الشيء ويستخدم في الشعر للإشارة إلى نصف البيت الشعري؟,شطر
ش,الكتاب والأدباء الذين يبرعون في نظم القصائد الموزونة والمقفاة للتعبير عن المشاعر؟,شعراء
ش,الميل القوي والحب العنيف والاهتمام المطلق الذي يمتلك قلب الإنسان تجاه هواية أو عمل؟,شغف
ش,الامتداد البارز والمكشوف في الطوابق العليا للمبنى والذي يطل على الشارع؟,شرفة
ش,عقد التعاون والاتفاق المبرم بين طرفين أو أكثر لإنشاء وإدارة مشروع تجاري يتقاسمون أرباحه؟,شراكة
ش,المناطق الجبلية المنحدرة التي تتدفق وتسقط منها مياه الأنهار بقوة نحو الأسفل؟,شلالات
ش,الخبر الكاذب والقصة الملفقة التي تتناقلها الألسن وتنتشر في المجتمع دون دليل؟,شائعة
ش,القطع المعدنية الرقيقة شديدة الحدة المستخدمة في الحلاقة أو الجراحة أو الأكواد السرية؟,شفرات
ش,مركبة النقل البري الكبيرة والمخصصة لنقل البضائع الثقيلة والمواد بين المدن والدول؟,شاحنة
ش,المكان أو المنصب الوظيفي الخالي والمتاح الذي لم يتم تعيين أي شخص فيه بعد يقال منصب؟,شاغر
ص,الطيور الجارحة القوية والسريعة التي تستخدم في رياضة الصيد وتتميز بحدة بصرها؟,صقور
ص,المساحات الجغرافية الشاسعة والقاحلة التي تغطيها الرمال وتندر فيها المياه والنباتات؟,صحاري
ص,شجرة حرجية دائمة الخضرة أوراقها كالإبر وتنتج مخاريط خشبية بداخلها بذور لذيذة؟,صنوبر
ص,المركبات الأسطوانية المندفعة بقوة هائلة نحو الفضاء أو المستخدمة كأسلحة مدمرة؟,صواريخ
ص,المتجر والمؤسسة الصحية المخصصة لبيع الأدوية والمستلزمات الطبية وتحضير الوصفات؟,صيدلية
ص,اللقطات الفوتوغرافية أو الرسومات الفنية التي توثق اللحظات والأشخاص والمناظر؟,صور
ص,الأداة الصغيرة التي ينفخ فيها الحكم لإصدار صوت حاد وعال لإيقاف اللعب في المباريات؟,صافرة
ص,العلاقة الإنسانية النبيلة والمبنية على الود والثقة والصدق بين شخصين لا تربطهما قرابة دم؟,صداقة
ص,السكوت وعدم التحدث أو إصدار أي صوت وهو أبلغ من الكلام في بعض المواقف؟,صمت
ص,الحدث غير المتوقع والذي يقع فجأة دون تخطيط مسبق أو ترتيب ويقال التقيت به؟,صدفة
ص,واجب ديني وأخلاقي عظيم يتمثل في زيارة الأقارب وتفقدهم والإحسان إليهم ويسمى؟,صلة رحم
ص,العبادات والأدعية المفروضة التي يؤديها المسلمون خمس مرات في اليوم والليلة؟,صلوات
ص,الشخص الممتنع إرادياً عن الأكل والشرب والمفطرات من الفجر وحتى غروب الشمس؟,صائم
ص,الشخص الحازم والشديد في قراراته والذي لا يتساهل في تطبيق القوانين والنظام؟,صارم
ص,الحرفي أو العامل الماهر الذي يقوم بتصميم وتجميع المواد لإنتاج سلعة مفيدة؟,صانع
ض,حيوانات برمائية تقفز بمهارة وتصدر صوتاً مزعجاً ليلاً يسمى النقيق وتعيش قرب المستنقعات؟,ضفادع
ض,الغيوم الكثيفة والمنخفضة جداً التي تلامس سطح الأرض وتعيق الرؤية الأفقية للمسافرين؟,ضباب
ض,المنطقة السكنية الممتدة على أطراف المدينة الكبرى وتتميز بالهدوء والابتعاد عن الزحام؟,ضاحية
ض,الأصوات العالية جداً والمختلطة والمزعجة التي تسبب التوتر وتلوث البيئة السمعية؟,ضجيج
ض,العسكريون الذين تخرجوا من الكليات العسكرية ويحملون رتباً قيادية في الجيش والشرطة؟,ضباط
ض,الزوار والأشخاص الذين تستقبلهم في منزلك وتقدم لهم الكرم والضيافة وحسن الاستقبال؟,ضيوف
ض,الصوت الصادر عن الإنسان تعبيراً عن الفرح والسرور نتيجة لموقف طريف أو نكتة مضحكة؟,ضحكة
ض,الجانب اليابس والمحاذي لمجرى النهر أو الوادي والذي يحصر المياه بينه وبين الجانب الآخر؟,ضفة
ض,الأشخاص الذين لا يمتلكون القوة الجسدية أو النفوذ ويحتاجون للمساعدة والحماية في المجتمع؟,ضعفاء
ض,قطع القماش والشاش الطبي المعقم التي تستخدم للف الجروح ووقف النزيف؟,ضمادات
ض,العهود والمواثيق المالية أو القانونية التي تكفل حفظ الحقوق وتعويض الخسائر عند الإخلال؟,ضمانات
ض,الأشخاص المتضررون والذين فقدوا حياتهم أو أموالهم نتيجة الكوارث الطبيعية أو الحوادث؟,ضحايا
ض,الحاجة الماسة والقصوى لشيء لا يمكن الاستغناء عنه أبداً ويقال فلان فعل كذا للـ؟,ضرورة
ض,حالة فقدان التوجيه والمسار الصحيح وعدم القدرة على العودة للمكان الأصلي؟,ضياع
ض,صفة تطلق على الحيوان المفترس والشرس جداً الذي يفترس الكائنات الأخرى بلا رحمة؟,ضاري
ط,المركبات الجوية المجنحة والمزودة بمحركات والتي تنقل الركاب عبر الدول والقارات؟,طائرات
ط,طيور جميلة ومغترة تفرد ذيولها ذات الألوان الزاهية كالمروحة للتباهي وجذب الإناث؟,طواويس
ط,مجموعة الأشخاص المؤهلين الذين يعملون معاً كفريق واحد لتشغيل طائرة أو سفينة أو مستشفى؟,طاقم
ط,التراب الناعم المبلل بالماء واللزج والذي تحمله مياه الأنهار وترسبه على ضفافها ليزيد خصوبتها؟,طمي
ط,قطع الأثاث المسطحة والمرفوعة على قوائم والتي تستخدم للأكل أو العمل أو وضع الأشياء؟,طاولات
ط,القوى الفيزيائية والحيوية الكامنة والمختلفة كالشمسية والكهربائية والحركية؟,طاقات
ط,المرحلة العمرية المبكرة والبريئة من حياة الإنسان قبل البلوغ وتتميز باللعب والتعلم السريع؟,طفولة
ط,الآلات الموسيقية الإيقاعية المجوفة التي يضرب عليها بالعصي لإصدار الأصوات في الاحتفالات؟,طبول
ط,الأشخاص المحترفون والمتخصصون في فنون الطبخ وإعداد أشهى الأطباق في المطاعم والفنادق؟,طهاة
ط,الرجال والنساء المدربون والمؤهلون لقيادة الطائرات المدنية والحربية بمهارة في الأجواء؟,طيارون
ط,الممرات والشوارع المعبدة التي تربط بين المدن والأحياء وتستخدم لسير المركبات والمشاة؟,طرقات
ط,الكائن الحي الذي يغطيه الريش ويمتلك أجنحة ومنقاراً ويتكاثر بوضع البيض ويحلق في الجو؟,طائر
ط,العادات والتقاليد والممارسات الدينية أو الاجتماعية التي تقام بطريقة محددة ومتكررة؟,طقوس
ط,القصاصة الورقية الصغيرة والمزخرفة التي تلصق على المغلفات والرسائل لإثبات دفع رسوم البريد؟,طابع
ط,صفة تطلق على الخضروات واللحوم والمخبوزات حديثة التحضير والتي لم تفسد أو تذبل؟,طازج
ظ,حيوانات صحراوية رشيقة وسريعة جداً وجميلة العيون وتعتبر من أنواع الغزلان؟,ظباء
ظ,الانعكاس المعتم والداكن الذي يظهر على الأرض خلف الجسم عندما يحجب أشعة الشمس؟,ظل
ظ,الأحوال والأوضاع الصعبة والقاهرة التي تحيط بالإنسان وتجعل حياته مليئة بالمشقة يقال؟,ظروف قاسية
ظ,الجهة الخلفية من جسم الإنسان الممتدة من أسفل الرقبة إلى الحوض وتحتوي على العمود الفقري؟,ظهر
ظ,الأحداث والأشياء العظيمة والمؤثرة التي تحدث في الطبيعة كالزلازل والبراكين ويصعب التحكم بها؟,ظواهر طبيعية
ظ,الغياب التام للضوء وتراكم السواد وانعدام الرؤية في الأماكن المغلقة أو في الليل البهيم؟,ظلمة
ظ,المساند والداعم الذي يقف في صفك ويحميك أو مركز اللاعب المدافع في أطراف الملعب الكروي؟,ظهير
ظ,الاعتقاد والشك والتخمين الذي يميل للصدق أو الكذب دون وجود يقين أو دليل قاطع ويسمى الـ؟,ظن
ظ,خفة الدم وسرعة البديهة والقدرة على إطلاق النكت اللطيفة التي تدخل السرور على الآخرين تسمى؟,ظرافة
ظ,مركز اللاعب المدافع في تشكيلة كرة القدم والذي يتمركز في الجهة اليمنى للملعب يسمى؟,ظهير أيمن
ظ,مركز اللاعب المدافع في تشكيلة كرة القدم والذي يتمركز في الجهة اليسرى للملعب يسمى؟,ظهير أيسر
ظ,المساحة الباردة والمظللة التي توفرها أوراق وأغصان الشجرة وتحجب أشعة الشمس الحارقة تسمى؟,ظل الشجرة
ظ,الشعور القاسي والمؤلم بالحاجة الملحة لقطرة ماء نتيجة الانقطاع الطويل عن الشرب يسمى؟,ظمأ شديد
ظ,السطح الخارجي والشكل الواضح للأشياء والذي يمكن رؤيته بالعين المجردة وعكسه الباطني؟,ظاهري
ظ,الأشخاص المعتدون الذين يسلبون حقوق غيرهم ولا يحكمون بالعدل ويستحقون العقاب؟,ظالمون
ع,المدن الرئيسية والمركزية التي تتواجد فيها مقار الحكومات والوزارات في كل دولة؟,عواصم
ع,الأكوان والبيئات المختلفة والمتباعدة سواء كانت حقيقية أو خيالية يقال رب الـ؟,عوالم
ع,الأعضاء الحساسة المسؤولة عن الرؤية أو ينابيع المياه التي تتفجر من باطن الأرض؟,عيون
ع,المشروبات الطبيعية واللذيذة التي تستخرج من عصر الفواكه الطازجة كالبرتقال والتفاح؟,عصائر
ع,الطيور الصغيرة والجميلة التي تتميز بتغريدها العذب وألوانها المتنوعة وتبني أعشاشها على الشجر؟,عصافير
ع,الحشرات المفصلية ذات الثمانية أرجل والتي تبرع في نسج الشباك الحريرية لاصطياد الفرائس؟,عناكب
ع,الإطارات والقطع الدائرية المطاطية أو الخشبية التي تدور وتسمح للسيارات والآلات بالحركة؟,عجلات
ع,الأنسجة اللحمية المرنة في الجسم والتي تنقبض وتنبسط وتسمح للإنسان بالحركة ورفع الأثقال؟,عضلات
ع,النقود والأموال الورقية والمعدنية الرسمية التي تعتمدها الدول في تعاملاتها كالدولار والريال؟,عملات
ع,مراكز التفكير والإدراك والتدبر في الإنسان والتي تميزه عن باقي الكائنات الحية المشتتة؟,عقول
ع,الحقب والفترات الزمنية التاريخية الطويلة التي تميزت بأحداث أو حضارات كـ الـ الوسطى؟,عصور
ع,المستحضرات السائلة ذات الروائح العطرة والجميلة التي تستخرج من الزهور وتستخدم للتعطر؟,عطور
ع,الأعواد الخشبية الرفيعة والمستقيمة التي تستخدم للأكل في آسيا أو لإشعال النار أو تنظيف الأسنان؟,عيدان
ع,الشخص التقي والورع الذي يقضي وقته في التقرب لله بالصلوات والدعاء والذكر؟,عابد
ع,المادة البيضاء الصلبة والثمينة جداً التي تستخرج من أنياب الفيلة وتصنع منها التحف؟,عاج
غ,الطيور ذات اللون الأسود الفاحم والذكاء الحاد والتي ترتبط في بعض الثقافات بالتشاؤم؟,غربان
غ,المساحات الشجرية الكثيفة جداً والموجودة في المناطق الاستوائية وتتميز بأمطارها الغزيرة وتسمى؟,غابات مطيرة
غ,حالات المادة التي ليس لها شكل ثابت وتنتشر في الهواء كالأكسجين وثاني أكسيد الكربون؟,غازات
غ,السفن الحربية أو الاستكشافية المتطورة القادرة على الغوص والبقاء تحت سطح البحر لفترات طويلة؟,غواصات
غ,التكبر والتعالي ورؤية النفس أفضل من الآخرين بغير حق وهي صفة مذمومة تسقط صاحبها؟,غرور
غ,السلوك الفطري والميل الطبيعي غير المكتسب الذي يولد مع الكائن الحي ويوجهه للبقاء كـ الأمومة؟,غريزة
غ,العقوبات والمبالغ المالية التي تفرضها الجهات المرورية أو القانونية على المخالفين للأنظمة؟,غرامات
غ,الآلة الكهربائية المنزلية الأساسية التي تستخدم لتنظيف الملابس والأقمشة وإزالة الأوساخ منها؟,غسالة
غ,النباتات والأشجار والأعشاب الطبيعية التي تغطي سطح الأرض وتحميها من التصحر والجفاف يسمى؟,غطاء نباتي
غ,الحجرة الخاصة والمريحة في المنزل والمجهزة بالسرير والدواليب والمخصصة للنوم والراحة؟,غرفة نوم
غ,الكلمات الرقيقة وأشعار الحب والثناء التي تقال للمحبوب للتعبير عن الإعجاب والافتتان؟,غزل
غ,رياضة أو نشاط القفز والسباحة تحت سطح الماء وحبس الأنفاس لاستكشاف الأعماق المرجانية؟,غطس
غ,الشعور المزعج والمضطرب في المعدة والذي يسبق الرغبة في التقيؤ ويحدث في البحر أو الحمل؟,غثيان
غ,الزمن الماضي البعيد جداً والأحداث القديمة التي ولت وانتهت يقال في الزمن الـ؟,غابر
غ,الشخص الساهي وغير المنتبه لما يدور حوله من أحداث ومخاطر وتنقصه اليقظة؟,غافل
ف,أضخم الحيوانات البرية المعاصرة وتتميز بخرطومها الطويل جداً وأنيابها العاجية الثمينة؟,فيلة
ف,الشعب والمواطنون الذين ينتمون لدولة فرنسا الأوروبية ويتحدثون لغتها ويفتخرون ببرج إيفل؟,فرنسيون
ف,الحشرات الجميلة والرقيقة ذات الأجنحة الكبيرة والملونة التي تتنقل بين الزهور لامتصاص الرحيق؟,فراشات
ف,العلم الواسع الذي يدرس النجوم والكواكب والمجرات وحركتها في الفضاء الخارجي وتسمى علوم الـ؟,فلك
ف,المادة السوداء المسامية والصلبة الناتجة عن حرق الخشب بمعزل عن الهواء وتستخدم في الشواء؟,فحم نباتي
ف,العظم الصلب والمتحرك في وجه الإنسان والحيوان والذي يحمل الأسنان ويستخدم في مضغ الطعام؟,فك
ف,الأدوات الحادة المكونة من مقبض خشبي ورأس حديدي قاطع تستخدم لتكسير الأخشاب والأشجار؟,فؤوس
ف,المجموعات المتكاتفة من الأشخاص أو اللاعبين الذين يتحدون ويعملون معاً لتحقيق هدف رياضي أو عملي؟,فرق
ف,الأشخاص الأبطال والناجحون الذين تغلبوا على خصومهم ونالوا الجوائز والمراكز الأولى في المنافسات؟,فائزون
ف,الحيوانات المفترسة والمنقطة التي تعتبر أسرع الكائنات البرية على وجه الأرض وتعيش في السافانا؟,فهود
ف,المباني الضخمة والمجهزة بغرف فاخرة لاستقبال وإقامة السياح والمسافرين مقابل أجر مادي؟,فنادق
ف,البذور والقرون الخضراء أو البيضاء التي تعتبر وجبة شعبية أساسية في بعض الدول العربية؟,فاصوليا
ف,المكسرات اللذيذة ذات اللون الأخضر الفاتح والقشرة الصلبة وتشتهر بها مدينة حلب السورية للحلويات؟,فستق
ف,السائل الذي فقد حرارته العالية وأصبح دافئاً قليلاً يميل للبرودة كالشاي إذا ترك طويلاً يقال؟,فاتر
ف,المصيبة الكبرى والحادثة المؤلمة جداً والمفاجئة التي تسبب حزناً عميقاً في المجتمع؟,فاجعة
ق,الكتل الأرضية الكبرى والضخمة جداً التي تتكون منها اليابسة كآسيا وأوروبا وأفريقيا وأمريكا؟,قارات
ق,الثدييات المتسلقة والذكية التي تشبه الإنسان في بعض تصرفاتها وتشتهر بأكل الموز والقفز في الغابات؟,قردة
ق,وسائل النقل الطويلة جداً والمكونة من عربات متصلة تسير بسرعة على سكك حديدية مخصصة لها؟,قطارات
ق,المركبة الفضائية التي يصنعها الإنسان وتطلق لتدور حول الأرض لأغراض البث التلفزيوني والاتصالات والطقس؟,قمر صناعي
ق,الحصون والمباني التاريخية الضخمة والمنيعة التي بنيت في المرتفعات قديماً لحماية المدن من الأعداء؟,قلاع
ق,النماذج والأشكال المجوفة التي يصب فيها السائل أو المعدن المنصهر ليأخذ شكلها بعد أن يتصلب؟,قوالب
ق,المركبات المائية الصغيرة والمكشوفة التي تستخدم للتنقل السريع أو الصيد في الأنهار والبحيرات؟,قوارب
ق,المباني الفخمة والواسعة جداً والمحاطة بالحدائق والتي تعتبر سكناً ومقراً للملوك والأمراء والأثرياء؟,قصور
ق,القوس الملون والجميل الذي يظهر في السماء نتيجة لانكسار وتحلل ضوء الشمس عبر قطرات المطر؟,قوس قزح
ق,الطبقة الخارجية والصلبة التي تغطي كوكب الأرض أو الغلاف الخارجي الذي يحمي الفواكه وجذوع الشجر؟,قشرة
ق,الحيوانات الأليفة والمنزلية المستأنسة التي تحب اللعب وتموء وتعتبر من فصيلة السنوريات الصغيرة؟,قطط
ق,الأسماك البحرية المفترسة والخطيرة التي تمتلك فكوكاً ضخمة وحاسة شم قوية جداً لقطرات الدم؟,قروش
ق,اللصوص والمجرمون المسلحون الذين يعترضون السفن في عرض البحر لنهب حمولتها وترويع طواقمها؟,قراصنة
ق,المكان الجاف والمقفر الذي لا ينبت فيه زرع ولا يقطره ماء كبعض مناطق الصحراء يقال مكان؟,قاحل
ق,العربة الأمامية الضخمة والمزودة بالمحرك والتي تقوم بجر وسحب باقي عربات القطار على السكة؟,قاطرة

ك,الحيوانات الوفية والمستأنسة التي تستخدم للحراسة ورعي الأغنام وتتصف بحاسة الشم القوية؟,كلاب
ك,اللوحة الإلكترونية المستطيلة والمليئة بالأزرار والأحرف وتستخدم لإدخال النصوص والأوامر للحاسوب؟,كيبورد
ك,قطع الأثاث المخصصة للجلوس والمزودة بمسند للظهر وتوجد في المنازل والمكاتب والمطاعم؟,كراسي
ك,عزة النفس والأنفة والاعتزاز الشديد بالكرامة والذي يمنع الإنسان من قبول الذل أو الإهانة؟,كبرياء
ك,الأوعية الزجاجية أو المجسمات الذهبية والفضية التي تمنح للفرق الفائزة في البطولات كرمز للانتصار؟,كؤوس
ك,الأجرام الصخرية الفضائية الصغيرة التي تدور حول الشمس ويتواجد معظمها بين مداري المريخ والمشتري؟,كويكبات
ك,المؤلفات المطبوعة والمجلدة التي تحتوي على صفحات مليئة بالمعلومات والقصص والعلوم للقراءة؟,كتب
ك,الأجهزة البصرية الدقيقة والمتقدمة التي تستخدم لالتقاط الصور الثابتة وتسجيل مقاطع الفيديو؟,كاميرات
ك,الأسلاك المعدنية السميكة والمغلفة بالبلاستيك والتي تستخدم لنقل الطاقة الكهربائية أو الاتصالات بين المدن؟,كابلات
ك,التجاويف والفتحات الطبيعية العميقة والمظلمة داخل الجبال أو تحت الأرض والتي سكنها الإنسان القديم؟,كهوف
ك,الأموال والمجوهرات والذهب الثمين المخبأ والمدفون تحت الأرض أو في قاع البحر ويبحث عنه المغامرون؟,كنوز
ك,رجال الدين والمشرفون على المعابد والطقوس الدينية في الحضارات القديمة كالفراعنة واليونان؟,كهنة
ك,الشخص الحزين جداً والمهموم الذي فقد بهجته وتغلب عليه مشاعر اليأس والإحباط؟,كئيب
ك,الشيء القوي جداً والمدمر الذي يزيل كل ما يقف في طريقه ويقال فوز أو انتصار؟,كاسح
ل,العملات النقدية الرسمية المستخدمة في بعض الدول كتركيا ولبنان وسوريا وتسمى؟,ليرات
ل,نوع من المكسرات اللذيذة والمفيدة جداً تستخرج من شجرة ذات أزهار جميلة ويستخرج منها زيت مفيد للشعر؟,لوز
ل,الأحجار الكريمة الكروية والثمينة جداً ذات اللون الأبيض أو الزهري والتي تستخرج من محار البحر؟,لآلئ
ل,الغدتان الليمفاويتان الموجودتان في مؤخرة الحلق واللتان تلتهبان كثيراً عند الأطفال ويتم استئصالهما أحياناً؟,لوزتين
ل,الخيط الدقيق والطبيعي الموجود في النباتات والعضلات أو الخشن الذي يستخدم في تنظيف وغسل الأواني؟,ليف
ل,الأسطح القماشية أو الخشبية التي يرسم عليها الفنانون إبداعاتهم وتعلق على الجدران للزينة؟,لوحات
ل,النشاط الترفيهي أو المسابقة ذات القواعد المحددة التي تهدف إلى التسلية والتحدي العقلي أو البدني؟,لعبة
ل,العضلات والأنسجة الحيوانية كالبقر والغنم التي تعتبر المصدر الأساسي للبروتين وتسمى؟,لحوم حمراء
ل,الفترات المظلمة من اليوم التي تبدأ بغروب الشمس وتخصص للراحة والنوم وتتزين بالنجوم والقمر؟,ليالي
ل,الفعل الإجرامي المتمثل في سرقة ممتلكات وأموال الآخرين خفية بطرق ملتوية وغير مشروعة وتسمى؟,لصوصية
ل,الأشخاص الرياضيون الذين يشاركون ويمارسون رياضة معينة ضمن فريق ككرة القدم أو السلة؟,لاعبون
ل,المشروب الصيفي البارد والمنعش جداً والذي يعصر من الليمون الطازج ويحلى بالسكر والنعناع؟,ليموناضة
ل,الوحدات القياسية العالمية والمستخدمة لقياس حجم السوائل كالماء والعصائر والوقود؟,لترات
ل,الشخص المظلوم الذي يهرب من وطنه بسبب الحروب والاضطهاد ويبحث عن الأمان في دولة أخرى؟,لاجئ
ل,الشيء البراق والمضيء الذي يعكس الضوء بقوة كالذهب والنحاس المصقول يقال معدن؟,لامع


م,السوائل الشفافة والضرورية للحياة التي تغطي معظم كوكب الأرض وتجري في الأنهار والبحار؟,مياه
م,الأدوات المعدنية الصغيرة والمسننة التي تستخدم لفتح وإغلاق الأقفال والأبواب أو تشغيل السيارات؟,مفاتيح
م,الأشخاص المتخصصون والمحترفون في تصميم وبناء الجسور والآلات وتطبيق النظريات العلمية على الواقع؟,مهندسون
م,الأدوات اليدوية الحادة المكونة من شفرتين متقاطعتين وتستخدم لقص الورق والقماش والشعر؟,مقصات
م,نقاط الارتباط الحيوية والمرنة بين عظام الجسم والتي تسمح للإنسان بالحركة وثني الأطراف كالركبة والكوع؟,مفاصل
م,القطع المعدنية المدببة التي تطرق بالمطرقة لتثبيت الأخشاب والأشياء ببعضها بقوة؟,مسامير
م,المسطحات المائية المالحة والشاسعة جداً التي تفصل بين قارات العالم كالهادي والأطلسي؟,محيطات
م,المؤسسات والمباني التعليمية التي يذهب إليها الطلاب يومياً لتلقي العلم والمعرفة والتربية؟,مدارس
م,الغرف والمقار الإدارية المجهزة بالطاولات والمخصصة للعمل وإنجاز المهام الوظيفية والاجتماعات؟,مكاتب
م,دور العبادة الطاهرة والمقدسة المخصصة للمسلمين لأداء الصلوات الخمس وتلاوة القرآن الكريم؟,مساجد
م,الأسطح الزجاجية المصقولة التي تعكس الضوء وتظهر صورة الشخص الواقف أمامها لتعديل مظهره؟,مرايا
م,المادة التي تتأثر بالضغط وتأخذ شكل الإناء الذي يحويها وتشمل السوائل والغازات معاً تسمى؟,مائع
م,الوليمة وعزيمة الطعام الكبيرة والفخمة التي تقام احتفاءً بالضيوف في المناسبات السعيدة؟,مأدبة
ن,المؤسسات والكيانات الرياضية والثقافية التي تضم اللاعبين والمدربين وتنافس في البطولات؟,نوادي
ن,الخواتيم واللحظات الأخيرة التي تسبق ختام القصص والمباريات والأفلام وتكشف النتيجة النهائية؟,نهايات
ن,طيور ضخمة جداً وسريعة الركض لا تستطيع الطيران وتدفن رأسها في الرمال في الأساطير الشعبية؟,نعام
ن,حيوانات مفترسة من فصيلة القطط الكبيرة تتميز بجلدها المخطط بالأصفر والأسود وقوتها الهائلة؟,نمور
ن,الحشرات المجتهدة والمفيدة جداً التي تبني خلايا سداسية وتمتص رحيق الأزهار لتنتج العسل الشافي؟,نحل
ن,الأدوات البصرية المكونة من عدسات توضع على العينين لتحسين وتصحيح الرؤية أو الحماية من الشمس؟,نظارات
ن,الأواني والتحف والأدوات القديمة والجميلة المصنوعة من معدن النحاس ذي اللون المائل للاحمرار تسمى؟,نحاسيات
ن,الألسنة الملتهبة والمشتعلة التي تنتج عن احتراق المواد وتصدر حرارة وضوءاً وتستخدم للتدفئة قديماً؟,نيران
ن,الصخور الفضائية التي تخترق الغلاف الجوي وتنجح في الاصطدام بسطح الأرض مخلفة فوهات عميقة؟,نيازك
ن,الفتحات في جدران المنازل والتي تغطى بالزجاج أو الخشب للتهوية ودخول الضوء إلى الغرف؟,نوافذ
ن,الحشرات الصغيرة والمجتهدة التي تعيش في مستعمرات تحت الأرض وتضرب بها الأمثال في التنظيم والعمل؟,نمل
ن,الأشجار الصحراوية الطويلة والمباركة التي تنتج التمر والرطب وتعتبر رمزاً عربياً أصيلاً وتتحمل الحرارة؟,نخيل
ن,الطيور الجارحة والضخمة التي تحلق عالياً جداً وتتميز بمنقارها الحاد ومخالبها القوية وتأكل الجيف؟,نسور
ن,الشخص الذي يجبر على ترك مدينته وبيته داخل وطنه بسبب الحروب والكوارث متجهاً لمدينة آمنة؟,نازح
ن,الشخص المتعبد والزاهد الذي يفرغ نفسه للعبادة وينعزل عن ملذات ومغريات الحياة الدنيا؟,ناسك
هـ,العمليات الهجومية المباغتة التي تشنها الجيوش أو اللاعبون في المباريات لضرب الخصم؟,هجمات
هـ,الأجهزة التقنية المحمولة التي نستخدمها يومياً للاتصال والتواصل وتصفح الإنترنت والتطبيقات؟,هواتف
هـ,البناء أو التسلسل التنظيمي الذي يبدأ من قاعدة عريضة ويضيق صعوداً نحو القمة كالإدارات وتسمى؟,هرميات
هـ,الطائرات المروحية التي تمتلك شفرات دوارة في أعلاها وتقلع وتهبط بشكل عمودي ولا تحتاج لمدرج؟,هليكوبترات
هـ,النسيم العليل والأجواء الخارجية المفتوحة والنقية خارج المباني والغرف المغلقة يقال جلست في الـ؟,هواء طلق
هـ,العلم والفن المتخصص في تخطيط وتصميم ورسم المباني والمنشآت وتوزيع المساحات بشكل جمالي وعملي؟,هندسة معمارية
هـ,الخسائر والإخفاقات المتتالية وعدم القدرة على تحقيق الانتصار في المعارك أو المسابقات؟,هزائم
هـ,صغار القطط اللطيفة والجميلة التي تحب اللعب وتموء بصوت خافت وتحتاج للرعاية؟,هررة
هـ,البنيات العظمية الداخلية التي تدعم أجسام الكائنات أو الإطارات الحديدية التي تدعم المباني؟,هياكل
هـ,عملية تساقط ونزول قطرات الماء بكثافة من الغيوم الملبدة في السماء إلى سطح الأرض لترويها ويسمى؟,هطول الأمطار
هـ,الخيالات والصور والأصوات غير الحقيقية التي يراها أو يسمعها المريض النفسي وتنفصل عن الواقع؟,هلاوس

هـ,المرتفعات الأرضية الواسعة والمسطحة التي تكون أعلى من السهول وأقل ارتفاعاً من الجبال الشاهقة؟,هضاب
هـ,العمل أو المشروع الذي يمتلك رسالة وقيمة نبيلة يسعى لتحقيقها ويفيد المجتمع يقال محتوى؟,هادف
هـ,اللقب والوصف المهيب الذي يطلق على الموت في الثقافة الإسلامية لأنه ينهي متعة الحياة الدنيا؟,هادم اللذات
و,الوسائل المتعددة والمختلفة التي تستخدم للاتصال أو النقل أو نقل المعلومات كـ التواصل الاجتماعي؟,وسائط
و,التقسيمات الإدارية والجغرافية الكبرى داخل الدولة الفيدرالية كـ المتحدة الأمريكية؟,ولايات
و,الأشخاص الذين يحق لهم شرعاً وقانوناً استلام تركة وأموال الشخص المتوفى بحسب صلة القرابة؟,ورثة
و,الزهور الجميلة ذات الرائحة العطرة والأشواك والتي تعتبر رمزاً عالمياً للحب والجمال والهدية الرومانسية؟,ورد
و,الأكياس المحشوة بالقطن أو الريش والناعمة التي يضع عليها النائم رأسه للراحة وتسمى مخدات أو؟,وسائد
و,المادة الرقيقة والمصنوعة من لب الأشجار والمستخدمة في الطباعة والكتابة وتغليف الهدايا؟,ورق
و,الأجزاء الأمامية من رؤوس البشر والتي تضم العينين والأنف والفم وتعبر عن ملامحهم وهويتهم؟,وجوه
و,حصص الطعام اليومية التي يتناولها الإنسان بانتظام كالفطور والغداء والعشاء لتمده بالطاقة؟,وجبات
و,الأطيان اللزجة والمبللة جداً بالماء والتي تلتصق بالأحذية وتعيق سير السيارات بعد هطول الأمطار الغزيرة؟,وحول
و,المبالغ المالية والأشياء الثمينة التي يضعها العملاء كأمانة في البنوك لحفظها أو استثمارها؟,ودائع
و,كبار المسؤولين السياسيين في الحكومة والذين يديرون قطاعات الدولة كالصحة والتعليم والداخلية؟,وزراء
و,المناطق المنخفضة والضيقة الممتدة بين الجبال والتلال والتي تجري فيها مياه السيول والأنهار؟,وديان
و,العملية الطبيعية لخروج الجنين من رحم أمه وبداية حياته في العالم الخارجي ويحتفل بذكرى يومها سنوياً؟,ولادة
و,الشخص الذي يؤمن بقدراته ونفسه ولا يهتز أمام الصعاب والتحديات يقال عنه شخص؟,واثق
و,الشخص الذي قدم من بلد آخر للعمل والإقامة في دولة جديدة ويطلق على المغتربين؟,وافد
ي,الشعب العريق والمتحضر الذي يسكن دولة كوكب اليابان ويشتهر بالانضباط والتطور التكنولوجي الهائل؟,يابانيون
ي,نبات عطري يتميز ببذوره الصغيرة ذات النكهة الحلوة ويشرب كمغلي ساخن لتهدئة الأعصاب والمغص؟,يانسون
ي,العملة النقدية والرسمية المتداولة في دولة اليابان وتعتبر من أهم العملات في الاقتصاد العالمي؟,ين
ي,المذكرات والدفاتر الشخصية التي يكتب ويدون فيها الإنسان أحداثه وتفاصيل حياته يوماً بيوم بانتظام؟,يوميات
ي,الأجزاء المطوية والمحيطة بالرقبة في القمصان والبدل الرسمية والتي تضفي أناقة على الملابس؟,ياقات
ي,الأكلة الشعبية المكونة من قطع اللحم أو الدجاج المطبوخة ببطء مع الخضار والمرق وتقدم مع الأرز؟,يخنة
ي,الحشرات في مراحل نموها الأولى بعد خروجها من البيضة وتشبه الديدان الصغيرة قبل أن تتحول لفراشات؟,يرقات
ي,حشرة طائرة تمتلك أجنحة شفافة وعيوناً كبيرة وتطير بمهارة عالية فوق البرك والمياه الراكدة وتسمى؟,يعسوب
ي,الحالة الإنسانية للطفل الذي فقد والديه أو أحدهما قبل بلوغه سن الرشد ويحتاج للعطف وكفالة المجتمع؟,يتم
ي,فاكهة شتوية حمضية ولذيذة تشبه البرتقال ولكنها أصغر حجماً وأسهل في تقشيرها وتسمى مندرين أو؟,يوسفي

ي,اسم المعركة الإسلامية التاريخية والفاصلة التي وقعت في بلاد الشام ضد الروم وسميت نسبة لنهر هناك؟,يرموك
ي,الحشرات العجيبة التي تطير ليلاً في الغابات وتشع وتضيء بطونها بنور فسفوري طبيعي وتسمى المضيئة أو؟,يراعات
ي,النبي الكريم الذي ابيضت عيناه من الحزن على فراق ابنه يوسف عليه السلام؟,يعقوب
ي,الاتجاه الذي يفضله المسلمون في البدء بالطعام والشراب والمصافحة تيمناً بالبركة وعكسه اليسار؟,يمين
أ,أداة فلكية معقدة اخترعها المسلمون لتحديد أوقات الصلاة وحركة النجوم بدقة متناهية؟,أسطرلاب
أ,مادة كيميائية تفرز في الدماغ عند الخوف أو الحماس الشديد لتجهيز الجسم للقتال أو الهرب؟,أدرينالين
أ,ظاهرة ضوئية مبهرة تظهر في سماء القطبين ليلاً بألوان ساحرة كالأخضر والوردي وتسمى الشفق القطبي أو؟,أورورا
أ,حالة طبية تعني فقدان الذاكرة الجزئي أو الكلي وعدم القدرة على تذكر أحداث الماضي؟,أمنيزيا
أ,بطل أسطوري يوناني لا يقهر، وكانت نقطة ضعفه القاتلة والوحيدة في كعب قدمه؟,أخيل
أ,حضارة قديمة ودموية في المكسيك اشتهرت بالتضحيات البشرية وبناء الأهرامات المدرجة؟,آزتك
أ,العلم الذي يدرس سلوك الإنسان وثقافاته وتطوره البيولوجي والاجتماعي عبر التاريخ؟,أنثروبولوجيا
أ,عنصر مشع وثقيل جداً يعتبر الوقود الأساسي والأخطر في تشغيل المفاعلات النووية؟,أورانيوم
ب,لغة برمجة عالية المستوى ومفتوحة المصدر سميت تيمناً بنوع من الثعابين الضخمة؟,بايثون
ب,برج أسطوري وتاريخي في بلاد الرافدين يقال أن لغات البشر تبلبلت وتفرقت عنده؟,بابل
ب,مدينة إيطالية عريقة وشهيرة اختفت في يوم واحد تحت رماد بركان فيزوف المدمر؟,بومبي
ب,مضاد حيوي أحدث ثورة طبية في العالم واكتشفه ألكسندر فليمنج صدفة من العفن؟,بنسلين
ب,أول عملة رقمية مشفرة ولامركزية أحدثت ثورة مالية وظهرت عام 2009م بشفرة غامضة؟,بيتكوين
ب,نبات مائي طويل ومشهور استخدمه الفراعنة في مصر القديمة لصناعة أول أشكال الورق؟,بردي
ب,منطقة جغرافية تتوسط المحيط الأطلسي وتشتهر بقصص اختفاء السفن والطائرات الغامضة؟,برمودا
ب,جسيم دون ذري يحمل شحنة كهربائية موجبة ويستقر بهدوء داخل نواة الذرة؟,بروتون
ب,قائد عسكري فرنسي عبقري نصب نفسه إمبراطوراً ونُفي إلى جزيرة معزولة حتى مات؟,بونابرت
ب,طائر بحري ضخم جداً يتميز بوجود جراب جلدي غريب تحت منقاره لتخزين الأسماك؟,بجع
ت,حضارة عريقة في أمريكا الجنوبية بنت مدينة ماتشو بيتشو الساحرة في قمم جبال الأنديز؟,إنكا
ت,أمواج محيطية عاتية ومفاجئة تنتج عن زلازل أو انزلاقات أرضية عنيفة في قاع البحر؟,تسونامي
ت,أقوى سم طبيعي في العالم يستخرج من بكتيريا ويستخدم طبياً وتجميلياً لإزالة التجاعيد؟,توكسين
ت,معدن قوي جداً وخفيف الوزن ومقاوم للصدأ يستخدم بكثرة في صناعة الطيران والفضاء؟,تيتانيوم
ت,حيوان زاحف ومرعب يمتلك أقوى عضة فك بين جميع الحيوانات على وجه الأرض؟,تمساح
ت,جهاز فلكي وبصري دقيق يستخدم لمراقبة الكواكب والنجوم والمجرات البعيدة بوضوح؟,تلسكوب
ت,عالم ومخترع عبقري صربي أحدث ثورة في مجال التيار الكهربائي المتردد ومات فقيراً؟,تسلا
ت,عملية بيولوجية معقدة يحول فيها النبات ضوء الشمس إلى طاقة كيميائية وغذاء أكسجيني؟,تمثيل ضوئي
ت,أضخم وأفخم سفينة ركاب في عصرها، غرقت في رحلتها الأولى بعد اصطدامها بجبل جليدي؟,تيتانيك
ث,فجوة مرعبة في الفضاء ذات جاذبية هائلة تبتلع كل شيء حتى الضوء لا يستطيع الهرب منها؟,ثقب أسود
ث,غاز صلب شديد البرودة يتسامى مباشرة إلى غاز دون أن يذوب للسيولة ويستخدم في التبريد؟,ثلج جاف
ث,زاحف سام جداً ومميت يتحرك بالانزلاق الصامت ولا يمتلك أطرافاً ويعتبر من ألد أعداء البشر؟,ثعبان
ث,عنصر مشع يستخدم كوقود بديل وأكثر أماناً من اليورانيوم في المفاعلات النووية المستقبلية؟,ثوريوم
ث,حيوان ماكر جداً يظهر في الكثير من الأساطير والحكايات كرمز للخداع والذكاء والدهاء؟,ثعلب
ث,ثورة شعبية دموية وشهيرة اندلعت عام 1789م وأسقطت الملكية المطلقة وأسست للجمهورية؟,ثورة فرنسية
ث,مبنى عسكري محصن أو معسكر مغلق مخصص لإقامة الجنود وتخزين الأسلحة والتدريب الصارم؟,ثكنة
ج,إمبراطورية عظمى بناها المغول واجتاحت نصف العالم بقيادة مؤسسها المرعب والقاسي؟,جنكيز خان
ج,لغة برمجة شهيرة جداً تستخدم بكثرة في تطوير تطبيقات الويب والواجهات التفاعلية للمستخدم؟,جافا سكريبت
ج,العلم الدقيق الذي يدرس الكروموسومات وكيفية انتقال الصفات من الآباء للأبناء عبر الأجيال؟,جينات
ج,القوة الفيزيائية الخفية التي تمنعنا من الطفو في الهواء وتجذبنا باستمرار نحو مركز الأرض؟,جاذبية
ج,مؤسس شركة أبل وأحد أهم العباقرة الذين غيروا شكل التكنولوجيا والهواتف الذكية في العالم؟,جوبز
ج,حالة طبية خطيرة ومفاجئة تحدث عندما يتوقف تدفق الدم إلى جزء من عضلة القلب أو الدماغ؟,جلطة
ج,عالم إيطالي شهير حكمت عليه الكنيسة بالإقامة الجبرية لقوله وتأكيده بأن الأرض تدور حول الشمس؟,جاليليو
ج,حالة فيزيائية لتجمد وتصلب المياه في المناطق القطبية أو المرتفعة جداً مكونة جبالاً بيضاء صلبة؟,جليد
ح,مركب كيميائي معقد جداً يحمل الشفرة الوراثية وتفاصيل بناء الكائن الحي بالكامل ويسمى الـ؟,حمض نووي
ح,خيوط بروتينية قوية جداً تفرزها عناكب معينة وتعتبر أصلب من الفولاذ بنفس السماكة والوزن؟,حرير العناكب
ح,حضارة قديمة وقوية ظهرت في الأناضول واكتشفت سر صهر الحديد واستخدامه في الأسلحة قديماً؟,حيثيون
ح,بقايا وآثار كائنات حية قديمة كديناصورات انقرضت وحُفظت هياكلها داخل الصخور لملايين السنين؟,حفريات
ح,حالة نفسية وعاطفية يشعر فيها الإنسان بالانكسار والاكتئاب نتيجة فقدان عزيز أو خيبة أمل كبرى؟,حزن
ح,أضخم حيوان عاش على وجه الأرض عبر التاريخ ويمتلك قلباً بحجم سيارة صغيرة وعروقاً تسبح فيها؟,حوت أزرق
ح,صراع سياسي وعسكري واستخباراتي غير مباشر استمر لعقود بين الولايات المتحدة والاتحاد السوفيتي؟,حرب باردة
ح,جهاز إلكتروني متطور يعالج البيانات بسرعات فائقة ويستخدم نظام العد الثنائي (الصفر والواحد)؟,حاسوب
ح,عضو في الجهاز التنفسي للإنسان يحتوي على الأحبال الصوتية المعقدة والمسؤولة عن إصدار الكلام؟,حنجرة
خ,مرض وراثي خطير يصيب الدم ويجعل خلايا الدم الحمراء تأخذ شكل الهلال وتفقد مرونتها في الشرايين؟,خلايا منجلية
خ,عالم مسلم عبقري أسس علم الجبر واخترع الصفر ونظام الأرقام المستخدم عالمياً حتى اليوم؟,خوارزمي
خ,ظاهرة فلكية تحدث عندما تقع الأرض بين الشمس والقمر فتحجب نور الشمس عنه وتجعله مظلماً؟,خسوف
خ,خيوط رفيعة وقوية جداً تستخدم في الطب لخياطة الجروح العميقة وربط الأنسجة المقطوعة ليلتئم اللحم؟,خيوط جراحية
خ,مادة صلبة وتاريخية تصنع من الطين المحروق بدرجات حرارة عالية وتستخدم في صناعة التحف البديعة؟,خزف
خ,حيوان ثديي وبرمائي غريب جداً يعيش في أستراليا، يمتلك منقاراً كالبط ويضع البيض ولا يلد؟,خلد الماء
خ,خط وهمي أفقي يحيط بالكرة الأرضية ويقسمها نصفين متساويين وتكون درجة الحرارة عنده مرتفعة دائماً؟,خط الاستواء
خ,الخلايا الحساسة التي تنقل الإشارات الكهربائية والمعلومات بين الدماغ وأعضاء الجسم بسرعة فائقة؟,خلايا عصبية
خ,ممارسة سحرية وفلسفية قديمة سعت واهمة لتحويل المعادن الرخيصة كالرصاص إلى ذهب خالص؟,خيمياء
د,نظام حكم سياسي يعتمد على الشورى وصناديق الاقتراع حيث يختار الشعب من يمثله ويحكمه بحرية؟,ديمقراطية
د,فيلسوف ورياضي فرنسي وضع أسس الهندسة التحليلية وصاحب المقولة الخالدة "أنا أفكر إذن أنا موجود"؟,ديكارت
د,ناقل عصبي كيميائي يفرزه الدماغ ويسمى "هرمون السعادة" ويرتبط ارتباطاً وثيقاً بالشعور بالمكافأة والإنجاز؟,دوبامين
د,أضخم الزواحف المنقرضة والمفترسة التي سيطرت على الأرض لملايين السنين قبل أن يمحيها نيزك هائل؟,ديناصورات
د,سائل أحمر لزج، الحياة بدونه مستحيلة، يمتلك فصائل ولا يمتلك قبائل، ويضخه القلب بلا توقف؟,دم
د,فن وحنكة إدارة العلاقات الدولية والمفاوضات المعقدة بين الدول لحل النزاعات بطرق سلمية وراقية؟,دبلوماسية
د,نظام حكم فردي وقمعي تتركز فيه كل السلطات بيد شخص واحد أو طغمة عسكرية ولا يسمح بوجود معارضة؟,دكتاتورية
د,كائن بحري ثديي، شديد الذكاء والمرح، ينقذ الغرقى أحياناً ويعتبر من أقرب وأوفى أصدقاء الإنسان في البحر؟,دولفين
د,الوثيقة القانونية والأساسية العليا التي تنظم شكل الدولة وصلاحيات سلطاتها وحقوق مواطنيها فوق كل قانون؟,دستور
ذ,فرع متقدم من علوم الحاسب يهدف لبرمجة الآلات لتحاكي التفكير والاستنتاج البشري وتتعلم من تلقاء نفسها؟,ذكاء اصطناعي
ذ,أصغر وحدة بناء أساسية في المادة، وإذا انشطرت داخل المفاعلات ولدت طاقة هائلة قادرة على تدمير مدن كاملة؟,ذرة
ذ,مرض واضطراب عقلي شديد ومزمن يفصل المريض عن الواقع ويجعله يعيش في هلاوس وأوهام مخيفة لا وجود لها؟,ذهان
ذ,حيوان مفترس وماكر يشبه الكلب، يعيش في قطعان ويعوي ليلاً للتواصل، ويُضرب به المثل في الغدر والشراسة؟,ذئب
ذ,أشياء ومواقف من الماضي لا يمكنك لمسها بيدك ولكن يمكنك الشعور بها وبكائها أحياناً في زوايا عقلك؟,ذكريات
ذ,القدرة العقلية الفائقة والفطرية على الاستيعاب السريع والتحليل وربط المعلومات المعقدة وإيجاد الحلول العبقرية؟,ذكاء
ذ,معدن نفيس وأصيل لا يصدأ ولا يتأكسد، لونه أصفر براق، ويعتبر الملاذ الآمن للاقتصاد العالمي في وقت الأزمات؟,ذهب
ذ,الطرف الخلفي المتدلي من جسم بعض الحيوانات كالقطط والخيول، ويستخدم غالباً للحفاظ على التوازن أثناء الركض؟,ذيل
ذ,حشرة إفريقية خطيرة وصغيرة جداً تنقل طفيليات مميتة تسبب مرض النوم القاتل للإنسان والمواشي؟,ذبابة تسي تسي
ر,آلة ميكانيكية أو إلكترونية ذكية جداً، مبرمجة للقيام بمهام معقدة ودقيقة وخطرة بدلاً من التدخل البشري؟,روبوت
ر,مقياس علمي ولوغاريتمي دولي ومفتوح، يستخدم حول العالم لقياس وتسجيل قوة وشدة الهزات الأرضية والزلازل؟,ريختر
ر,جهاز عسكري ومدني يستخدم موجات الراديو لتحديد موقع وسرعة ومسار الأجسام البعيدة كالطائرات والسفن بدقة؟,رادار
ر,القطعة المعدنية القاتلة والمنطلقة بسرعة أسرع من الصوت من فوهة البندقية أو المسدس عند الضغط على الزناد؟,رصاصة
ر,تقنية تصوير طبي متطورة ودقيقة تستخدم مجالات مغناطيسية قوية لتكوين صور تفصيلية لأعضاء الجسم الداخلية؟,رنين مغناطيسي
ر,العضو الإسفنجي والمرن في الصدر والذي يمتلئ بالهواء النقي لاستخلاص الأكسجين وطرد ثاني أكسيد الكربون؟,رئة
ر,الفترة الزمنية الطاهرة والمهمة التي تولى فيها الأنبياء والرسل تبليغ دعوة الله للبشر وهدايتهم لطريق الحق؟,رسالة
ر,أسطورة كرة القدم البرتغالي الذي يمتلك أعلى عدد من الأهداف الرسمية في تاريخ الساحرة المستديرة ومحبوب الملايين؟,رونالدو
ز,عنصر كيميائي شديد السمية والخطورة، لا لون له ولا طعم، واشتهر تاريخياً باستخدامه المظلم في الاغتيالات السياسية؟,زرنيخ
ز,المعابد المدرجة والهرمية الشاهقة التي بناها السومريون والبابليون في بلاد الرافدين للتقرب من آلهتهم في السماء؟,زقورة
ز,ثاني أكبر كواكب المجموعة الشمسية الغازية ويشتهر بجمال حلقاته المضيئة والضخمة التي تدور حوله باستمرار؟,زحل
ز,المعدن العجيب والوحيد الذي يكون في حالة سائلة في درجة حرارة الغرفة العادية ويستخدم بدقة في موازين الحرارة؟,زئبق
ز,كارثة طبيعية مرعبة ومفاجئة تحدث نتيجة تحرك الصفائح التكتونية في باطن الأرض وتسبب اهتزازاً وتدميراً للمباني؟,زلزال
ز,أطول حيوان بري عاشب على وجه الأرض، يتميز برقبته الشاهقة ونمط البقع الفريد على جلده كالبصمة التي لا تتكرر؟,زرافة
ز,حجر كريم نفيس وقاسٍ جداً يتميز بلونه الأخضر الساحر والعميق، وكان يفضله الفراعنة والملوك في تزيين تيجانهم؟,زمرد
ز,شجرة مباركة ومعمرة أقسم الله بها في القرآن الكريم، وتشتهر بلاد الشام بإنتاج أجود أنواع زيتها المفيد والصحي؟,زيتون
س,فيلسوف إغريقي كلاسيكي عظيم أُجبر على تجرع كأس السم بسبب أفكاره التنويرية التي أغضبت الحكام والكهنة؟,سقراط
س,تقنية بحرية متطورة جداً تستخدم انتشار وانعكاس الموجات الصوتية تحت الماء لكشف الغواصات ورسم خرائط القاع؟,سونار
س,مقطوعة موسيقية كلاسيكية طويلة ومؤلفة خصيصاً لتعزفها فرقة الأوركسترا الكاملة بانسجام وتناغم تام وتسمى؟,سمفونية
س,عنصر شبه موصل وحيوي يعتبر حجر الأساس الأول في صناعة الرقائق الإلكترونية والكمبيوترات الحديثة حول العالم؟,سيليكون
س,وحدة قياس فلكية هائلة جداً تمثل المسافة التي يقطعها الضوء في الفراغ خلال مدة سنة أرضية كاملة بلا توقف؟,سنة ضوئية
س,العلم الأكاديمي والتطبيقي المتخصص في دراسة السلوك البشري الدقيق والعمليات العقلية ودوافع وردود أفعال الإنسان؟,سيكولوجيا
س,المادة الكيميائية أو البيولوجية القاتلة والمدمرة التي تفرزها بعض الأفاعي والحيوانات كوسيلة سريعة للدفاع عن نفسها؟,سم
س,سلاح أبيض قاطع وحاد جداً، له أسماء وتوصيفات كثيرة عند العرب في أشعارهم كـ "المهند" و "الفيصل" و "الحسام"؟,سيف
س,مركبة فضائية ضخمة أو بحرية عملاقة جداً، تمخر عباب الفضاء المظلم أو المحيطات العميقة لاستكشاف المجهول وأسراره؟,سفينة
ش,نظام سياسي واقتصادي شمولي ومتشدد يهدف لإلغاء الملكية الخاصة تماماً وإقامة مجتمع موحد بلا طبقات اجتماعية؟,شيوعية
ش,أكبر وأهم وعاء دموي في جسم الإنسان قاطبة، ينقل الدم النقي والمؤكسج بقوة من القلب إلى كافة أجزاء وأعضاء الجسم؟,شريان أورطي
ش,البيانات والمعلومات الكيميائية المخزنة في الحمض النووي والتي تحدد بدقة كافة صفات الكائن الحي وتنتقل بالوراثة؟,شفرة وراثية
ش,الطبقة العصبية الحساسة جداً للضوء والمبطنة للجزء الخلفي من العين، وتعمل كفيلم الكاميرا لنقل الصور للدماغ فوراً؟,شبكية
ش,هياكل كلسية بحرية خلابة تبنيها الكائنات الدقيقة وتعتبر بيئة حاضنة وملاذاً لربع الأسماك وتتأثر سلباً بالاحتباس الحراري؟,شعب مرجانية
ش,صخرة فضائية صغيرة تحترق وتتوهج بقوة وجمال ساحر عند دخولها الغلاف الجوي للأرض وتسمى شعبياً بالنجم الهاوي؟,شهاب
ش,معركة صامتة وعميقة بين جيشين أبيض وأسود، تعتمد على الذكاء والتخطيط، وتنتهي بموت الملك دون إراقة قطرة دم واحدة؟,شطرنج
ش,نجم قزم أصفر وملتهب في مركز مجموعتنا، يمد الأرض بالحرارة والحياة، وبدون أشعته تتجمد كوكبنا في أيام معدودة؟,شمس
ش,شريحة معدنية رقيقة وحادة جداً، تستخدم قديماً للحلاقة وفي الطب الشرعي والجراحة الدقيقة، ويضرب بها المثل في الحدة؟,شفرة
ص,النزاع والمواجهة العنيفة والمستمرة بين طرفين أو دولتين للسيطرة المطلقة على الأراضي أو الموارد والنفوذ السياسي؟,صراع
ص,القطاع الاقتصادي الحيوي والحديث المهتم بتحويل ومعالجة المواد الخام الطبيعية إلى منتجات نهائية مفيدة باستخدام الآلات؟,صناعة
ص,المركبات الأسطوانية المندفعة بقوة نارية هائلة نحو الفضاء الخارجي، أو المستخدمة كأسلحة تدميرية ذكية عابرة للقارات؟,صواريخ
ص,ظاهرة فيزيائية صوتية مبهرة وممتعة تتمثل في ارتداد وعودة الموجات الصوتية بعد اصطدامها بحاجز صلب وعال كالجبال؟,صدى
ض,قوة دفع الدم على جدران الأوعية الدموية أثناء دورانه، ويعتبر ارتفاعه المستمر مرضاً خطيراً يلقب طبياً بـ "القاتل الصامت"؟,ضغط الدم
ض,الحيوان البري القبيح والمكروه، يصدر صوتاً غريباً يشبه الضحك الماكر، ويقتات غالباً على الجيف وبقايا صيد الأسود؟,ضبع
ض,المصطلح الطبي الدقيق الذي يشير إلى تراجع ونقص وانكماش في حجم العضلات أو الأعضاء بسبب قلة الاستخدام أو سوء التغذية؟,ضمور
ض,الغيوم الكثيفة والمنخفضة جداً التي تلامس سطح الأرض وتعيق الرؤية الأفقية بشكل خطير للمسافرين وتكثر في الصباح الباكر؟,ضباب
ط,المصادر الطبيعية للطاقة التي تتجدد باستمرار ولا تنفد بمرور الزمن كالشمس والرياح وتعتبر صديقة ومسالمة للبيئة؟,طاقة متجددة
ط,الكائنات الحية الدقيقة التي تعيش وتتطفل على أو داخل كائن حي آخر وتتغذى منه مسببة له الأمراض والضعف والهزال؟,طفيليات
ط,تغير مفاجئ ودائم في التسلسل الجيني للحمض النووي للكائن الحي، قد يؤدي لظهور صفات جديدة ومختلفة وعجيبة تماماً؟,طفرة
ط,الطاقة النظيفة المستمدة والمحولة مباشرة من إشعاعات الشمس الساطعة باستخدام ألواح سوداء وزرقاء خاصة لتوليد الكهرباء؟,طاقة شمسية
ط,المركبة الجوية المتقدمة والحديثة التي يتم التحكم فيها عن بعد (بدون كابتن) وتستخدم في التصوير الجوي والأغراض العسكرية؟,طائرة مسيرة
ظ,الغياب التام للضوء وانعدام الرؤية في الأماكن المغلقة، ويضرب به المثل الأدبي في الجهل وغياب العقل والتنوير عن المجتمعات؟,ظلام
ظ,ظاهرة فلكية ربانية تحدث عندما يمر القمر في خط مستقيم بين الشمس والأرض فيحجب ضوء الشمس عنا بالكامل أو جزئياً وتسمى؟,ظاهرة الكسوف
ظ,حدث طبيعي وعلمي غير معتاد ومثير للدهشة يمكن ملاحظته ودراسته كالشفق القطبي أو انكسار الضوء فيزيائياً ويسمى في العلوم؟,ظاهرة
ظ,النسيج الخلوي والحيوي المرن الذي يغطي الأسطح الخارجية للجسم كالجلد ويبطن التجاويف الداخلية لحمايتها وإفراز المواد الضرورية؟,ظهارة
ع,المدينة العريقة التي بناها العباسيون بشكل دائري مذهل وأصبحت عاصمة الخلافة ومركزاً للعلوم والترجمة في العصر الذهبي للإسلام؟,بغداد
ع,ظاهرة سياسية واقتصادية حديثة وقوية تعني تداخل اقتصادات وثقافات العالم لتصبح كقرية واحدة صغيرة ومفتوحة الحدود للجميع؟,عولمة
ع,الحقبة التاريخية والثقافية العظيمة التي بدأت في إيطاليا وانتقلت لأوروبا ومثلت الانتقال الإبداعي من العصور الوسطى للعصر الحديث؟,عصر النهضة
ع,العدسات الطبية الرقيقة والشفافة جداً التي توضع مباشرة على قرنية العين لتصحيح النظر وتعتبر كبديل مريح وعملي للنظارات الطبية؟,عدسات لاصقة
ع,الإمبراطورية الإسلامية الكبرى والمهيبة التي امتدت أراضيها في ثلاث قارات وحكمت لقرون واتخذت من إسطنبول عاصمة أبدية وقوية لها؟,عثمانية
ع,العضلة الحيوية النابضة والقوية التي تضخ الدم النقي باستمرار إلى جميع أنحاء الجسم ولا تتوقف عن العمل لثانية واحدة طوال عمرك؟,عضلة القلب
ع,الخيوط الحريرية والهندسية الدقيقة جداً التي ينسجها مهندس بارع ذو ثمانية أرجل لاصطياد فرائسه، وضرب بها المثل القرآني في الوهن والضعف؟,عنكبوت
غ,المركبات الغازية المتجمعة في الغلاف الجوي مثل الميثان وثاني أكسيد الكربون التي تمتص الحرارة بشدة وتسبب مشكلة الاحتباس الحراري للكوكب؟,غازات دفيئة
غ,السفن الحربية أو الاستكشافية المتطورة والسرية والقادرة على البقاء تحت سطح المحيطات العميقة لأشهر متواصلة دون أن يكتشفها رادار العدو؟,غواصات
غ,الغدة الصماء والمهمة جداً التي تقع في مقدمة الرقبة وتشبه الفراشة، وتتحكم بشكل أساسي في عمليات الأيض واستهلاك الطاقة في جسمك؟,غدة درقية
غ,حالة طبية خطيرة وحرجة يفقد فيها المريض الوعي لفترة طويلة جداً ولا يستجيب لأي مؤثرات خارجية نتيجة إصابة دماغية أو صدمة صحية؟,غيبوبة
غ,الطيور ذات اللون الأسود الفاحم والذكاء الحاد والمدهش التي بعثها الله سبحانه لتعلم الإنسان الأول كيف يواري ويدفن موتاه تحت الثرى؟,غربان
ف,الكائنات الدقيقة والطُفيلية الممرضة التي لا يمكنها التكاثر أبداً إلا داخل خلايا كائن حي آخر، وتتسبب في انتشار أمراض وأوبئة خطيرة جداً؟,فيروسات
ف,مرض عقلي ونفسي شديد ومزمن يجعل المريض يفسر الواقع بشكل غير طبيعي ويعاني من هلاوس سمعية وبصرية وانفصال عن الواقع ويسمى؟,فصام
ف,فرع متقدم ومعقد جداً من الفيزياء الحديثة يدرس سلوك الجسيمات دون الذرية كالإلكترونات بخصائصها العجيبة والمزدوجة (الموجية والجسيمية)؟,فيزياء الكم
ف,المركبات العضوية الحيوية والمهمة جداً للنمو والمناعة، ونقص أحدها (كـ سي) يسبب أمراضاً خطيرة كالاسقربوط وتسمى مجتمعة بـ الـ؟,فيتامينات
ف,أضخم الكائنات الحية العشبية التي تسير على اليابسة، تمتلك ذاكرة مذهلة لا تنسى، وأنياباً من العاج الثمين الذي يعرضها لخطر الصيد الجائر؟,فيلة
ق,السلاح الإشعاعي الأكثر تدميراً ورعباً في تاريخ البشرية، والذي استخدم مرتين فقط في اليابان وأنهى الحرب العالمية الثانية بمأساة؟,قنبلة ذرية
ق,النظرية الفيزيائية العظيمة والمعقدة التي وضعها أينشتاين والتي غيرت مفهوم البشرية تماماً عن انحناء الزمان والمكان وقوة الجاذبية؟,قانون النسبية
ق,نظام برمجي متطور جداً لتخزين وتنظيم وإدارة كميات هائلة ومترابطة من المعلومات بحيث يسهل البحث عنها واسترجاعها في أجزاء من الثانية؟,قواعد بيانات
ق,الممر المائي الصناعي والاستراتيجي الأهم في مصر، والذي يربط بين البحر الأحمر والمتوسط واختصر طريق التجارة العالمية بشكل هائل؟,قناة السويس
ق,الكوكب الصخري المنير في السماء ليلاً، والذي لا يمتلك نوراً ذاتياً أبداً بل يعكس نور الشمس القوي ليسهر العشاق والمفكرون على ضوئه؟,قمر
ك,المجلس التشريعي والبرلماني الأعلى والأقوى في الولايات المتحدة الأمريكية، ويتكون من مجلسي الشيوخ والنواب وهو من يشرع القوانين؟,كونغرس
ك,مركب كيميائي ودهني في الدم، ضروري لبناء الخلايا ولكن ارتفاعه المفرط وسوء تغذيتك يؤدي لتصلب وانسداد الشرايين وحدوث الجلطات؟,كوليسترول
ك,فرع من الكيمياء الواسعة يهتم بدراسة بنية وخصائص وتفاعلات المركبات التي تحتوي بشكل أساسي على عنصر الكربون وتعتبر أساس الحياة؟,كيمياء عضوية
ك,بيض سمك الحفش المالح والمستخرج بصعوبة من المياه الباردة، والذي يعتبر من أغلى وأفخم أنواع الأطعمة والمقبلات على موائد الأثرياء في العالم؟,كافيار
ل,العنصر الكيميائي الخفيف جداً والذي أحدث ثورة كبرى في عالم التكنولوجيا لكونه المكون الأساسي والأهم في بطاريات الهواتف والسيارات الكهربائية؟,ليثيوم
ل,اللوحة الفنية الأشهر والأغلى والأكثر غموضاً في العالم، رسمها ليوناردو دافنشي، وتشتهر بابتسامتها الغامضة ونظراتها التي تلاحقك أينما وقفت؟,لوحة الموناليزا
ل,المستحضر البيولوجي والطبي المضعف الذي يعطى للإنسان لإكسابه مناعة مكتسبة وقوية ضد مرض معدٍ معين وتجنب الإصابة به والعدوى مستقبلاً؟,لقاح
م,النظرية الفلسفية والاقتصادية الراديكالية التي أسسها مفكر ألماني ودعت لثورة العمال وإسقاط الرأسمالية الجشعة لبناء مجتمع شيوعي بلا طبقات؟,ماركسية
م,المجرة الحلزونية الهائلة الدوران التي نعيش بداخلها وتضم مجموعتنا الشمسية ومئات المليارات من النجوم وتظهر في سماء الليل الصافية كشريط أبيض؟,مجرة درب التبانة
م,العلم الأكاديمي والتطبيقي الدقيق الذي يهتم بدراسة الكائنات الحية الدقيقة كالبكتيريا والفطريات وتأثيرها الطبي والصناعي ويسمى علم الـ؟,ميكروبيولوجي
م,المنشأة الصناعية والعلمية الضخمة والمحصنة المصممة للتحكم في الانشطارات الذرية لإنتاج طاقة هائلة تستخدم سلمياً لتوليد الكهرباء للمدن الكبرى؟,مفاعل نووي
ن,النظرية البيولوجية المثيرة للجدل والشهيرة التي افترضها داروين حول آلية التطور والانتقاء الطبيعي للكائنات الحية عبر ملايين السنين من الصراع؟,نظرية التطور
ن,الجائزة العالمية الأرقى والأشهر على الإطلاق، والتي تمنح سنوياً للعلماء والمفكرين في احتفال مهيب في مجالات السلام والفيزياء والكيمياء والأدب؟,نوبل
ن,الجسيم الفضائي الصخري الصلب الذي يخترق الغلاف الجوي للأرض ولا يحترق بالكامل بل ينجو ليرتطم بسطح الأرض بقوة مسبباً فوهات عملاقة؟,نيزك
ن,المركز الكثيف جداً والصغير والموجب الشحنة في قلب الذرة، والذي يحتوي على البروتونات والنيوترونات وتتركز فيه بشكل عجيب معظم كتلة الذرة ووزنها؟,نواة
هـ,التقنية الحيوية المتقدمة التي تتضمن التلاعب وتعديل الجينات في الحمض النووي لإنتاج صفات جديدة كاستنساخ الحيوانات وتحسين المحاصيل الزراعية؟,هندسة وراثية
هـ,البروتين الحيوي الغني بالحديد والموجود بكثرة في خلايا الدم الحمراء والمسؤول عن الارتباط بالأكسجين ونقله بفاعلية من الرئتين لجميع الأنسجة؟,هيموغلوبين
هـ,مادة كيميائية ورسول حيوي تفرزها الغدد الصماء مباشرة في مجرى الدم لتنظيم وظائف وعمليات فسيولوجية محددة في الجسم كالنمو والمزاج والحرق؟,هرمون
و,المرض المعدي وشديد الخطورة وسريع الانتشار الذي يعبر الحدود الجغرافية ليصيب أعداداً هائلة من البشر في قارات مختلفة في نفس الوقت ككورونا؟,وباء عالمي
و,انتقال الصفات البيولوجية والجسمانية والطباع الدقيقة من الآباء إلى الأبناء عبر الأجيال المتعاقبة بواسطة الجينات والحمض النووي ويسمى علم الـ؟,وراثة
و,الخداع البصري المذهل الذي يتلاعب بنظام الرؤية والدماغ البشري ليجعله يرى الأشياء أو الأبعاد أو الألوان المتحركة على غير حقيقتها المادية الثابتة؟,وهم بصري
ي,الديانة السماوية التوحيدية القديمة التي نزلت شريعتها على النبي موسى عليه السلام في جبل الطور بسيناء وكتابها المقدس هو التوراة؟,يهودية
ي,المنظمة الدولية والثقافية التابعة للأمم المتحدة والتي تهدف لإحلال السلام من خلال التعاون الدولي في التعليم وحماية مواقع التراث العالمي والتاريخي؟,يونسكو
ي,القائد العسكري والديكتاتور الروماني الأعظم والداهية الذي أسقط الجمهورية وتولى السلطة المطلقة واغتيل لاحقاً بخيانة طعناً بالخناجر في مجلس الشيوخ؟,يوليوس قيصر
ي,الصباغ الطبيعي والأخضر الموجود بكثافة في أوراق النباتات والمسؤول الأول عن امتصاص طاقة الشمس الساطعة وإتمام عملية البناء الضوئي ويسمى؟,يخضور
أ,ابن أمك وابن أبيك وليس أختك ولا أخاك فمن يكون؟,أنت
أ,له رقبة طويلة ولكنه لا يمتلك رأساً فما هو؟,إبريق
أ,لها عين واحدة ومع ذلك لا يمكنها الرؤية أبداً فما هي؟,إبرة
أ,أخو عمك وليس عمك فمن هو؟,أبوك
أ,أنا بداية النهاية ونهاية الزمان والمكان، فمن أنا؟,ألف
أ,عضو يمتلكه الإنسان وإذا حذفت الحرف الأول صار أداة للشرط؟,أنف
أ,كوكب نعيش عليه ويعتبر بيتنا الوحيد ويبدأ بحرف الألف؟,أرض
أ,يتحرك دائماً ولا تراه وإذا غاب عنك لدقائق تموت؟,أكسجين
أ,شخص يرى عدوه وصديقه ونفسه بعين واحدة فقط فمن هو؟,أعور
أ,لون ناري إذا مزجته مع اللون الأصفر أعطاك لوناً برتقالياً؟,أحمر
ب,مدينة حمراء أسوارها خضراء وسكانها سود فما هي؟,بطيخة
ب,له ضفاف ولا يابسة فيه وله أمواج ولا رياح فيه؟,بحر
ب,يفتح لك الأبواب والأماكن ولكنه لا يملك يدين ولا أقدام؟,باب
ب,طائر بحري يمتلك كيساً أو جراباً تحت منقاره لتخزين الصيد؟,بجع
ب,يبكيك دون أن يؤذيك أو حتى يلمسك فما هو؟,بصل
ب,مؤسسة تنقل رسائلك حول العالم وتعتمد على طابع صغير؟,بريد
ب,شيء يجب كسره وتدمير جداره الخارجي قبل استخدامه؟,بيضة
ب,أداة تمتلك إبرة ولا تخيط وتعرف طريقها دائماً دون أن ترى؟,بوصلة
ب,مكان مظلم وبارد يحفظ الأسرار تحت الأرض وفي داخله ماء؟,بئر
ب,منزل عربي أصيل بلا أبواب ولا نوافذ ولا يمكن دخوله؟,بيت الشعر
ت,شيء ندرسه ونتعلمه من الماضي ولكنه يصنع أحداث المستقبل؟,تاريخ
ت,صانعه لا يريده ومشتريه لا يستخدمه ومستخدمه لا يراه أبداً؟,تابوت
ت,شيء إذا أطعمته عاش وأنبت وإذا أسقيته كثيراً غرق ومات؟,تربة
ت,فاكهة شهيرة سقطت من شجرة فغيرت مجرى العلوم والفيزياء؟,تفاح
ت,صندوق سحري يعرض لك العالم وأنت جالس في غرفتك؟,تلفاز
ت,شيء يملكه كل شخص وكلما كبر في العمر زادت قيمته على الأوراق؟,توقيع
ت,تمثال ضخم في نيويورك يرمز لفك القيود ويبدأ بحرف التاء؟,تمثال الحرية
ت,وسيلة نقل سياحية تتكون من مقصورة معلقة بحبل في الهواء؟,تلفريك
ت,شيء تلبسه في رأسك ليزيدك هيبة ووقاراً كالملوك والأمراء؟,تاج
ت,زاحف ضخم يبكي عندما يأكل فريسته ويضرب به المثل في الكذب؟,تمساح
ث,نبات ذو رائحة نفاذة يستخدم لإضافة نكهة قوية جداً للطعام؟,ثوم
ث,حيوان يضرب به المثل في المكر والخداع في القصص الشعبية؟,ثعلب
ث,وحش فضائي يبتلع كل شيء حتى الضوء لا يستطيع الهرب منه؟,ثقب أسود
ث,شيء داخله أبرد من خارجه ويحفظ طعامك من الفساد؟,ثلاجة
ث,يولد في المرتفعات والبرودة وإذا عاد للنار مات وذاب؟,ثلج
ث,وحدة زمنية تمر كرمشة عين ولكنها قد تغير مجرى سباق كامل؟,ثانية
ث,مجموعة مصابيح فاخرة معلقة في سقف القصور تضيء المكان؟,ثريا
ث,لباس ترتديه ليقيك من البرد والحر ويستر جسدك بين الناس؟,ثوب
ث,حيوان قوي وهائج يستخدم قديماً في حراثة الأرض وصراع الساحات؟,ثور
ث,زاحف سام وطويل لا يمتلك أطرافاً ويتحرك بالانزلاق الصامت؟,ثعبان
ج,يتكلم بلا لسان ويبكي بلا عينين وتسمعه في المدارس والمنازل؟,جرس
ج,أسوأ رفيق سفر لا يتركك أبداً حتى تطعمه وإذا طال أهلكك؟,جوع
ج,شيء إذا نام أصبح أسوداً كالليل وإذا استيقظ أصبح أحمراً متوهجاً؟,جمر
ج,يُلقب بسفينة الصحراء ويخزن طعامه ودهونه في سنامه لأيام؟,جمل
ج,أقدامه متجذرة في الأرض ورأسه العالي يعانق السحاب؟,جبل
ج,نبات برتقالي اللون ينمو تحت الأرض ويقوي حاسة البصر؟,جزر
ج,يربط بين ضفتين ويقف فوق النهر ولكنه لا يبتل بالماء أبداً؟,جسر
ج,حشرة تطير في أسراب ضخمة وتقضي على المحاصيل الخضراء كلياً؟,جراد
ج,النار الشديدة والمكان الذي يعاقب فيه المذنبون على أفعالهم؟,جحيم
ج,الغطاء الرقيق الذي يرمش باستمرار ليحمي عينيك من الغبار؟,جفن
ح,له لسان ولكنه لا يتكلم وله نعل ولكنه لا يمشي لوحده أبداً؟,حذاء
ح,شيء غريب ومحفور كلما أخذت منه كبر واتسع وكلما أضفت له صغر؟,حفرة
ح,سائل يسري في عروق الأقلام ليحفظ أفكار البشر على الورق؟,حبر
ح,قصة تعيشها وتراها وعيناك مغلقتان وتختفي فور أن تفتحهما؟,حلم
ح,قطعة معدنية مقوسة توضع في أقدام الخيول لحمايتها من الصخور؟,حدوة
ح,أضخم كائن حي يعيش على كوكب الأرض ولسانه يزن كالفيل؟,حوت
ح,كائن بطيء يحمل بيته فوق ظهره أينما ذهب ويترك أثراً فضياً؟,حلزون
ح,مكان واسع مليء بالأشجار والزهور يذهب إليه الناس للتنزه؟,حديقة
ح,أداة مصنوعة من ألياف مجدولة وقوية تستخدم للربط والسحب والتسلق؟,حبل
ح,شيء صلب وقاسٍ يتطاير منه الشرر عند ضربه ببعضه بقوة؟,حجر
خ,الثديي الوحيد القادر على الطيران وينام معلقاً من قدميه للأسفل؟,خفاش
خ,شيء يجعلك تسافر لأماكن خيالية دون أن تتحرك من مكانك؟,خيال
خ,ليس له بداية ولا نهاية ويُلبس في الإصبع كرمز للارتباط الأبدي؟,خاتم
خ,فصل تتساقط فيه الأقنعة وتتعرى الأشجار من أوراقها لتستعد للبرد؟,خريف
خ,تمتلك مدناً بلا بيوت وأنهاراً بلا ماء وغابات بلا أشجار فما هي؟,خريطة
خ,مادة صلبة تؤخذ من جذوع الأشجار وتطفو على الماء ولا تغرق؟,خشب
خ,طعام أساسي يُصنع من الدقيق والماء ويُخبز بالنار ويؤكل يومياً؟,خبز
خ,خيط دقيق جداً يستخدم مع الإبرة لجمع قطع القماش ببعضها؟,خيط
خ,خضار ورقي لونه أخضر ومقرمش ويأكله الأرنب بكثرة غير الجزر؟,خس
خ,مكان عميق يُحفر حول القلاع والمدن لحمايتها من هجوم الأعداء؟,خندق
د,يولد من النار ولكنه يموت في الهواء ويخنق من يتنفسه فما هو؟,دخان
د,عضو في جسمك لا يشعر بالألم أبداً رغم أنه المركز الذي يترجم كل الألم؟,دماغ
د,يمتلك رأساً معدنياً ولا يمتلك عيناً ويستخدم لجمع الأوراق وتثبيتها؟,دبوس
د,سائل أحمر لزج، الحياة بدونه مستحيلة ويمتلك فصائل متعددة؟,دم
د,سلاح دفاعي قديم يحمله المقاتل لحماية صدره من طعنات السيوف؟,درع
د,لا تستطيع الوقوف بمفردها أبداً وتعتمد على التوازن والحركة لتسير؟,دراجة
د,عملة خضراء تعتبر الأقوى والأكثر تداولاً في الاقتصاد العالمي المعاصر؟,دولار
د,طائر داجن يمتلك عرفاً أحمراً ويوقظ الناس كل صباح بصياحه؟,ديك
د,حيوان ضخم ومفترس يغطيه الفرو الكثيف ويحب أكل العسل بشراهة؟,دب
د,قطرات مالحة تفيض وتتساقط من العين عند الحزن أو الفرح الشديد؟,دموع
ذ,أشياء من الماضي لا تلمسها بيدك ولكن تشعر بها وتبكيك أحياناً؟,ذكريات
ذ,معدن نفيس يختبر بالنار ولا يصدأ أو يتغير لونه تحت التراب؟,ذهب
ذ,حيوان يعوي في الليل ويصطاد في قطعان ويضرب به المثل في الغدر؟,ذئب
ذ,حشرة صغيرة تطير وتزعج الناس وتنقل الأمراض وذكرت في تحدٍ قرآني؟,ذبابة
ذ,أصغر جزء في المادة وإذا انشطرت ولدت طاقة هائلة تمحو مدناً؟,ذرة
ذ,شيء يمتلكه الكلب والقطة للتوازن ويفقده الإنسان في مراحل نموه؟,ذيل
ذ,جزء بارز أسفل الوجه ينبت فيه الشعر للرجال ويمسك للتركيز؟,ذقن
ذ,القدرة العقلية الفائقة والفطرية على الاستيعاب وحل المشكلات بسرعة؟,ذكاء
ذ,النبات الأصفر ذو الحبوب المتراصة الذي يستخرج منه الفشار اللذيذ؟,ذرة
ذ,الاحساس بالرعب الشديد والفزع المفاجئ الذي يشل الحركة يسمى؟,ذعر
ر,يصرخ بقوة في السماء ولا حنجرة له ويأتي دائماً بعد وميض النور؟,رعد
ر,تنقل الكلمات والمشاعر دون أن تنطق بحرف وكانت تنقل بالحمام؟,رسالة
ر,عضو إسفنجي في صدرك يمتلئ بالهواء ليفلتر الأكسجين ويمنحك الحياة؟,رئة
ر,ما يتبقى من الأشياء والمواد بعد أن تأكلها النيران وتحولها لتراب؟,رماد
ر,يتحدث لغات العالم ويغني لك ولا يمتلك فماً ولا روحاً فما هو؟,راديو
ر,فاكهة ذكرت في القرآن بذورها كالياقوت الأحمر وتلبس تاجاً على رأسها؟,رمان
ر,شعيرات صغيرة تقف كحراس على أبواب العين لتحميها من الأوساخ؟,رمش
ر,المادة الذهبية والناعمة التي تغطي الصحاري الشاسعة وشواطئ البحار؟,رمل
ر,طائر يغطي جسده شيء ناعم وملون وخفيف يساعده على الطيران والتحليق؟,ريش
ر,مفصل قوي ودائري يربط بين الفخذ والساق في قدم الإنسان فما هو؟,ركبة
ز,حيوان صوته لا يُسمع ورقبته تصل لأعالي الشجر وتنام عيونه دقائق؟,زرافة
ز,يصنع من الرمل ويشف عما بداخله وإذا سقط تحطم لقطع حادة وخطيرة؟,زجاج
ز,غضب الأرض الذي يهز الجبال ويسقط المباني العالية دون سابق إنذار؟,زلزال
ز,المعدن العجيب والوحيد الذي يكون في حالة سائلة ويستخدم في موازين الحرارة؟,زئبق
ز,شجرة أقسم الله بها في كتابه زيتها مضيء وصحي وثمرها مفيد؟,زيتون
ز,ضيف ثقيل يزورك في الشتاء يسد أنفك ويجعلك تعطس وترتجف؟,زكام
ز,حجر كريم لونه أخضر ساحر وعميق كان يفضله الفراعنة والملوك؟,زمرد
ز,شيء صغير جداً تخيطه في القمصان لتربط أطرافها وتغلقها ببعض؟,زر
ز,الممر الضيق جداً والداخلي بين البيوت القديمة والمتقاربة يسمى؟,زقاق
ز,نبات عشبي عطري يخلط بالسمسم والزيت ويؤكل كفطور شهير في الشام؟,زعتر
س,شيء إذا احتفظت به كان لك وحدك وإذا شاركته مع غيرك فقدته للأبد؟,سر
س,تمتلك عقارب ولا تلسع وتمتلك أرقاماً ولا تحسب فما هي؟,ساعة
س,تراه من بعيد في الصحراء كأنه بحر متلألئ وإذا اقتربت منه اختفى؟,سراب
س,سلاح أبيض قاطع ولامع له أسماء كثيرة عند العرب كالمهند والفيصل؟,سيف
س,جبال بيضاء معلقة في السماء تحمل الماء ولا تسقط إلا بأمر ربها؟,سحاب
س,شيء يصعد وينزل ويأخذك للأعلى دون أن يتحرك خطوة واحدة من مكانه؟,سلم
س,كائن يحمل منزله فوق ظهره وعمره قد يتجاوز مائة عام ومشهور بالبطء؟,سلحفاة
س,وحش مائي مفترس يمتلك فكاً مرعباً وحاسة شم قوية جداً لقطرات الدم؟,سمك القرش
س,مكان مظلم ومغلق يقضي فيه المذنبون والمخالفون للقانون عقوبتهم؟,سجن
س,قطعة أثاث مريحة نلجأ إليها كل ليلة بعد التعب لنغط في نوم عميق؟,سرير
ش,شيء يراقبك طوال النهار ويختفي في الليل وبدونه تتجمد كوكب الأرض؟,شمس
ش,شيء كلما طال عمره قصر طوله ويبكي ويذوب لكي يضيء للآخرين؟,شمعة
ش,معركة صامتة بين جيشين تنتهي بموت الملك دون إراقة قطرة دم واحدة؟,شطرنج
ش,شيء مليء بالثقوب والفراغات ولكنه يستطيع اصطياد الأسماك والاحتفاظ بها؟,شبكة
ش,تمتلك جذوراً ولا تأكل وتمتلك فروعاً ولا تعانق وتتعرى ملابسها في الخريف؟,شجرة
ش,أديب إنجليزي عظيم كتب روميو وجولييت ولا زالت مسرحياته حية؟,شكسبير
ش,أوراق مجففة إذا وضعتها في الماء المغلي غيرت لونه ومزاجه ومزاجك؟,شاي
ش,الجزء اللحمي البارز والخارجي الذي يحيط بالفم ويغطي الأسنان؟,شفة
ش,الوعاء الدموي النابض والسميك الذي ينقل الدم النقي من القلب للجسم؟,شريان
ش,نصف المباراة في رياضة كرة القدم ومدته 45 دقيقة كاملة يسمى؟,شوط
ص,يتحدث بلا فم ويسمع بلا أذن ويرد عليك بما تقوله بالضبط في الجبال؟,صدى
ص,طائر جارح مهيب يتميز بحدة البصر الفائقة والانقضاض السريع على فريسته؟,صقر
ص,شيء غريب إذا نطقت باسمه وتحدثت كسرته وأنهيت وجوده في المكان؟,صمت
ص,شيء يخشاه الرجال يبدأ بتساقط خفي وينتهي بساحة لامعة فوق الرأس؟,صلع
ص,شيء يقل حجمه كلما نظف غيره من الأوساخ وينتج فقاعات طائرة؟,صابون
ص,يمكنك وضع أموالك فيه لحفظها وإذا فقدت مفتاحه أصبح بلا فائدة مؤقتاً؟,صندوق
ص,بحر من الرمال بلا قطرة ماء تعيش فيه الجمال والصبار والنباتات الشوكية؟,صحراء
ص,الجزء الأمامي من جذع الإنسان والذي يحوي داخله القلب والرئتين؟,صدر
ص,كتلة حجرية صلبة وقاسية من قشرة الأرض تتشكل بفعل العوامل الطبيعية؟,صخرة
ص,الشهر الذي يمتنع فيه المسلمون إرادياً عن الطعام والشراب من الفجر للمغرب؟,صيام
ض,أسرع مسافر في الكون يقطع ملايين الكيلومترات في ثوانٍ معدودة ليصل لعينك؟,ضوء
ض,كائن برمائي يتنفس من جلده ويبدأ حياته في الماء كسمكة صغيرة تسمى شرغوف؟,ضفدع
ض,حيوان بري قبيح المنظر يصدر صوتاً يشبه الضحك الماكر ويأكل الجيف؟,ضبع
ض,جندي صلب وعريض في نهاية فمك مهمته طحن الطعام القاسي قبل بلعه؟,ضرس
ض,غيوم بيضاء هبطت من السماء لتمشي على الأرض وتخفي معالم الطريق؟,ضباب
ض,عهد وورقة يعطيها لك البائع لتطمئن أن سلعتك ستعمل وإلا سيتم استبدالها؟,ضمان
ض,شخص يطرق بابك تكرمه في اليوم الأول والثاني وتمل منه في الثالث؟,ضيف
ض,ركلة عقابية ومباشرة تنفذ من نقطة تبعد 11 متراً عن المرمى في كرة القدم؟,ضربة جزاء
ض,طريقة لجدل وربط خصلات الشعر الطويلة للبنات لتجميلها وترتيبها؟,ضفيرة
ض,جانبا النهر أو الوادي اللذان يحصران المياه المتدفقة بينهما يطلق عليهما؟,ضفاف
ط,طائر معدني عملاق يشرب الوقود ويحلق فوق السحاب ويحمل المئات في بطنه؟,طائرة
ط,طائر مغرور يلبس تاجاً ويفرد ذيلاً كالمروحة بألوان ساحرة تخطف الأبصار؟,طاووس
ط,شخص يدرس لسنوات طويلة في الجامعة ليتعلم كيف يداوي جراح الناس؟,طبيب
ط,تمتلك أربع أرجل ولكنها لا تستطيع المشي ونجلس حولها لتناول الطعام؟,طاولة
ط,مزيج من تراب وماء خُلق منه الإنسان الأول ويصنع منه الفخار والأواني؟,طين
ط,مرض مميت وبكتيري اجتاح العالم في العصور الوسطى وأطلق عليه الموت الأسود؟,طاعون
ط,أصابع بيضاء وملونة تأكل نفسها لتترك وراءها العلم والمعرفة على السبورة قديماً؟,طباشير
ط,الآلة الموسيقية الإيقاعية والمجوفة التي نضرب عليها بالعصي لإصدار الصوت؟,طبل
ط,النبات الأحمر الذي يضاف للسلطات بكثرة ويعتبر علمياً من فصيلة الفواكه؟,طماطم
ط,بطاقة حمراء يرفعها الحكم بوجه اللاعب لإنهاء تواجده في الملعب تعني؟,طرد
ظ,يرافقك في النور ويتركك في الظلام وكلما كانت الشمس منخفضة أصبح هو أطول؟,ظل
ظ,صندوق ورقي صغير يبتلع الرسائل والأسرار ويحفظها حتى تصل لصاحبها؟,ظرف
ظ,شيء كلما زاد في الغرفة قلّت قدرتك على الرؤية ولا يُطرد إلا بوجود النور؟,ظلام
ظ,حيوان رشيق وجميل جداً له قرون جذابة تغنى به الشعراء العرب كثيراً بجمال عينيه؟,ظبي
ظ,درع صلب خلقه الله لحماية أطراف أصابعك ويطول باستمرار وتحتاج لقصه بانتظام؟,ظفر
ظ,حدث فلكي أو طبيعي غريب وغير معتاد ككسوف الشمس أو الشفق القطبي ويسمى؟,ظاهرة
ظ,شخص يأخذ حقوق غيره بالقوة ولا يعدل ودعوة المظلوم عليه ليس بينها وبين الله حجاب؟,ظالم
ظ,الجزء الخلفي من جسم الإنسان الممتد من أسفل العنق إلى الخصر ويحتوي العمود الفقري؟,ظهر
ظ,الشعور القاسي والشديد بالحاجة لشرب الماء وجفاف الحلق بعد العطش الطويل يسمى؟,ظمأ
ظ,وقت منتصف النهار واشتداد حرارة الشمس العمودية وتوسطها في كبد السماء يسمى وقت الـ؟,ظهيرة
ع,مهندس بارع ينسج بيتاً هندسياً لاصطياد فرائسه وضرب به المثل القرآني في وهن البيوت؟,عنكبوت
ع,نافذة الروح تراقب العالم وتبكي عندما يحزن القلب وتنام عندما تتعب وتغمض جفونها؟,عين
ع,حشرة سامة وخطيرة جداً تحمل سلاحها القاتل في ذيلها المرفوع وتعيش في الصحاري؟,عقرب
ع,كنز الإنسان الذي يميزه عن الحيوانات والجمادات مكانه في الرأس ولا يمكن رؤيته بالعين؟,عقل
ع,اختراع دائري وبسيط غير مجرى التاريخ البشري وسهل وسائل النقل والصناعة بشكل هائل؟,عجلة
ع,سائل حلو المذاق وشفاء للناس تنتجه النحلة المجتهدة من امتصاص رحيق الأزهار؟,عسل
ع,طائر صغير الحجم يغرد بصوت جميل ويبني عشه الصغير والمتقن على أغصان الأشجار؟,عصفور
ع,الجزء الصلب الداخلي الأبيض الذي يشكل هيكل جسم الإنسان والحيوان ويدعمه للحركة؟,عظم
ع,سائل ذو رائحة طيبة وجميلة يستخرج من الزهور والمواد العضوية ليستخدم للتعطر والتجمل؟,عطر
ع,آلة موسيقية وترية شرقية شهيرة تصنع من الخشب وتشبه ثمرة الكمثرى في شكلها؟,عود
غ,شيء لا يأتيك أبداً لأنك كلما وصلته وتجاوزت الليل أصبح اسمه اليوم فما هو؟,غد
غ,قطع قطنية بيضاء أو رمادية تسبح في السماء لتحجب الشمس وتحمل الخير والماء للأرض؟,غيوم
غ,مدينة الأشجار الكثيفة والحيوانات البرية المتنوعة وتعتبر رئة كوكب الأرض لإنتاجها الأكسجين؟,غابة
غ,سفينة حديدية وعسكرية عملاقة تتنفس تحت الماء وتغوص في أعماق المحيطات بمهارة وتخفي؟,غواصة
غ,حيوان بري سريع ورشيق جداً عيونه الواسعة مضرب للمثل في الجمال عند الشعراء العرب؟,غزال
غ,طائر أسود اللون ذكي جداً بعثه الله ليعلم الإنسان الأول (قابيل) كيف يواري ويدفن موتاه؟,غراب
غ,مساحة مغلقة لها أربعة جدران وسقف وتعتبر مكانك الآمن والخاص للراحة والنوم في المنزل؟,غرفة
غ,النزول والسباحة وحبس الأنفاس تحت سطح الماء للبحث عن اللؤلؤ أو الاستكشاف أو الترفيه؟,غوص
غ,الشيء الصلب أو البلاستيكي الذي يوضع فوق الأوعية والأشياء لحمايتها أو إغلاقها بإحكام تام؟,غطاء
غ,انفعال شديد وحالة نفسية سلبية ناتجة عن الانزعاج أو التعرض للأذى ويؤدي لسرعة دقات القلب؟,غضب
ف,له أجنحة كثيرة ولكنه لا يطير أبداً ويستقبل المسافرين للراحة والنوم بمقابل مادي؟,فندق
ف,تجويف يحوي جنوداً بيضاً (الأسنان) وسجاداً أحمراً (اللسان) ولا يغلق عند التحدث؟,فم
ف,حشرة بديعة الألوان بدأت حياتها كدودة زاحفة لتنتهي بأجنحة ساحرة تتنقل بين الأزهار؟,فراشة
ف,محيط مظلم ولا نهائي لا ينتقل فيه الصوت أبداً وتسبح فيه الكواكب والمجرات بلا توقف؟,فضاء
ف,أضخم حيوان يعيش على اليابسة حالياً يمتلك خرطوماً طويلاً كاليد وأنياباً من عاج ثمين؟,فيل
ف,حجر أسود ومسامي يستخرج من باطن الأرض أشعل الثورة الصناعية ويستخدم للشواء والتدفئة؟,فحم
ف,أداة حديدية قديمة وقوية لها مقبض خشبي أسقطت الغابات وقطعت أصلب جذوع الأشجار؟,فأس
ف,حيوان مفترس منقّط من فصيلة القطط يعتبر أسرع حيوان بري يركض على وجه كوكب الأرض؟,فهد
ف,الفاكهة الحمراء الصغيرة واللذيذة جداً التي تقع بذورها بشكل غريب على قشرتها الخارجية؟,فراولة
ف,اللباس النسائي الأنيق والمزخرف الذي يغطي الجسم من الكتفين حتى الساقين ويلبس بالمناسبات؟,فستان
ق,كوكب صخري منير في السماء ليلاً لا يمتلك نوراً ذاتياً بل يسرق نوره من الشمس ليعكسه لنا؟,قمر
ق,يبكي حبراً أزرقاً ليترك وراءه الكلمات والأفكار على الورق ويعتبر سلاحاً أقوى من السيف؟,قلم
ق,حارس معدني وفيّ وقاسٍ لا يسمح لأحد بالدخول وفتح الباب إلا لمن يمتلك مفتاحه السري؟,قفل
ق,يمتلك أضلاعاً خشبية ولا يمتلك لحماً ويسير ويطفو على سطح الماء دون أن يغرق؟,قارب
ق,سفاح المحيطات المفترس الذي يشم قطرة الدم بمرعب من مسافات بعيدة جداً وله زعانف حادة؟,قرش
ق,أفعى حديدية عملاقة تزحف مسرعة على قضبان مسطحة وتبتلع مئات الركاب يومياً للتنقل؟,قطار
ق,مضخة حيوية لا تتوقف عن العمل منذ ولادتك وحتى وفاتك ويرمز لها دائماً بالحب والمشاعر؟,قلب
ق,الحصن الدفاعي المنيع والعالي المحاط بالأسوار والذي يبنى في المرتفعات لحماية المدن قديماً؟,قلعة
ق,الحيوان الذكي والمشاغب الذي يتسلق الأشجار بمهارة ويشتهر بتقليد حركات الإنسان وأكل الموز؟,قرد
ق,المدينة العربية العريقة والمزدحمة التي هي عاصمة مصر وتلقب تاريخياً بمدينة الألف مئذنة؟,قاهرة
ك,يمتلك أوراقاً وما هو بشجرة وله جلد وما هو بحيوان يغذي العقول ويحفظ تاريخ وأفكار البشر؟,كتاب
ك,فم صخري مظلم ومخيف في الجبل سكنه الإنسان الحجري قديماً هرباً من الحيوانات والبرد؟,كهف
ك,عين زجاجية وتقنية تغمض لثانية واحدة لتجمد اللحظة وتحفظها للأبد في صورة تذكارية؟,كاميرا
ك,إناء يمتلئ بالماء ولكنه لا يشرب ونرفعه عالياً جداً ومصنوعاً من الذهب عند الانتصار في البطولات؟,كأس
ك,حيوان يضرب به المثل في الوفاء المطلق لصاحبه ويستخدم في الحراسة والرعي والبحث الجنائي؟,كلب
ك,عود خشبي صغير رأسه سريع الاشتعال ويموت ويصبح رماداً بمجرد أن يؤدي وظيفته لمرة واحدة؟,كبريت
ك,حيوان جرابي أسترالي شهير يتنقل بالقفز المستمر ويحمل طفله في كيس آمن أسفل بطنه؟,كنغر
ك,قطعة أثاث أساسية مصممة للجلوس عليها ولها مسند للظهر وأربعة أرجل وتوجد في كل منزل؟,كرسي
ك,المفصل القوي والعريض الذي يربط بين الذراع والجذع في أعلى جسم الإنسان ويتحمل الأوزان؟,كتف
ك,أموال ومجوهرات وذهب ثمين مخبأ تحت الأرض أو في قاع البحر ويبحث عنه القراصنة في الأساطير؟,كنز
ل,قطعة لحم وردية لا عظم فيها داخل فمك لكنها قادرة على كسر القلوب أو جبر الخواطر بكلماتها؟,لسان
ل,حجر كريم كروي وناعم يتكون داخل محار البحر استجابة لدخول حبة رمل مزعجة ويستخرج بغوص؟,لؤلؤ
ل,ثمرة صفراء مجعدة طعمها حامض جداً وتعتبر كنزاً لفيتامين سي وتضاف للطعام والمنعشات؟,ليمون
ل,قماش أبيض ومشدود وفارغ يحوله الرسام بفرشاته وألوانه إلى تحفة فنية تباع بملايين الدولارات؟,لوحة
ل,ستار أسود يسدله الله على الأرض لترتاح الكائنات وتنام العيون المجهدة وتظهر فيه النجوم؟,ليل
ل,شعاع ضوئي مركز جداً وشديد الحرارة والدقة يستخدم في العمليات الجراحية المتقدمة للعين؟,ليزر
ل,السؤال المحير والغامض والمصاغ بذكاء والذي يحتاج لتفكير عميق لاكتشاف حله وإجابته الصحيحة؟,لغز
ل,النشاط الترفيهي الممتع الذي يقوم به الأطفال والمراهقون في الساحات بغرض التسلية والمرح؟,لعب
ل,الشخص الذي يكسر القانون ويسرق ممتلكات وأموال الآخرين خفية وبدون وجه حق في الظلام يسمى؟,لص
ل,النسيج العضلي المأخوذ من الحيوانات والذي يتناوله الإنسان كغذاء أساسي غني بالبروتين والطاقة؟,لحم
م,أداة تتكون من شفرتين متقاطعتين لا يفترقان يفتحان ويغلقان كالفم لقص وتمزيق الأقمشة والورق؟,مقص
م,تنظر إليها فتخبرك بالحقيقة دون أن تنطق وتعكس صورتك وملامحك كما هي بلا أي تجميل؟,مرآة
م,جندي معدني صغير يمتلك رأساً مسطحاً ويتلقى الضربات المبرحة ليجمع الأخشاب ببعضها بقوة؟,مسمار
م,ساحة المعركة القانونية والرسمية التي يتواجه فيها المحامون ويفصل فيها القاضي بالعدل والدليل؟,محكمة
م,سائل شفاف لا لون له ولا طعم ولا رائحة ومع ذلك هو سر الحياة وثلثي مساحة كوكب الأرض؟,ماء
م,مسطح أخضر مستطيل ومحاط بالجماهير الغفيرة يشهد صراعات كروية تنتهي بالفوز أو الهزيمة؟,ملعب
م,آلة زمن حقيقية ومبنى تدخله لتعود مئات السنين للوراء وترى آثار وحضارات الأجداد المحفوظة؟,متحف
م,القطرات المتساقطة من الغيوم الملبدة في السماء إلى سطح الأرض لتروي الزرع وتغسل الشوارع وتسمى؟,مطر
م,أداة معدنية صغيرة بأسنان بارزة ومختلفة تستخدم لفتح الأقفال والأبواب المغلقة للبيوت والسيارات؟,مفتاح
م,العضو الرئيسي والحساس المحمي في الدماغ داخل الجمجمة والمسؤول عن التفكير والذاكرة والحركة؟,مخ
ن,تتغذى على الأخشاب لتكبر وتتوهج وتضيء وإذا سقيتها بالماء بكثرة ماتت واختنقت بالدخان فوراً؟,نار
ن,مصابيح فضائية مشتعلة وبعيدة جداً تزين السماء ليلاً وترشد المسافرين التائهين في الصحراء والبحار؟,نجوم
ن,جيش منظم جداً من الحشرات يبني قلاعاً سداسية هندسية وينتج علاجاً حلواً ولذيذاً للناس؟,نحل
ن,أضخم الطيور على الأرض يركض بسرعة سيارة ويدفن رأسه في الرمل عند الخوف في القصص الشعبية؟,نعام
ن,نافذتان زجاجيتان وإطار يوضعان أمام العينين لتصحيح عيوب الرؤية وجعل الصورة واضحة للمريض؟,نظارة
ن,عين الغرفة المربعة التي تطل على الشارع تسمح للضوء والهواء بالدخول دون أن تتحرك من جدارها؟,نافذة
ن,ملك الطيور الجارحة يتميز بالهيبة والقوة والانقضاض السريع ويتخذ شعاراً لدول وجيوش كثيرة؟,نسر
ن,مجرى مائي طبيعي واسع وطويل من المياه العذبة يتدفق على اليابسة باستمرار ويصب في البحر؟,نهر
ن,حالة الراحة الطبيعية والاسترخاء التي يفقد فيها الإنسان الوعي مؤقتاً ليلاً لاستعادة طاقته ونشاطه؟,نوم
ن,الحيوان المفترس والشرس من فصيلة القطط الكبيرة الذي يتميز بجلده المخطط بالأصفر والأسود؟,نمر
هـ,جهاز سحري صغير تضعه في جيبك يربطك بالعالم كله صوتاً وصورة في ثوانٍ معدودة أينما كنت؟,هاتف
هـ,جبل صناعي وهندسي من الحجارة العملاقة بناه الفراعنة كقبور لملوكهم وخلد ذكرهم لآلاف السنين؟,هرم
هـ,طائر ذكي جداً وجميل كان سبباً في إسلام مملكة كاملة بعد أن طار ونقل الأخبار للنبي سليمان؟,هدهد
هـ,يحيط بك من كل جانب وتتنفسه في كل ثانية لتعيش ومع ذلك لا يمكنك رؤيته أو الإمساك به بيدك؟,هواء
هـ,السقالات والدعامات الداخلية والمخفية التي تعطي لجسمك شكله المنتصب وتحمي أعضائك الحساسة؟,هيكل عظمي
هـ,حالة من السكون التام والسكينة المريحة التي تسقط وتهرب بمجرد أن يفتح أحدهم فمه ليتكلم بصوت؟,هدوء
هـ,الشكل الأول والمقوس الذي يتخذه القمر في بداية الشهر العربي ويعتبر رمزاً إسلامياً لدخول رمضان؟,هلال
هـ,الفرار والركض بسرعة فائقة للابتعاد عن خطر داهم أو موقف مخيف أو سجن للنجاة بالنفس يسمى؟,هروب
هـ,الخسارة المؤلمة في المباراة أو المعركة وعدم القدرة على تحقيق النصر والتفوق على الخصم المباشر؟,هزيمة
هـ,الخط المتقدم والشرس في الفريق الكروي ومهمته الأساسية تسجيل الأهداف واختراق دفاع الخصم؟,هجوم
و,أثمن كنز يمتلكه الإنسان لا يمكن إيقافه أو إرجاعه وكل لحظة تمر منه تموت وتختفي للأبد؟,وقت
و,نباتات رقيقة ذات روائح عطرة تتزين بالألوان الجذابة وتتسلح بالأشواك وتعتبر لغة العشاق الصامتة؟,ورد
و,شاشة العرض الرئيسية لمشاعرك يقرأ الناس من خلال ملامحه فرحك وحزنك وغضبك بوضوح تام؟,وجه
و,صديقتك اللينة والمحشوة بالقطن التي تحضن رأسك المتعب كل ليلة وترافقك في أحلامك السعيدة؟,وسادة
و,رقائق بيضاء مسطحة ومرنة تصنع من لحاء الشجر وتستخدم لطباعة الكتب وحفظ التاريخ والأسرار؟,ورق
و,دابة برية ضخمة جداً ومهددة بالانقراض تمتلك درعاً سميكاً وتحمل قرناً واحداً صلباً في مقدمة أنفها؟,وحيد القرن
و,القوة التي تشدك نحو الأرض بفضل الجاذبية وتزداد أرقامها في الميزان كلما أسرفت في تناول الطعام؟,وزن
و,المنطقة الخضراء الخصبة والمليئة بالحياة التي توجد في وسط الصحراء القاحلة وتحتوي على عيون ماء؟,واحة
و,المكان والمحل المجهز بالمعدات والآلات الثقيلة والمخصص لتصليح السيارات أو أداء الأعمال الحرفية؟,ورشة
و,الكلمات واللحظات الأخيرة القاسية التي تسبق فراق الأحبة وتتخللها الدموع والأحضان والمشاعر؟,وداع
ي,دولة جزرية في شرق آسيا تسمى بلاد الشمس المشرقة وتعتبر موطن الأنمي والتطور التكنولوجي المذهل؟,يابان
ي,حجر كريم صلب جداً ومرتفع الثمن يتميز بلونه الأحمر القاني الساحر ويستخدم في ترصيع التيجان؟,ياقوت
ي,أداة بشرية معجزة تنتهي بخمسة أصابع مرنة تبني المدن الشاهقة وتعزف الألحان وتكتب القصائد؟,يد
ي,زهرة بيضاء رقيقة جداً رائحتها فواحة وعطرة وتشتهر بها شوارع وبيوت العاصمة السورية دمشق؟,ياسمين
ي,نبي كريم ألقاه إخوته في بئر مظلم ثم بيع كعبد بثمن بخس لينتهي به المطاف عزيزاً وحاكماً لمصر؟,يوسف
ي,الاتجاه المبارك والميمون الذي حث النبي صلى الله عليه وسلم على البدء به في الأكل والمصافحة؟,يمين
ي,قصر عائم وفخم وصغير على سطح البحر يمتلكه الأثرياء للرحلات البحرية الفارهة والاحتفالات الخاصة؟,يخت
ي,دودة صغيرة ولطيفة تأكل الأوراق الخضراء بنهم لتنام في شرنقة حريرية وتستيقظ كفراشة جميلة؟,يرقة
ي,نبي كريم وصابر ابيضت عيناه من شدة الحزن والأسى والبكاء على فراق ابنه المحبب والمقرب لقلبه؟,يعقوب
ي,فترة زمنية مقسمة لـ 24 ساعة وتبدأ من طلوع الفجر إلى شروق شمس الصباح التالي ويحسب بها العمر؟,يوم
أ,أول البشر وأبو الأنبياء الذي خلقه الله من طين بيده؟,آدم
أ,أعظم سورة في القرآن الكريم وتسمى أم الكتاب والسبع المثاني؟,الفاتحة
أ,أولى غزوات النبي محمد صلى الله عليه وسلم ضد قريش تسمى غزوة الـ؟,أبواء
أ,المَلَك الموكل بالنفخ في الصور يوم القيامة لبعث الخلائق؟,إسرافيل
أ,عالم ألماني شهير وصاحب النظرية النسبية التي غيرت علوم الفيزياء؟,أينشتاين
أ,الغاز الذي نتنفسه ويعتبر أساس الحياة والبقاء على كوكب الأرض؟,أكسجين
أ,قارة تقع في النصف الجنوبي من الكرة الأرضية وتشتهر بحيوان الكنغر؟,أستراليا
أ,مخترع المصباح الكهربائي الذي أضاء العالم بعد مئات التجارب الفاشلة؟,إديسون
أ,أكبر قارات العالم من حيث المساحة وعدد السكان وتضم الصين والهند؟,آسيا
أ,معدن شفاف يعتبر من أصلب المواد الطبيعية على الأرض ويستخدم في المجوهرات؟,ألماس
ب,الغزوة الكبرى الأولى في الإسلام والتي وقعت في شهر رمضان المبارك؟,بدر
ب,الصحابي الجليل صاحب الصوت الندي والذي كان أول مؤذن في الإسلام؟,بلال بن رباح
ب,أطول سورة في القرآن الكريم وتحتوي على أعظم آية وهي آية الكرسي؟,البقرة
ب,المدينة التي تعتبر عاصمة دولة فرنسا وتشتهر ببرج إيفل عالمياً؟,باريس
ب,دولة أمريكية جنوبية تشتهر بسحر كرة القدم وغابات الأمازون الشاسعة؟,برازيل
ب,مضاد حيوي شهير أحدث ثورة طبية واكتشفه العالم ألكسندر فليمنج صدفة؟,بنسلين
ب,أول وأشهر عملة رقمية مشفرة ظهرت في العالم وأحدثت ثورة مالية؟,بيتكوين
ب,طائر يعيش في المناطق القطبية الباردة ويجيد السباحة ولا يستطيع الطيران؟,بطريق
ب,المال الذي يأخذه المسلمون من أعدائهم بعد الانتصار في المعركة يسمى؟,بشائر
ب,حيوان ثديي أسود وأبيض يعيش في الصين ويأكل أوراق الخيزران بشراهة؟,باندا
ت,الغزوة التي تخلف عنها الثلاثة الذين تاب الله عليهم وذكروا في القرآن؟,تبوك
ت,الكتاب السماوي العظيم الذي أنزل على النبي موسى عليه السلام؟,توراة
ت,رخصة بديلة للوضوء عند انعدام الماء ويستخدم فيها التراب الطاهر؟,تيمم
ت,مدينة ودولة في نفس الوقت تعتبر الحد الفاصل والوصل بين قارتي آسيا وأوروبا؟,تركيا
ت,جهاز بصري دقيق يستخدم لرؤية الأجرام السماوية والنجوم والكواكب البعيدة؟,تلسكوب
ت,زاحف برمائي مفترس يمتلك فكاً قوياً جداً ويبكي دمعاً عند افتراس ضحيته؟,تمساح
ت,فاكهة شهيرة يقال أنها سقطت على رأس نيوتن فألهمته باكتشاف قانون الجاذبية؟,تفاحة
ت,دولة آسيوية سياحية عاصمتها بانكوك وتشتهر بجزرها الخلابة وغاباتها؟,تايلاند
ت,جهاز كهربائي أساسي ينقل الصوت والصورة للمشاهدين في كل منازل العالم؟,تلفاز
ت,علم يدرس أحداث الماضي وحضارات الأمم السابقة لأخذ العبرة واستشراف المستقبل؟,تاريخ
ث,قوم أرسل الله إليهم النبي صالح عليه السلام فعقروا الناقة فأهلكهم؟,ثمود
ث,الغار الذي اختبأ فيه النبي محمد وأبو بكر الصديق أثناء الهجرة للمدينة؟,ثور
ث,الكسر الحسابي الذي يمثل جزءاً واحداً من أصل ثلاثة أجزاء متساوية؟,ثلث
ث,الصحابي الجليل الذي كان خطيب الرسول صلى الله عليه وسلم وبشره بالجنة؟,ثابت بن قيس
ث,حيوان بري يضرب به المثل دائماً في المكر والدهاء والمراوغة في الحكايات؟,ثعلب
ث,جهاز كهربائي أساسي يستخدم لتبريد وحفظ الأطعمة والمشروبات في المنزل؟,ثلاجة
ث,زاحف سام وطويل ينسلخ من جلده باستمرار ولا يمتلك أطرافاً للمشي؟,ثعبان
ث,الحالة الفيزيائية الصلبة للماء عندما تنخفض درجة حرارته تحت الصفر المئوي؟,ثلج
ث,الرقم الفردي الذي يلي الرقم سبعة ويسبق الرقم تسعة في العد؟,ثمانية
ث,فجوة فضائية مرعبة ذات جاذبية هائلة تبتلع كل ما يقترب منها حتى الضوء؟,ثقب أسود
ج,الملك الكريم الموكل بنزول الوحي من الله على جميع الأنبياء والرسل؟,جبريل
ج,المكان المليء بالنعيم الدائم الذي أعده الله للمؤمنين المتقين في الدار الآخرة؟,جنة
ج,اليوم المبارك الذي تقام فيه الصلاة الأسبوعية العظمى للمسلمين وفيه ساعة استجابة؟,جمعة
ج,مؤسس وقائد الدولة المغولية وأحد أعنف القادة العسكريين في تاريخ البشرية؟,جنكيز خان
ج,قوة فيزيائية خفية تمنعنا من الطفو في الهواء وتجذب كل شيء نحو الأرض؟,جاذبية
ج,دولة عربية أفريقية كبرى يطلق عليها تاريخياً لقب بلد المليون ونصف المليون شهيد؟,جزائر
ج,تضاريس أرضية طبيعية مرتفعة جداً ولها قمم صخرية عالية وتثبت الأرض؟,جبال
ج,نبات جذري لونه برتقالي يشتهر شعبياً بأنه يقوي حاسة البصر لدى الإنسان؟,جزر
ج,حيوان صحراوي أليف وصبور يلقب بسفينة الصحراء لقدرته على تحمل العطش؟,جمل
ج,عظم مقوس وصلب يغطي ويحمي دماغ الإنسان الحساس داخل الرأس؟,جمجمة
ح,الركن الخامس من أركان الإسلام والمفروض مرة في العمر لمن استطاع إليه سبيلاً؟,حج
ح,الغار الذي كان يتعبد فيه النبي صلى الله عليه وسلم قبل نزول الوحي عليه؟,حراء
ح,الصحابي الشجاع وعم الرسول الذي لُقب بأسد الله وسيد الشهداء في معركة أحد؟,حمزة بن عبد المطلب
ح,أضخم كائن حي ثديي يعيش على وجه الأرض وفي المحيطات العميقة؟,حوت
ح,جهاز إلكتروني يعالج البيانات ويحل العمليات الحسابية المعقدة بلمح البصر؟,حاسوب
ح,معدن قوي وصلب جداً يستخدم بكثرة في البناء والصناعة والسيارات؟,حديد
ح,حيوان أصيل وسريع يضرب به المثل في الجمال ويستخدم في الفروسية والسباقات؟,حصان
ح,طائر وديع وأليف يرمز للسلام في كل العالم ويحمل غصن زيتون بمنقاره؟,حمامة
ح,مكان عام وواسع مليء بالأشجار والزهور يذهب إليه الناس للجلوس والتنزه؟,حديقة
ح,سائل ملون يوضع داخل الأقلام والطابعات لطباعة الكلمات على الورق؟,حبر
خ,أول زوجات النبي محمد صلى الله عليه وسلم وأول من آمنت به وصدقته من النساء؟,خديجة بنت خويلد
خ,الغزوة الشهيرة التي حفر فيها المسلمون خندقاً لحماية المدينة المنورة من المشركين؟,خندق
خ,الصحابي الجليل والقائد العسكري الفذ الذي لُقب بسيف الله المسلول؟,خالد بن الوليد
خ,اللقب الذي يطلق على الحاكم الذي يتولى أمور المسلمين بعد وفاة النبي؟,خليفة
خ,طائر ثديي عجيب ينشط ليلاً وينام معلقاً من قدميه للأسفل في الكهوف؟,خفاش
خ,رسم ورقي أو رقمي يوضح تضاريس الأرض وحدود الدول وتفاصيل المدن؟,خريطة
خ,مادة صلبة ومهمة تستخرج من جذوع الأشجار وتستخدم بكثرة لصناعة الأثاث والورق؟,خشب
خ,فصل من فصول السنة الأربعة تتساقط فيه أوراق الأشجار وتصفر استعداداً للشتاء؟,خريف
خ,حيوان بري ضخم جداً يمتلك قرناً واحداً على أنفه ويسمى بوحيد القرن أو؟,خرتيت
خ,غذاء يومي أساسي يصنع من عجن الدقيق والماء ويخبز في الفرن الساخن؟,خبز
د,النبي العظيم الذي ألان الله له الحديد وصنع منه الدروع للحماية في المعارك؟,داوود
د,الوثيقة القانونية والسيادية العليا التي تحدد نظام الحكم وتشريعات أي دولة؟,دستور
د,النهر العظيم والتاريخي الذي يمر بالعراق ويلتقي مع نهر الفرات ليشط العرب؟,دجلة
د,سائل أحمر اللون يضخه القلب ويجري في عروق جميع الكائنات الحية ليمدها بالحياة؟,دم
د,عاصمة دولة سوريا وتعتبر من أقدم العواصم المأهولة باستمرار في تاريخ العالم؟,دمشق
د,زواحف مرعبة وعملاقة انقرضت من كوكب الأرض منذ ملايين السنين لسبب غامض؟,ديناصورات
د,العملة الورقية الرسمية والمتداولة في الولايات المتحدة الأمريكية وتتحكم بالاقتصاد؟,دولار
د,كائن بحري ثديي ذكي جداً ومرح يعتبر من أوفى أصدقاء الإنسان في المحيطات؟,دولفين
د,لوح صلب ومعدني كان يحمله المقاتل قديماً في يده لصد ضربات السيوف والسهام؟,درع
د,حيوان مفترس وضخم يغطيه الفرو الكثيف وينام طويلاً بالشتاء ويحب أكل العسل؟,دب
ذ,الشهر الهجري الأخير والمبارك الذي تؤدى فيه فريضة الحج للمسلمين؟,ذو الحجة
ذ,اسم السيف الشهير والمميز للإمام علي بن أبي طالب رضي الله عنه؟,ذو الفقار
ذ,اللقب الذي أطلقه القرآن الكريم على النبي يونس عليه السلام صاحب الحوت؟,ذا النون
ذ,معدن نفيس أصفر اللون لا يصدأ ولا يفقد بريقه أبداً ويستخدم في أغلى المجوهرات؟,ذهب
ذ,حيوان مفترس وماكر يشبه الكلب يعيش في قطعان ويعوي في جوف الليل؟,ذئب
ذ,حشرة طائرة مزعجة تنقل الأمراض وتكثر في فصل الصيف وذكرت في تحدٍ قرآني؟,ذبابة
ذ,الحبوب الزراعية الصفراء اللذيذة التي تستخدم في صناعة الفشار والزيوت النباتية؟,ذرة
ذ,القدرة العقلية الفائقة والفطرية لدى الإنسان على الفهم والاستيعاب والتحليل السريع؟,ذكاء
ذ,الجزء الخلفي المتدلي والمتحرك من جسم بعض الحيوانات كالقطط والخيول للتوازن؟,ذيل
ذ,الأشياء والمواقف والأحداث القديمة التي نحتفظ بها في عقولنا ونسترجعها بين الحين والآخر؟,ذكريات
ر,الشهر الهجري الفضيل الذي أُنزل فيه القرآن الكريم وتُصام فيه أيامه طاعة لله؟,رمضان
ر,الركن الأساسي من أركان الصلاة وفيه ينحني المصلي تعظيماً لله قبل السجود؟,ركوع
ر,الزيادة المالية المحرمة في الدين أو القرض والتي نهى عنها الإسلام وتوعد فاعلها بشدة؟,ربا
ر,اللقب العظيم الذي يطلق على من أوحي إليه بشرع من الله وأُمر بتبليغه للناس؟,رسول
ر,عضو إسفنجي وحيوي في الصدر مسؤول عن تصفية الهواء وعملية التنفس في الجسم؟,رئة
ر,عاصمة دولة إيطاليا العريقة والتي تضم بداخلها دولة الفاتيكان والكولوسيوم الشهير؟,روما
ر,أكبر دولة في العالم من حيث المساحة الجغرافية وتقع ممتدة بين قارتي آسيا وأوروبا؟,روسيا
ر,جهاز تقني دقيق يستخدم الموجات لمعرفة مواقع الطائرات والسفن وسرعتها في الجو والبحر؟,رادار
ر,القطعة المعدنية القاتلة والمنطلقة بسرعة هائلة من فوهة المسدس أو البندقية؟,رصاصة
ر,حبيبات متناهية الصغر وذهبية اللون تغطي مساحات الصحاري الشاسعة وشواطئ البحار؟,رمال
ز,الركن الثالث من أركان الإسلام وهو مقدار مالي حق للفقراء في مال الأغنياء؟,زكاة
ز,الكتاب السماوي العظيم الذي أنزله الله سبحانه وتعالى على النبي داوود عليه السلام؟,زبور
ز,الصحابي الجليل والوحيد الذي شرفه الله بذكر اسمه صراحة في آيات القرآن الكريم؟,زيد بن حارثة
ز,امرأة العزيز التي راودت النبي يوسف عليه السلام عن نفسه وغلقت الأبواب ما اسمها؟,زليخة
ز,بئر ماء مباركة في مكة المكرمة تفجرت تحت قدمي النبي إسماعيل ولا زالت تتدفق للآن؟,زمزم
ز,أطول حيوان بري على وجه الأرض يتميز برقبته الشاهقة ونمط البقع على جلده؟,زرافة
ز,كارثة طبيعية مرعبة تحدث باهتزاز وتكسر مفاجئ في القشرة الأرضية وتسقط المباني؟,زلزال
ز,المعدن العجيب والوحيد الذي يكون في حالة سائلة في درجة الحرارة العادية للغرفة؟,زئبق
ز,مادة شفافة وصلبة وهشة تصنع من تسخين الرمل وتستخدم في النوافذ والأكواب؟,زجاج
ز,نباتات جميلة ذات روائح عطرة ومناظر جذابة تستخدم للزينة والتعبير عن المشاعر في الهدايا؟,زهور
س,الركن الذي يضع فيه المصلي جبهته وأنفه على الأرض خضوعاً وتذللاً لله عز وجل؟,سجود
س,النبي العظيم الذي سخر الله له طاعة الجن وحركة الريح وفهم لغة الطير والنمل؟,سليمان
س,ما يطلق على المقطع والمجموعة المستقلة من الآيات في القرآن الكريم كالفاتحة والبقرة؟,سورة
س,المركبة الخشبية الضخمة التي أمر الله النبي نوح عليه السلام ببنائها للنجاة من الطوفان العظيم؟,سفينة
س,أداة دقيقة تلبس باليد أو تعلق بالجدار وتستخدم لمعرفة الوقت وتنظيم المواعيد اليومية؟,ساعة
س,وسيلة النقل الحديثة والأكثر استخداماً وانتشاراً في شوارع مدن العالم وتعمل بالمحركات؟,سيارة
س,مادة بيضاء بلورية وحلوة المذاق تستخرج من القصب وتضاف للشاي والحلويات؟,سكر
س,سلاح أبيض حاد وطويل استخدم بكثرة في المعارك والمبارزات القديمة قبل اختراع البارود؟,سيف
س,كائن بحري يتنفس بالخياشيم ومغطى بالقشور اللامعة ويعيش ويسبح بمهارة في الماء؟,سمك
س,المياه الجارفة والمدمرة التي تتشكل وتندفع بقوة بعد هطول الأمطار الغزيرة على الجبال؟,سيول
ش,الشهر الهجري الفضيل الذي يسبق شهر رمضان المبارك مباشرة وترفع فيه الأعمال؟,شعبان
ش,الطلب والدعاء الأعظم الذي يطلبه النبي لأمته يوم القيامة لتخفيف العذاب عنهم وتسمى الـ؟,شفاعة
ش,نبي الله الصالح الذي كان ابناً لآدم عليه السلام وتولى النبوة وهداية البشر بعده؟,شيث
ش,اللقب الذي يطلق احتراماً ووقاراً على كبير القوم سناً أو العالم بالدين والفقه في الإسلام؟,شيخ
ش,النجم المركزي الملتهب والمتوهج الذي يمد كوكب الأرض بالضوء والحرارة وأساس الحياة؟,شمس
ش,لعبة لوحية استراتيجية عميقة تعتمد على الذكاء وتلعب بين جيشين أبيض وأسود لقتل الملك؟,شطرنج
ش,مشروب ساخن شهير يصنع من أوراق مجففة ويعتبر المشروب الأكثر استهلاكاً عالمياً بعد الماء؟,شاي
ش,الجهاز الأمني الحكومي المرتدي للزي الرسمي والمسؤول عن حفظ النظام والقبض على المجرمين؟,شرطة
ش,مياه طبيعية تتدفق وتسقط بقوة وجمال من مكان صخري مرتفع في مجرى النهر نحو الأسفل؟,شلال
ش,نبات خشبي ضخم يمتلك جذوعاً وفروعاً وأوراقاً كثيفة ويوفر الظل والثمار للإنسان والحيوان؟,شجرة
ص,الركن الرابع من أركان الإسلام ويؤدى بالامتناع عن المفطرات في نهار شهر رمضان؟,صيام
ص,الجبل المبارك الذي يبدأ منه السعي في مناسك الحج والعمرة وينتهي عند جبل المروة؟,صفا
ص,النبي الكريم الذي أُرسل إلى قوم ثمود وأخرج لهم الناقة العظيمة من الصخرة كمعجزة؟,صالح
ص,اللقب العظيم الذي أطلقه النبي على أبي بكر لتصديقه له في حادثة الإسراء والمعراج؟,صديق
ص,أكبر دولة في قارة آسيا والعالم من حيث عدد السكان وتشتهر بسورها التاريخي العظيم؟,صين
ص,طائر جارح وقوي جداً يضرب به المثل دائماً في حدة البصر وسرعة الانقضاض في الهواء؟,صقر
ص,مادة كيميائية رغوية وعطرة تستخدم مع الماء للنظافة الشخصية وإزالة الأوساخ والدهون؟,صابون
ص,مساحة جغرافية شاسعة وقاحلة تغطيها الكثبان الرملية وتندر فيها المياه والنباتات كلياً؟,صحراء
ص,مركبة فضائية أسطوانية تنطلق بسرعة هائلة نحو الفضاء وتستخدم أحياناً عسكرياً للتدمير؟,صاروخ
ص,نبات أخضر وشوكي يتحمل العطش الشديد وينمو ويزدهر في البيئات الصحراوية الجافة؟,صبار
ض,الوقت المبارك الذي يمتد من بعد شروق الشمس بقليل وحتى قبيل أذان الظهر وتصلى فيه ركعتان؟,ضحى
ض,المسجد الذي بناه المنافقون للإضرار وتفريق المسلمين وأمر النبي أصحابه بهدمه وحرقه؟,ضرار
ض,حيوان برمائي يتنقل بالقفز بمهارة ويصدر صوتاً ليلياً مزعجاً يسمى النقيق بجوار المستنقعات؟,ضفدع
ض,الطاقة الإشعاعية التي تنبعث من الشمس والمصابيح وتساعدنا على الرؤية وتزيل الظلام؟,ضوء
ض,الأسنان الخلفية العريضة والقوية جداً في الفم والتي تستخدم لطحن ومضغ الطعام القاسي؟,ضرس
ض,حيوان مفترس وقبيح يأكل الجيف الميتة ويصدر صوتاً مخيفاً يشبه الضحك الماكر في البرية؟,ضبع
ض,رتبة عسكرية قيادية ومهمة في الجيش أو الشرطة تطلق على الخريجين من الكليات العسكرية؟,ضابط
ض,الغيوم المنخفضة والكثيفة جداً التي تلامس الأرض وتعيق الرؤية الأفقية للمسافرين والسائقين؟,ضباب
ض,الشخص الذي تدعوه وتستقبله في بيتك وتكرمه بأفضل الطعام والشراب إكراماً له؟,ضيف
ض,مبلغ مالي إلزامي ومحدد تفرضه الدولة على السلع والدخل والممتلكات لتمويل خدماتها؟,ضريبة
ط,الجبل العظيم والمقدس الذي كلم الله سبحانه وتعالى عليه النبي موسى عليه السلام؟,طور
ط,العبادة العظيمة التي تتمثل في الدوران والمشي حول الكعبة المشرفة سبعة أشواط متتالية؟,طواف
ط,الملك الصالح والقوي الذي قاد بني إسرائيل لقتال جيش جالوت وانتصر عليه بفضل الله؟,طالوت
ط,القائد المسلم الشجاع الذي فتح الأندلس وسمي المضيق البحري الفاصل بين القارتين باسمه؟,طارق بن زياد
ط,وسيلة نقل جوية سريعة جداً تسافر بين الدول والقارات وتحلق فوق السحاب كالطيور؟,طائرة
ط,الشخص المتخصص والخبير الذي يدرس الطب البشري ويشخص الحالات ويعالج المرضى؟,طبيب
ط,العاصمة اليابانية الحديثة وأكبر مدن العالم من حيث الكثافة السكانية والتطور التكنولوجي؟,طوكيو
ط,نبات أحمر اللون ولذيذ يستخدم بكثرة في السلطات والطبخ ويعتبر علمياً من فصيلة الفواكه؟,طماطم
ط,طائر جميل ومغرور يشتهر بجمال ذيله الملون الكبير الذي يفرده للتباهي كالمروحة الضخمة؟,طاووس
ط,القدرة على إنجاز وبذل شغل في الفيزياء وتأتي بأشكال متعددة حركية وكهربائية وشمسية؟,طاقة
ظ,اليمين المحرم والمنبوذ الذي كان يحرم به الرجل زوجته في الجاهلية قائلاً أنتِ علي كظهر أمي؟,ظهار
ظ,الشيء المعتم الذي يرافقك كنسخة منك في النور ويختفي تماماً إذا دخلت في الظلام؟,ظل
ظ,الصلاة المفروضة والثانية في اليوم التي تؤدى في منتصف النهار وتتكون من أربع ركعات؟,ظهر
ظ,الشخص المعتدي الذي يسلب حقوق الآخرين بالقوة ولا يحكم بالعدل ويستحق العقاب الإلهي؟,ظالم
ظ,حيوان صحراوي رشيق وجميل العينين يعتبر من أسرع وأشهر أنواع الغزلان في الجزيرة العربية؟,ظبي
ظ,انعدام الضوء تماماً وتراكم السواد وعدم القدرة على الرؤية في الأماكن المغلقة أو في الليل؟,ظلام
ظ,المادة الصلبة والقرنية التي تغطي وتحمي أطراف أصابع الإنسان والحيوان ويتم قصها بانتظام؟,ظفر
ظ,غلاف ورقي صغير يطوى بعناية ويوضع داخله الخطاب أو الرسالة والأسرار لإرساله بالبريد؟,ظرف
ظ,الشعور القاسي والشديد بالحاجة لشرب الماء فوراً وجفاف الحلق بعد العطش الطويل ويسمى؟,ظمأ
ظ,حدث فلكي أو مناخي غير معتاد يثير الدهشة ككسوف الشمس أو قوس قزح ويسمى في العلوم؟,ظاهرة
ع,الخليفة الراشدي الثاني والعادل الذي لُقب بالفاروق لأنه يفرق بين الحق والباطل بقوة؟,عمر بن الخطاب
ع,الخليفة الراشدي الثالث والحيي الذي جمع القرآن في مصحف واحد وتزوج ابنتي رسول الله؟,عثمان بن عفان
ع,ابن عم الرسول وأول من أسلم من الصبيان ورابع الخلفاء الراشدين وبطل معركة خيبر؟,علي بن أبي طالب
ع,الجبل المقدس الذي يقف عليه الحجاج في التاسع من ذي الحجة ويعتبر الركن الأعظم في الحج؟,عرفات
ع,دولة عربية عريقة جغرافياً يمر بها نهرا دجلة والفرات العظيمان وعاصمتها التاريخية بغداد؟,عراق
ع,حشرة مفصلية بارعة تبني شباكاً حريرية هندسية لاصطياد فرائسها وضرب بها المثل في القرآن؟,عنكبوت
ع,عضو الإبصار والرؤية الدقيق في جسم الإنسان والحيوان والذي ينقل الصور كالكاميرا للدماغ؟,عين
ع,سائل حلو المذاق ومفيد جداً وفيه شفاء للناس تنتجه النحلة المجتهدة من رحيق الأزهار؟,عسل
ع,طائر صغير الحجم ومسالم يغرد بصوت جميل في الصباح ويبني عشه المتقن على أغصان الأشجار؟,عصفور
ع,المدينة الرئيسية والأهم في كل دولة والتي تعتبر مقراً للحكومة والوزارات والسفارات الأجنبية تسمى؟,عاصمة
غ,المكان المنحوت في أعلى الجبل الذي كان يتعبد ويختلي فيه النبي صلى الله عليه وسلم قبل البعثة؟,غار
غ,الاسم والمصطلح الإسلامي الذي يطلق على المعارك الكبرى التي قادها وشارك فيها النبي بنفسه؟,غزوة
غ,الطهارة الكبرى والمشروعة في الإسلام والتي تتطلب تعميم وغسل جميع البدن بالماء الطاهر؟,غسل
غ,المال والأمتعة والأسلحة التي يأخذها المسلمون من معسكر الأعداء كغنائم بعد الانتصار في المعركة تسمى؟,غنيمة
غ,مساحة جغرافية شاسعة مليئة بالأشجار الكثيفة جداً والحيوانات البرية المتنوعة وتعتبر رئة الأرض؟,غابة
غ,طائر أسود اللون ذكي جداً ارتبط في بعض الثقافات بالتشاؤم وهو من علم الإنسان كيف يدفن موتاه؟,غراب
غ,حالة المادة المنعقدة التي ليس لها شكل أو حجم ثابت وتنتشر في الهواء بسرعة كالأكسجين والدخان؟,غاز
غ,مركبة بحرية عسكرية وسرية مصممة للغوص والعمل تحت سطح الماء لأشهر طويلة دون أن تكتشف؟,غواصة
غ,حيوان بري رشيق وجميل ذو عيون واسعة تغنى به الشعراء العرب كثيراً لسرعته وجماله الصارخ؟,غزال
غ,المساحة المغلقة بأربعة جدران داخل المنزل وتستخدم عادة للنوم أو الجلوس والاسترخاء الخاص؟,غرفة
ف,السورة العظيمة التي يجب قراءتها في كل ركعة من ركعات الصلاة ولا تصح الصلاة بدونها؟,فاتحة
ف,الصلاة المفروضة الأولى في بداية اليوم وتتكون من ركعتين وتؤدى قبل طلوع الشمس؟,فجر
ف,أرض ذات نخيل في شمال المدينة المنورة كانت خالصة لرسول الله صلى الله عليه وسلم واسمها؟,فدك
ف,العمل الذي أوجبه وفرضه الله على المسلمين كأداء الصلاة والصيام والحج ويسمى؟,فريضة
ف,المكان الشاسع المظلم والفارغ الذي لا صوت فيه وتسبح فيه الكواكب والمجرات بلا توقف؟,فضاء
ف,حيوان بري ضخم جداً يتميز بخرطوم طويل ومرن وأنياب من العاج الثمين وذاكرة لا تنسى أبداً؟,فيل
ف,دولة أوروبية كبرى وعريقة عاصمتها باريس وتشتهر عالمياً ببرج إيفل وصناعة العطور الفاخرة؟,فرنسا
ف,حشرة جميلة ورقيقة تتميز بأجنحتها الملونة الكبيرة وتتنقل برشاقة بين الأزهار لامتصاص الرحيق؟,فراشة
ف,مادة صلبة سوداء اللون تستخرج من باطن الأرض وتستخدم كوقود أساسي للتدفئة والشواء والصناعة؟,فحم
ف,حيوان مفترس منقط من فصيلة القطط الكبيرة يعتبر أسرع حيوان بري يركض على كوكب الأرض؟,فهد
ق,الكتاب السماوي المعجز والخاتم الذي نزل على النبي محمد صلى الله عليه وسلم بواسطة جبريل؟,قرآن
ق,الاتجاه المقدس والموحد الذي يولي المسلمون في كافة أنحاء الأرض وجوههم نحوه أثناء أداء الصلاة؟,قبلة
ق,الليلة العظيمة في العشر الأواخر من شهر رمضان التي نزل فيها القرآن والعمل فيها يفوق ألف شهر؟,قدر
ق,قبيلة النبي محمد صلى الله عليه وسلم العريقة والتي كانت تحكم وتدير مكة المكرمة ولها رحلتان بالعام؟,قريش
ق,الجرم السماوي المنير الذي يظهر في السماء ليلاً ويدور حول كوكب الأرض ويعكس نور الشمس لنا؟,قمر
ق,وسيلة نقل برية طويلة جداً تتكون من عربات متصلة ببعضها تسير بسرعة على سكة حديد مخصصة؟,قطار
ق,أداة أساسية وضرورية تستخدم للكتابة والتدوين بالحبر السائل أو الرصاص على الورق والوثائق؟,قلم
ق,مدينة عربية عريقة وتاريخية هي عاصمة مصر وتلقب بمدينة الألف مئذنة لانتشار المساجد فيها؟,قاهرة
ق,حيوان ذكي جداً ومشعر يتسلق الأشجار بمهارة عالية ويشتهر بتقليد حركات وتصرفات الإنسان؟,قرد
ق,العضو العضلي النابض بحجم قبضة اليد والذي يضخ الدم في جسم الإنسان بلا توقف حتى الموت؟,قلب
ك,البناء المكعب والمقدس في قلب مكة المكرمة والذي يطوف حوله المسلمون ويعتبر قبلتهم في الصلاة؟,كعبة
ك,السورة التي يُستحب قراءتها في يوم الجمعة كعصمة ونور وتحمي المسلم من فتنة المسيح الدجال؟,كهف
ك,نهر عظيم في الجنة ماؤه أبيض من اللبن أعطاه الله سبحانه وتعالى للنبي محمد صلى الله عليه وسلم؟,كوثر
ك,الذنب العظيم والمخرج من الملة المتمثل في عدم الإيمان بالله أو إنكار آياته وجحود نعمه العظيمة؟,كفر
ك,مجموعة أوراق مطبوعة ومجلدة بغلاف متين تحتوي على معلومات وعلوم وقصص موثقة للقراءة؟,كتاب
ك,حيوان يلقب بصديق الإنسان الوفي ويستخدم للحراسة ورعي الأغنام والكشف عن المتفجرات بذكاء؟,كلب
ك,العلم الواسع الذي يدرس خصائص وتفاعلات المواد والعناصر وتكوينها وتسمى مختبراته بمعمل الـ؟,كيمياء
ك,جهاز دقيق ومزود بعدسات بصرية يستخدم لالتقاط الصور الثابتة وتسجيل مقاطع الفيديو وتوثيق اللحظات؟,كاميرا
ك,جرم سماوي معتم وكروي يدور حول نجم مضيء مثل كوكب الأرض الذي يدور في مداره حول الشمس؟,كوكب
ك,جهاز إلكتروني متطور جداً يعالج ملايين البيانات ويستخدم للعمل والألعاب وتصفح شبكة الإنترنت؟,كمبيوتر
ل,النبي الذي أُرسل لقوم ظالمين كانوا يأتون الفواحش فأهلكهم الله بحجارة من سجيل منضود؟,لوط
ل,الحكيم الصالح الذي وردت وصاياه العظيمة لابنه في القرآن الكريم وسميت سورة كاملة باسمه؟,لقمان
ل,اللوح العظيم الذي كُتبت فيه مقادير الخلائق قبل خلق السموات والأرض بخمسين ألف سنة يسمى لوح؟,محفوظ
ل,الليلة المباركة التي نزل فيها القرآن الكريم وتتنزل فيها الملائكة وهي خير عند الله من ألف شهر؟,ليلة القدر
ل,مدينة عريقة هي عاصمة بريطانيا ويمر بها نهر التايمز وتشتهر بساعة بيغ بن الضخمة والمعروفة؟,لندن
ل,فاكهة حمضية صفراء اللون غنية جداً بفيتامين سي وتستخدم في العصائر وعلاج نزلات البرد والزكام؟,ليمون
ل,عضو عضلي وردي في الفم مسؤول بشكل أساسي عن حاسة التذوق ومخارج الكلام وتحريك الطعام للمضغ؟,لسان
ل,حجر كريم ثمين وناعم كروي الشكل أبيض أو وردي يستخرج بصعوبة من داخل المحار في قاع البحر؟,لؤلؤ
ل,الصفة البصرية التي تنعكس من الأشياء وتميزها العين المجردة مثل الأحمر والأزرق والأخضر والأصفر؟,لون
ل,شعاع ضوئي مركز جداً وشديد الحرارة والدقة يستخدم في العمليات الجراحية المعقدة لقرنية العين؟,ليزر
م,خاتم الأنبياء والرسل أجمعين والمبعوث رحمة للعالمين والذي أنزل عليه القرآن الكريم هدى للناس؟,محمد
م,المدينة المقدسة والأحب بقاع الأرض لله والتي يوجد بها المسجد الحرام والكعبة المشرفة وولد بها النبي؟,مكة
م,المدينة التي هاجر إليها النبي محمد صلى الله عليه وسلم وتضم مسجده وقبره الشريف وأسس فيها دولته؟,مدينة
م,المكان الطاهر المخصص لأداء الصلوات الخمس جماعة للمسلمين ويضم محراباً ومنبراً ومئذنة للنداء؟,مسجد
م,كوكب صخري في المجموعة الشمسية يسمى بالكوكب الأحمر لغبار سطحه ويعتبر الجار القريب لكوكب الأرض؟,مريخ
م,سائل شفاف لا لون له ولا طعم ولا رائحة وهو أساس الحياة لجميع الكائنات الحية وثلثي مساحة الأرض؟,ماء
م,مؤسسة ومبنى تعليمي يذهب إليه الطلاب يومياً لتلقي العلم والمعرفة والتربية على يد المعلمين المتخصصين؟,مدرسة
م,أداة معدنية صغيرة ومسننة الأطراف تستخدم لفتح الأقفال وإغلاق الأبواب وتشغيل محركات السيارات؟,مفتاح
م,دولة عربية وإفريقية عريقة جداً توجد بها الأهرامات الثلاثة ونهر النيل الخالد وعاصمتها القاهرة؟,مصر
م,مخلوقات نورانية وعظيمة لا يعصون الله ما أمرهم ويفعلون ما يؤمرون ولا يأكلون ولا يشربون وتسمى؟,ملائكة
ن,أول أولي العزم من الرسل وبنى سفينة خشبية ضخمة بأمر الله للنجاة بقومه والحيوانات من الطوفان؟,نوح
ن,حشرة صغيرة ومجتهدة ذُكرت في القرآن الكريم في قصة النبي سليمان وجيشه حينما حذرت بني جنسها؟,نملة
ن,الضوء الساطع الذي أشرق به الكون ويقابله الظلام وذُكر مع الظلمات في آيات القرآن الكريم ويسمى؟,نور
ن,الحالة التي يعيشها أهل الجنة من راحة وسعادة أبدية لا تنقطع ورضا من الله سبحانه وتعالى وتسمى الـ؟,نعيم
ن,نهر عظيم ومبارك هو الأطول في العالم ويمر بمصر وعدة دول إفريقية ويصب في مياه البحر المتوسط؟,نيل
ن,طائر جارح وضخم يتميز بمنقار معقوف ويعتبر رمزاً للقوة والشموخ في الشعارات العسكرية للدول؟,نسر
ن,جسم فلكي مضيء وملتهب في السماء البعيدة يشع حرارة وضوءاً كالشمس ويرشد التائهين ليلاً في الصحراء؟,نجم
ن,حيوان بري ومفترس من فصيلة القطط الكبيرة يتميز بجلده المخطط بالأصفر والأسود وقوته الهائلة؟,نمر
ن,الطاقة الحرارية والمضيئة الناتجة عن احتراق المواد بالهواء وتستخدم للتدفئة والطبخ والإنارة قديماً؟,نار
ن,شجرة مباركة وطويلة تنتج التمر والرطب وتتحمل حرارة الصحراء القاسية وتعتبر رمزاً للضيافة العربية؟,نخلة
هـ,النبي الذي أرسله الله إلى قوم عاد لهدايتهم ودعوتهم للتوحيد فكذبوه وعاندوه فأهلكهم الله بالريح؟,هود
هـ,الحدث التاريخي والإسلامي العظيم المتمثل في انتقال النبي وأصحابه من مكة إلى المدينة المنورة؟,هجرة
هـ,شقيق النبي موسى عليه السلام ووزيره الفصيح في دعوة فرعون وقومه لتوحيد الله وترك عبادة الأصنام؟,هارون
هـ,الطائر الجميل الذي كان غيابه وتأخره سبباً في اكتشاف النبي سليمان لمملكة سبأ وقومها المشركين؟,هدهد
هـ,زوجة النبي إبراهيم وأم النبي إسماعيل عليهما السلام التي سعت بين جبل الصفا والمروة بحثاً عن الماء؟,هاجر
هـ,جهاز تقني محمول أو ثابت ومزود بشاشة يستخدم للاتصال الصوتي وتصفح الإنترنت والتواصل في أي وقت؟,هاتف
هـ,بناء هندسي وتاريخي ضخم يأخذ شكلاً مثلثاً ومائلاً كعجائب الفراعنة في مصر ليكون قبراً لملوكهم العظام؟,هرم
هـ,الخليط الغازي الشفاف وغير المرئي الذي يحيط بالكرة الأرضية ونتنفسه لنعيش ويتكون معظمه من النيتروجين؟,هواء
هـ,العلم الدقيق الذي يهتم بتصميم وبناء الآلات والمباني العملاقة وتطبيق الرياضيات على أرض الواقع؟,هندسة
هـ,الطور الأول والمقوس من أطوار القمر عندما يظهر مضيئاً بشكل خفيف في السماء في بداية الشهر الهجري؟,هلال
و,الطهارة الصغرى وغسل الأعضاء المحددة بالماء بنية ونظام قبل أداء الصلوات المفروضة وقراءة القرآن؟,وضوء
و,صلاة مستحبة تؤدى بعد العشاء وتختم بها صلاة الليل وتكون ركعاتها فردية ركعة أو ثلاث ركعات فما فوق؟,وتر
و,الوقوف في أرض عرفة هو الركن الأعظم والأساسي في فريضة الحج وبدونه يبطل الحج فما هو هذا الفعل؟,وقوف
و,ما يتنزل به المَلَك جبريل على الأنبياء والرسل من كلام الله وتشريعاته الغيبية لتبليغها للناس يسمى؟,وحي
و,المنطقة المنخفضة والطويلة الممتدة بين جبلين أو تلال وتجري فيها مياه السيول والأنهار عادة وتسمى؟,وادي
و,العاصمة السياسية للولايات المتحدة الأمريكية والتي يقع فيها البيت الأبيض ومقر الحكومة والكونغرس؟,واشنطن
و,المقدار الزمني الذي يقاس بالساعات والدقائق والأيام وتنقضي به أعمارنا وأمرنا الإسلام باستغلاله؟,وقت
و,زهرة جميلة ورقيقة ذات رائحة عطرة وأشواك خفية تعتبر رمزاً عالمياً للحب والجمال والهدية المتبادلة؟,وردة
و,ما يوضع تحت الرأس والعنق عند النوم للراحة وتصنع عادة من القماش المحشو بالقطن الناعم أو الريش؟,وسادة
و,مادة رقيقة ومرنة تصنع من لب الأشجار المفروم وتستخدم للكتابة والطباعة وتغليف وتوثيق المعلومات؟,ورقة
ي,النبي الصابر الذي التقمه الحوت الكبير وبقي في بطنه المظلم يسبح الله ويستغفره حتى نجاه الله من الغم؟,يونس
ي,النبي الذي بشره الله بقدومه وسماه بهذا الاسم ولم يجعل له من قبل سمياً وكان باراً بوالديه التقيين؟,يحيى
ي,سورة عظيمة في القرآن الكريم تُقرأ أحياناً للبركة وتلقب بين المسلمين بأنها قلب القرآن الكريم؟,يس
ي,القوم المفسدون الذين حبسهم ذو القرنين خلف السد النحاسي المنيع هم قوم ... ومأجوج؟,يأجوج
ي,النبي الكريم والصابر الذي فقد بصره وابيضت عيناه من شدة الحزن والبكاء على فراق ابنه المحبب لقلبه؟,يعقوب
ي,دولة آسيوية متطورة جداً تسمى بلاد الشمس المشرقة وتشتهر بالتكنولوجيا المتقدمة وصناعة الأنمي؟,يابان
ي,حجر كريم صلب جداً وشفاف يتميز بلونه الأحمر الصافي والجميل ويستخدم في صناعة المجوهرات الفاخرة؟,ياقوت
ي,طرف من أطراف الإنسان العلوي ينتهي بالأصابع الخمسة ويستخدم للمسك والعمل والكتابة والمصافحة؟,يد
ي,زهرة بيضاء صغيرة ذات رائحة فواحة وعطرة جداً تشتهر بها العاصمة السورية دمشق وتستخرج منها العطور؟,ياسمين
ي,العملة النقدية والرسمية الموحدة لمعظم دول الاتحاد الأوروبي كفرنسا وإيطاليا وإسبانيا وتتحكم باقتصادهم؟,يورو
